publisher,journal,question_id,question_text,has_discrepancy,discrepancy_reason,final_answer,num_encoders,question_type,score
ACS,the_journal_of_organic_chemistry,rdp_exist,1. Existence of research data policy,False,,Research Data Policy (RDP) exists.,1,multiple_choice,1.0
ACS,the_journal_of_organic_chemistry,data_sharing,3. Data sharing requirements in RDP,False,,Data sharing encouraged but optional.,1,multiple_choice,0.0
ACS,the_journal_of_organic_chemistry,data_fair,4. FAIR data sharing (see https://www.go-fair.org/fair-principles/ for a definition of FAIR),False,,Public data sharing on a FAIR repository not mentioned in RDP.,1,multiple_choice,0.0
ACS,the_journal_of_organic_chemistry,data_availability,2. Data availability statement,False,,Mentioned in the RDP but optional.,1,multiple_choice,0.5
ACS,the_journal_of_organic_chemistry,data_citability,5. Citability and findability of data ,False,,No mention of DOIs or other persistent identifiers for datasets or codes.,1,multiple_choice,0.0
ACS,the_journal_of_organic_chemistry,data_timing,7. Timing of data release,False,,Required data must be available prior to official publication.,1,multiple_choice,0.75
ACS,the_journal_of_organic_chemistry,data_sharing_method,8. Recommended data sharing method,False,,Data sharing in supplementary material or hosting by journal recommended in RDP.,1,multiple_choice,0.6
ACS,the_journal_of_organic_chemistry,data_licenses,9. Recommended/required licenses,False,,No mention of data/code licenses in RDP.,1,multiple_choice,0.0
ACS,the_journal_of_organic_chemistry,data_referee,10. Referee guidelines concerning research data,False,,Data sharing policy not mentioned in refereeing guidelines.,1,multiple_choice,0.0
ACS,the_journal_of_organic_chemistry,data_recommended,"11. Unique policies for data types
Please name all data types for which unique policies are recommended according to the RDP (Please separate all data types be semicolon, e.g. crystal structures; Protein sequence)",False,,no text.,1,open,
ACS,the_journal_of_organic_chemistry,data_required,"12. Unique policies for data types
Please name all data types for which unique policies are required according to the RDP (Please separate all data types be semicolon, e.g. crystal structures; Protein sequence)",False,,crystal structures,1,open,
ACS,the_journal_of_organic_chemistry,code_required,13. Code sharing requirements,False,,Code sharing required.,1,multiple_choice,1.0
ACS,the_journal_of_organic_chemistry,code_reproducibility,14. Code Reproducibility,False,,Journal policies require stating all dependencies and their versions that were used to run computational experiments.,1,multiple_choice,0.5
ACS,the_journal_of_organic_chemistry,code_versioning,15. Versioning and persistent identifiers,False,,Journal policies encourage/recommend a persistent identifier or specifying a version of developed code.,1,multiple_choice,0.5
ACS,the_journal_of_organic_chemistry,code_quality,16. Code Quality Standards,False,,The journal policies do not mention any code quality standards.,1,multiple_choice,0.0
ACS,the_journal_of_organic_chemistry,code_autotest,17. Automatic Testing,False,,No mention of automatic testing to verify code functionality.,1,multiple_choice,0.0
ACS,the_journal_of_organic_chemistry,code_docs,18. Code Documentation,False,,No mention of standards for code documentation.,1,multiple_choice,0.0
ACS,the_journal_of_organic_chemistry,code_linting,19. Linting Standards,False,,No mention of linting standards for code.,1,multiple_choice,0.0
ACS,the_journal_of_organic_chemistry,code_development,20. Code Development,False,,No mention of standards for code development such as continuous integration.,1,multiple_choice,0.0
ACS,journal_of_the_american_society_for_mass_spectrometry,rdp_exist,1. Existence of research data policy,False,,Research Data Policy (RDP) exists.,2,multiple_choice,1.0
ACS,journal_of_the_american_society_for_mass_spectrometry,data_sharing,3. Data sharing requirements in RDP,False,,Data sharing encouraged but optional.,2,multiple_choice,0.0
ACS,journal_of_the_american_society_for_mass_spectrometry,data_fair,4. FAIR data sharing (see https://www.go-fair.org/fair-principles/ for a definition of FAIR),True,Text not found,Public data sharing on a FAIR repository encouraged.,2,multiple_choice,0.33
ACS,journal_of_the_american_society_for_mass_spectrometry,data_availability,2. Data availability statement,False,,Mentioned in the RDP but optional.,2,multiple_choice,0.5
ACS,journal_of_the_american_society_for_mass_spectrometry,data_citability,5. Citability and findability of data ,True,Text not found,DOIs or other persistent identifiers recommended for datasets or codes.,2,multiple_choice,0.5
ACS,journal_of_the_american_society_for_mass_spectrometry,data_timing,7. Timing of data release,True,Language understanding,Required data must be available after official publication.,2,multiple_choice,0.5
ACS,journal_of_the_american_society_for_mass_spectrometry,data_sharing_method,8. Recommended data sharing method,True,Text not found,Multiple data sharing methods equally recommended in RDP.,2,multiple_choice,0.4
ACS,journal_of_the_american_society_for_mass_spectrometry,data_licenses,9. Recommended/required licenses,True,Text not found,Explicit mention of a certain license/license type in RDP.,2,multiple_choice,
ACS,journal_of_the_american_society_for_mass_spectrometry,data_referee,10. Referee guidelines concerning research data,False,,Data sharing policy not mentioned in refereeing guidelines.,2,multiple_choice,0.0
ACS,journal_of_the_american_society_for_mass_spectrometry,data_recommended,"11. Unique policies for data types
Please name all data types for which unique policies are recommended according to the RDP (Please separate all data types be semicolon, e.g. crystal structures; Protein sequence)",True,Text not found,"The Use of High Resolution Mass Spectral Data for Formula Confirmation: For publication of exact- mass data that are used to confirm identities of synthetic and natural products, report the uncertainty in the accurate-mass measurement used for formula verification along with the result. The acceptable uncertainty in a measurement by any analytical method must be adequate for the intended use of the data.

Evaluate the uncertainty of accurate mass measurement by any statistically valid method. Determine, for example, the precision and accuracy of replicate measurements or evaluate the performance characteristics of the mass spectrometer (see, for example, Sack, T. M., Lapp, R. L., Gross, M. L., and Kimble, B. J. Int. J. Mass Spectrom. Ion Proc. 1984, 61, 191-213).

Consider all candidates fitting the experimentally determined value and its reported uncertainty when the result of accurate mass measurement is used for formula confirmation. Do not set fixed acceptable error limits for exact mass measurement. Consider the following when using accurate mass data.

When valence rules and candidate compositions encompassing C0-100, H3-74, O0-4, and N0-4 are considered at nominal parent m/z of 118, there are no candidate formulae within 34 ppm of each other. When the ion is of m/z 750.4 and the formulae are in the range C0-100, H25-110, O0-15, and N0-15, there are 626 candidate formulae that are possible within 5 ppm. Thus, for a measurement at m/z 118, an error of only 34 ppm uniquely defines a particular formula, whereas at m/z 750, an error (and precision) of 0.018 ppm would be required to eliminate all extraneous possibilities.",2,open,
ACS,journal_of_the_american_society_for_mass_spectrometry,data_required,"12. Unique policies for data types
Please name all data types for which unique policies are required according to the RDP (Please separate all data types be semicolon, e.g. crystal structures; Protein sequence)",True,Formatting,na,2,open,
ACS,journal_of_the_american_society_for_mass_spectrometry,code_required,13. Code sharing requirements,False,,Code sharing not mentioned.,2,multiple_choice,0.0
ACS,journal_of_the_american_society_for_mass_spectrometry,code_reproducibility,14. Code Reproducibility,False,,No mention of dependencies for research code.,2,multiple_choice,0.0
ACS,journal_of_the_american_society_for_mass_spectrometry,code_versioning,15. Versioning and persistent identifiers,False,,No mention of a persistent identifier or specifying a version of developed code.,2,multiple_choice,0.0
ACS,journal_of_the_american_society_for_mass_spectrometry,code_quality,16. Code Quality Standards,False,,The journal policies do not mention any code quality standards.,2,multiple_choice,0.0
ACS,journal_of_the_american_society_for_mass_spectrometry,code_autotest,17. Automatic Testing,False,,No mention of automatic testing to verify code functionality.,2,multiple_choice,0.0
ACS,journal_of_the_american_society_for_mass_spectrometry,code_docs,18. Code Documentation,False,,No mention of standards for code documentation.,2,multiple_choice,0.0
ACS,journal_of_the_american_society_for_mass_spectrometry,code_linting,19. Linting Standards,False,,No mention of linting standards for code.,2,multiple_choice,0.0
ACS,journal_of_the_american_society_for_mass_spectrometry,code_development,20. Code Development,False,,No mention of standards for code development such as continuous integration.,2,multiple_choice,0.0
ACS,acs_omega,rdp_exist,1. Existence of research data policy,False,,Research Data Policy (RDP) exists.,2,multiple_choice,1.0
ACS,acs_omega,data_sharing,3. Data sharing requirements in RDP,True,Text not found,Data sharing encouraged but optional.,2,multiple_choice,0.0
ACS,acs_omega,data_fair,4. FAIR data sharing (see https://www.go-fair.org/fair-principles/ for a definition of FAIR),True,Text not found,Public data sharing on a FAIR repository encouraged.,2,multiple_choice,0.33
ACS,acs_omega,data_availability,2. Data availability statement,False,,Mentioned in the RDP but optional.,2,multiple_choice,0.5
ACS,acs_omega,data_citability,5. Citability and findability of data ,True,Text not found,DOIs or other persistent identifiers recommended for datasets or codes.,2,multiple_choice,0.5
ACS,acs_omega,data_timing,7. Timing of data release,True,Text not found,Required data must be available prior to review process.,2,multiple_choice,1.0
ACS,acs_omega,data_sharing_method,8. Recommended data sharing method,True,Language understanding,Multiple data sharing methods equally recommended in RDP.,2,multiple_choice,0.4
ACS,acs_omega,data_licenses,9. Recommended/required licenses,False,,No mention of data/code licenses in RDP.,2,multiple_choice,0.0
ACS,acs_omega,data_referee,10. Referee guidelines concerning research data,False,,Data sharing policy not mentioned in refereeing guidelines.,2,multiple_choice,0.0
ACS,acs_omega,data_recommended,"11. Unique policies for data types
Please name all data types for which unique policies are recommended according to the RDP (Please separate all data types be semicolon, e.g. crystal structures; Protein sequence)",True,Formatting,no text.,2,open,
ACS,acs_omega,data_required,"12. Unique policies for data types
Please name all data types for which unique policies are required according to the RDP (Please separate all data types be semicolon, e.g. crystal structures; Protein sequence)",True,Formatting,no text.,2,open,
ACS,acs_omega,code_required,13. Code sharing requirements,False,,Code sharing not mentioned.,2,multiple_choice,0.0
ACS,acs_omega,code_reproducibility,14. Code Reproducibility,False,,No mention of dependencies for research code.,2,multiple_choice,0.0
ACS,acs_omega,code_versioning,15. Versioning and persistent identifiers,False,,No mention of a persistent identifier or specifying a version of developed code.,2,multiple_choice,0.0
ACS,acs_omega,code_quality,16. Code Quality Standards,False,,The journal policies do not mention any code quality standards.,2,multiple_choice,0.0
ACS,acs_omega,code_autotest,17. Automatic Testing,False,,No mention of automatic testing to verify code functionality.,2,multiple_choice,0.0
ACS,acs_omega,code_docs,18. Code Documentation,False,,No mention of standards for code documentation.,2,multiple_choice,0.0
ACS,acs_omega,code_linting,19. Linting Standards,False,,No mention of linting standards for code.,2,multiple_choice,0.0
ACS,acs_omega,code_development,20. Code Development,False,,No mention of standards for code development such as continuous integration.,2,multiple_choice,0.0
ACS,jacs,rdp_exist,1. Existence of research data policy,False,,Research Data Policy (RDP) exists.,2,multiple_choice,1.0
ACS,jacs,data_sharing,3. Data sharing requirements in RDP,False,,Data sharing encouraged but optional.,2,multiple_choice,0.0
ACS,jacs,data_fair,4. FAIR data sharing (see https://www.go-fair.org/fair-principles/ for a definition of FAIR),False,,Public data sharing on a FAIR repository encouraged.,2,multiple_choice,0.33
ACS,jacs,data_availability,2. Data availability statement,False,,Mentioned in the RDP but optional.,2,multiple_choice,0.5
ACS,jacs,data_citability,5. Citability and findability of data ,True,Text not found,DOIs or other persistent identifiers recommended for datasets or codes.,2,multiple_choice,0.5
ACS,jacs,data_timing,7. Timing of data release,True,Language understanding,Required data must be available after an embargo period.,2,multiple_choice,0.25
ACS,jacs,data_sharing_method,8. Recommended data sharing method,True,Text not found,Public online repositories recommended in RDP.,2,multiple_choice,0.8
ACS,jacs,data_licenses,9. Recommended/required licenses,True,Text not found,Explicit mention of a certain license/license type in RDP.,2,multiple_choice,
ACS,jacs,data_referee,10. Referee guidelines concerning research data,False,,Data sharing policy not mentioned in refereeing guidelines.,2,multiple_choice,0.0
ACS,jacs,data_recommended,"11. Unique policies for data types
Please name all data types for which unique policies are recommended according to the RDP (Please separate all data types be semicolon, e.g. crystal structures; Protein sequence)",True,Text not found,Characterization of New Substances ; Guidelines for Characterization of Organometallic and Inorganic Compounds ; Characterization Data (a) Routine Compounds ; (b) Novel or Unexpected Compounds ; (c) Solid State Materials ; (d) Compounds that have not been isolated ; Guidelines for Characterization of Organic Compounds ; Spectra ; Kinetic and Equilibrium Data ; Reporting and Stewardship of NMR ; Data Nuclear Magnetic Resonance Pulse Sequences ; Structural and Chemical Shift Data for Proteins and Nucleic Acids ; Single Crystal Diffraction Data ; CIF Submission Instructions ; Powder Diffraction Data ; Magnetic Measurements ; Computations ,2,open,
ACS,jacs,data_required,"12. Unique policies for data types
Please name all data types for which unique policies are required according to the RDP (Please separate all data types be semicolon, e.g. crystal structures; Protein sequence)",True,Text not found,"Data Requirements
Characterization of New Substances. Adequate evidence to firmly establish both identity and purity should be provided. Recommended criteria vary according to substance categories. A summary of the detailed criteria may be found below.

Guidelines for Characterization of Organometallic and Inorganic Compounds
Authors are required to provide sufficient information (as described in more detail below) to establish the identity of a new compound, its purity, and its yield. Sufficient experimental details must also be included to allow another researcher to reproduce the synthesis. Characterization data and experimental details must be included in either the paper or the Supporting Information. It must be emphasized that the following is only a general guideline and authors are encouraged to present as much data as possible to support their structure assignments. In some cases, a reviewer or Editor may require authors to submit additional data to satisfy themselves of the validity of a proposed formulation.

Characterization Data

(a) Routine Compounds

Compounds in this category are those that have either literature precedents or are obtained by a logical synthesis in close to quantitative yield. Because of potential misidentification of atoms, an X-ray diffraction structure alone will not typically be considered to provide sufficient characterization for these molecules. Diamagnetic compounds must also be characterized by NMR spectroscopy, preferably for at least two different nuclei. In addition, at least one other characterization technique must be used to support the proposed formulation. Preferably, this would be a technique that provides definitive identification of a key functional group or chromophore. For example, IR spectroscopy may be used to support the presence of carbonyl, acyl, dinitrogen, carbonyl, and hydride moieties.

Paramagnetic compounds of this category present a further complication if NMR spectroscopy does not furnish clear evidence for the proposed formulation (note that NMR spectroscopy of paramagnetic complexes can be useful if sufficiently large sweep widths are used). In many cases, X-ray diffraction may provide the most unambiguous characterization of such complexes, but this will not suffice as the only means of characterization. In the absence of an X-ray structure determination, evidence for elemental constitution must be provided by elemental analysis (e.g., combustion analysis, microprobe analysis), or mass spectrometry. Magnetic moment and/or ESR spectroscopic data should also be given for paramagnetic compounds if it is considered that the spin state of the molecule is of especial interest.

(b) Novel or Unexpected Compounds

Compounds in this category are those that either (i) exhibit an unprecedented type of structure, or (ii) are obtained by unexpected reaction. Such compounds require more detailed characterization to ensure their validity. In select instances, a variety of definitive spectroscopic techniques may provide sufficient characterization (for example, if many of the nuclei are NMR active), but in the majority of cases evidence for elemental constitution must be provided by either elemental analysis (e.g. combustion analysis, microprobe analysis), or mass spectrometry. While an X-ray diffraction structure is not considered definitive proof of elemental composition, it is acceptable evidence for composition providing that the results of other physical methods concerning the characterization are conclusive.

(c) Solid State Materials

Compounds in this category are those that have no existence in solution. While X-ray diffraction may provide the most unambiguous characterization of such compounds, evidence for elemental constitution and homogeneity needs to be presented. Atom ratios as determined by, for example, microprobe analysis of selected elements may be sufficient for this purpose

(d) Compounds that have not been isolated

Compounds that have not been isolated in pure form (e.g. reaction intermediates or intractable mixtures, or unstable species) may be published. However, in these circumstances, an explicit statement must be given indicating that the compounds have not been isolated. Only in exceptional circumstances will a paper be published in which none of the new compounds reported has been isolated and fully characterized.

Purity and Yield

The yield and purity of all compounds must be reported, including the methods used to determine them. The yield of a compound obtained in an NMR tube reaction should be determined using an internal standard.

Guidelines for Characterization of Organic Compounds
Sample Quality

For new substances, evidence of the homogeneity the purified sample should be included. Elemental analysis is sufficient. If no analysis was performed, then other evidence (for example, 1H NMR, 13C NMR, hplc, glpc, gel electrophoresis, etc.) should be included as figures in the Supporting Information.

Molecular Weight

Evidence of molecular weight should be provided, especially if elemental analysis was not performed. Low resolution MS data under conditions that minimize fragmentation are acceptable. If there is a specific need to distinguish alternative formulas with the same molecular mass (within one amu), then HRMS data are necessary.

Miscellaneous

Numerical listings of characteristic spectroscopic data should be included to support assigned structures, changes in functionality, unusual chromophores, properties, etc. Methods of purification used to prepare samples for characterization should be described. For crystalline samples, information about the method of crystallization should be included (solvents; mp; etc.). For non-racemic, chiral substances, data to allow correlation of absolute configuration should be given, preferably including [α]D values. If correlation data are provided based on hplc or glpc methods, then retention times for both enantiomers must be provided, together with solvent and flow rate information, and identification of the chiral support.

Intermediates on Solid Phase; Combinatorial Chemistry

Validation of methods and characterization of new substances in a statistically significant sampling should be provided. Resin-bound intermediates need not be characterized if acceptable end product quality (as defined in A-C above) is demonstrated.

Spectra. Reproductions of spectra, or the relevant segments thereof, will be published only if concise numerical summaries are inadequate for the purposes of the paper. Papers dealing primarily with interpretation of spectra and those in which band shape or fine structure needs to be illustrated may be published with such spectra included. Spectra will not be published merely as adjuncts to the characterization of compounds, however. See ‘Supporting Information’ below. Routine infrared, electronic, NMR, and mass spectra of new compounds should be numerically summarized, as appropriate, in the Experimental Section of an Article or in the Supporting Information of a Communication.

Kinetic and Equilibrium Data. For publication in the Journal of the American Chemical Society, the reporting of kinetic data and equilibrium binding data for proteins, nucleic acids, and other species should preferably include a description of the identity of the catalyst or binding molecule, its origin, purity of composition, and any modifications such as mutations, post-translational modifications, or other modifications made to facilitate expression and purification. The method of assay and the exact experimental conditions of the assay should be provided as a reference to previous work, with or without modifications, or fully described if a new assay. Conditions essential to reproduce the results such as the temperature, pH, and pressure (if other than atmospheric) of the assay should be included. Terms such as “not detectable” (ND) should be avoided. Instead, an estimate of the limit of detection based on the sensitivity and error analysis of the assay should be provided. Authors are referred to the STRENDA (Standards for Reporting Enzymology Data) Commission of the Beilstein Institut (http://www.beilstein-institut.de/en/projects/strenda/guidelines) for an example of detailed guidelines.

Reporting and Stewardship of NMR Data. New guidelines recommend a standard baseline for the submission of NMR data to ACS journals. They are intended to promote accuracy and consistency. The guidelines are divided into three sections: NMR text, which outlines the preferred format for NMR data included in the Experimental Section; NMR spectra, which outlines the preferred format for inclusion of hard copies of spectra in the Supporting Information; and primary NMR data files, which outlines the procedure for submitting FID files, acquisition data, and processing parameters to include in the Supporting Information. Authors are strongly encouraged to provide all three sets of data for all new and/or key compounds described in a manuscript submission.

In the Experimental Section, the compound must be clearly identified, for example in a header at the beginning of the synthetic procedure or the summary of spectroscopic data. List the nucleus being measured, any nucleus being broad-band decoupled, the solvent used (formula preferred, e.g. C6D6 over benzene-d6), the standard used, and the field strength. Field strength should be noted for each spectrum, not as a comment in the general Experimental Section. The standard(s) may be specified in the general Experimental Section; as an example, 1H NMR data recorded in C6D6 listed as “residual internal C6D5H (δ 7.15)”. Indicate solvent or peak suppression protocols used in collecting data. List the probe temperature when it is accurately known; ambient probe temperature is otherwise understood. Give 1H NMR chemical shifts to two digits after the decimal point. Include the number of protons represented by the signal, peak multiplicity, and coupling constants as needed (J italicized, reported with up to one digit after the decimal). The number of bonds through which the coupling is operative, xJ, may be specified by the author if known with a high degree of certainty. Accepted abbreviations for multiplicities and descriptors are s = singlet, d = doublet, t = triplet, q = quartet, quint = quintet, m = multiplet (denotes complex pattern), dd = doublet of doublets, dt = doublet of triplets, td = triplet of doublets, and br = broad signal.

Chemical shifts should be listed consistently in a single article, starting either from downfield to upfield or vice-versa. Assign peak identities under the following circumstances: non-decoupled or equivalent spectra have been collected (13C, 31P, etc.); 2-D experiments have been performed; or unambiguous assignment is possible without additional experiments, such as in the case of an organometallic metal-hydride 1H signal, PF6 vs MPPh3 31P signal, etc. Give 13C chemical shifts to one digit after the decimal point, unless an additional digit will help distinguish overlapping peaks. Include peak multiplicities for 1H-coupled 13C NMR spectra or for signals in 1H-decoupled spectra that are coupled to other magnetically active nuclei. A 13C NMR signal will be considered a singlet if the multiplicity is not assigned. Only rarely is a true multiplet observed in a 13C{1H} NMR spectrum. However, a certain region may contain a group of unresolved peaks or signals. Mention of unobserved resonances is encouraged.

Submission of spectra (.doc, .docx, .txt, .pdf, .tif) is strongly recommended for all new and/or key compounds, following these guidelines:

A caption should be included on the spectrum, noting the nucleus being measured, the solvent (formula preferred, e.g. C6D6 over benzene-d6) and the field strength.
A representation of the compound should be included on the spectrum—please use ChemDraw or a related program. The compound identifier used in the manuscript should be included.
The largest peak in the 1H NMR spectrum should normally arise from the compound, not the solvent.
All peaks in the 1H NMR spectrum should be integrated. Chemical shift values should be included.
The solvent peak should be clearly labeled on the spectrum.
All peaks should be visible on the spectrum. Insets are encouraged to show expanded regions. At minimum, the spectral window should be ‒1 ppm to 9 ppm for 1H NMR and ‒10 ppm to 180 ppm for 13C NMR.
Font should be clear and large enough to read (minimum of 10 point). Horizontal orientation is preferred for spectra.
Submission of primary NMR data files (FID files, acquisition data, processing parameters) is encouraged for all new and/or key compounds. When submitting these files, please consider the following guidelines:

One folder should be created for each compound. The folder should be named clearly, using the compound name (if available) and compound identifier, as referenced in the Experimental Section or Supporting Information. Include the FID files, acquisition data, and processing parameters for each experiment.
Name each spectrum according to the type of nucleus measured. 1H, 13C, DEPT, COSY, etc. NMR files should be compressed into zip files—please use multiple zip files if necessary. Files must be submitted in their native format. In a text document, include the name of the manufacturer of the spectrometer used to collect the data, the acquisition software and processing programs used to analyze the data, and the field strength used to measure each nucleus (i.e., 300 MHz 1H or 50 MHz 13C). Include a structure file that shows the structure and compound identifier for each provided dataset. MolFile is the recommended format and is strongly preferred.
Nuclear Magnetic Resonance Pulse Sequences. For manuscripts that present new NMR pulse sequences, authors are requested to supply as “Supporting Information for Publication” a file that includes the original working pulse sequence information required to record data. This will typically include the pulse sequence code, parameter set, and other associated files, such as tables of gradient or pulse shapes.

Structural and Chemical Shift Data for Proteins and Nucleic Acids. Any set of atomic coordinates referred to in the manuscript, including atomic coordinates and structure factors for proteins determined by X-ray crystallography and coordinates determined by NMR, should be deposited with the Protein Data Bank, Research Collaboratory for Structural Bioinformatics at Rutgers University whenever appropriate. (Theoretical model depositions are no longer accepted for inclusion in the PDB archive.) If the coordinate files are not deposited in the PDB, or if the PDB files are on hold until publication, then the coordinate files must be included in the Supporting Information submitted concurrently with the manuscript. Requirements are similar for structures of nucleic acids, which should be deposited with the Nucleic Acid Database. A manuscript that does not provide coordinates at the time of submission will not be sent out for review. It is the responsibility of the author to obtain a file name (PDB ID or NDB ID) for the molecule; the file name must appear in the published manuscript. If a file name has not yet been obtained upon acceptance of a paper, it must be added in proof. Atomic coordinates and structure factors for all structures mentioned must be available immediately upon publication of the paper, either directly in the Supporting Information or as a data bank deposition. Similar requirements also apply to any chemical shifts referred to in the paper, whether they are only for assignment of resonances or used for any form of structure calculation. Those chemical shifts must be available to the reviewer at time of submission, either as an available entry in the Biological Magnetic Resonance Data Bank or included directly as Supporting Information.

Single Crystal Diffraction Data. Manuscripts reporting the determination of one or more structures by X-ray diffraction must adhere to the following requirements:

Abstract. The abstract may summarize geometric features of unusual interest but should not contain unit cell parameters.

Main Body of Manuscript. Tables of essential interatomic distances and angles are not required but may be submitted (metric information for standard structural components should not be included).

For structures with anisotropically refined atoms, a figure displaying the thermal ellipsoids should ordinarily be presented; a spherical-atom representation may be substituted if necessary for clarity. If a spherical atom view is chosen for the manuscript, a thermal ellipsoid figure should be included in the Supporting Information. In cases where intermolecular interactions are relevant to the discussion, a view of the unit cell may be included.

An Article should list for each structure the formula, formula weight, crystal system, space group, color of crystal, unit cell parameters, temperature of data collection, and values of Z, R, and GOF; a brief description of data collection and solution and refinement of the structure should be placed in the Experimental Section. Tables of atom coordinates and thermal parameters will not be printed.

Structure factors (except for proteins and nucleic acids) should not be submitted as Supporting Information. However, one printed table of structure factors should be retained in case it is requested by the Editor for review purposes only.

CIF Submission Instructions:
All Crystallographic Information Files (CIFs), structure factor tables, and CheckCIF reports must be submitted to the Cambridge Crystallographic Data Centre (CCDC) prior to manuscript submission. See Requirements for Depositing X-Ray Crystallographic Data [PDF] for complete details on submission of CIFs and a list of file types accommodated by CCDC.

Before being submitted to CCDC, CIFs should be checked using the free checkCIF data-validation utility on the CIF Validation site.
Any reported syntax errors should be corrected. Authors are required to correct/defend/or respond to any A-level alerts. Comments may be inserted into the CIF file using a Validation Response Form or uploaded as a separate document as Supporting Information for Review Only.
checkCIF output files (combined into one PDF file) should be uploaded at submission as Supporting Information for Review Only.
Any subsequent revisions to the CIFs or structure factor tables should be deposited directly with the CCDC before resubmitting the manuscript in ACS Paragon Plus.
Powder Diffraction Data. The presentation of X-ray powder diffraction data for new materials or for materials previously uncharacterized by this technique is encouraged. Data from X-ray powder measurements should be accompanied by details of the experimental technique: source of X-rays, the radiation, its wavelength, filters or monochromators, camera diameter, the type of X-ray recording, and the technique for measuring intensities. In cases of unindexed listing of the data, the d spacings of all observed lines should be listed in sequence, together with their relative intensities. In cases where filtered radiation is used, every effort should be made to identify residual β lines. Where resolution into α1-α2 doublets occurs, the identification of the d spacing for each line as dα1, dα2 gives a measure of the quality of the diffraction pattern. When an indexing of the data is offered, the observed and calculated 1/d2 values should be listed along with the observed relative intensities (it is superfluous to give d spacings in this instance). All calculated 1/d2 values should be listed (exclusive of systematic absences), to the limit of the data quoted. If possible, the crystal system should be specified. Possible space groups may also be listed if the data warrant it. Relevant information about the specimen used should be included.

Magnetic Measurements. Fits of magnetic data [χ(T), χ-1(T), χT(T), μ(T), M(H), etc.] to an analytical expression must include both the Hamiltonian from which the analytical expression is derived and the final analytical expression and fitting parameters. When the value of an exchange coupling constant, J, is given in the abstract, the form of the Hamiltonian must also be included. The expressions may be included in the manuscript or, if long and complex, as Supporting Information; if the latter method is used, it should be noted in the Supporting Information paragraph at the end of the manuscript. In addition, how the sample was measured (in a gelatin capsule, Teflon capsule, etc.) and the diamagnetic correction for the sample holder, as well as the diamagnetic correction for the material, must be provided and the manner in which it was calculated (Pascal’s constants) or measured must be stated.

Computations. When computational results are an essential part of a manuscript, sufficient detail must be given, either within the paper or in the Supporting Information, to enable readers to reproduce the calculations. This includes data such as force field parameters and equations defining the model (or references to where such material is available in the open literature). If the software used for calculations is generally available, it must be properly cited in the References and Footnotes. References to the methods upon which the software is based must also be provided. Results obtained from methods or parameters that are not adequately described in the manuscript or in the literature are not acceptable for publication. Authors who report the results of electronic structure calculations are requested to provide as Supporting Information the geometries (either as Cartesian coordinates or Z matrices) of all the stationary points whose relative energies are given in the manuscript. The absolute energies in hartrees that are computed at these geometries should not be given in the manuscript but should be included in the Supporting Information. Where applicable, the number of imaginary frequencies should be reported to identify stable structures and transition states.",2,open,
ACS,jacs,code_required,13. Code sharing requirements,False,,Code sharing not mentioned.,2,multiple_choice,0.0
ACS,jacs,code_reproducibility,14. Code Reproducibility,False,,No mention of dependencies for research code.,2,multiple_choice,0.0
ACS,jacs,code_versioning,15. Versioning and persistent identifiers,False,,No mention of a persistent identifier or specifying a version of developed code.,2,multiple_choice,0.0
ACS,jacs,code_quality,16. Code Quality Standards,False,,The journal policies do not mention any code quality standards.,2,multiple_choice,0.0
ACS,jacs,code_autotest,17. Automatic Testing,False,,No mention of automatic testing to verify code functionality.,2,multiple_choice,0.0
ACS,jacs,code_docs,18. Code Documentation,False,,No mention of standards for code documentation.,2,multiple_choice,0.0
ACS,jacs,code_linting,19. Linting Standards,False,,No mention of linting standards for code.,2,multiple_choice,0.0
ACS,jacs,code_development,20. Code Development,False,,No mention of standards for code development such as continuous integration.,2,multiple_choice,0.0
ACS,chemrxiv,rdp_exist,1. Existence of research data policy,False,,Research Data Policy (RDP) does not exists.,1,multiple_choice,
ACS,chemrxiv,data_sharing,3. Data sharing requirements in RDP,False,,Data sharing encouraged but optional.,1,multiple_choice,0.0
ACS,chemrxiv,data_fair,4. FAIR data sharing (see https://www.go-fair.org/fair-principles/ for a definition of FAIR),False,,Public data sharing on a FAIR repository encouraged.,1,multiple_choice,0.33
ACS,chemrxiv,data_availability,2. Data availability statement,False,,Mentioned in the RDP but optional.,1,multiple_choice,0.5
ACS,chemrxiv,data_citability,5. Citability and findability of data ,False,,DOIs or other persistent identifiers recommended for datasets or codes.,1,multiple_choice,0.5
ACS,chemrxiv,data_timing,7. Timing of data release,False,,Timing of data availability not adressed in RDP.,1,multiple_choice,
ACS,chemrxiv,data_sharing_method,8. Recommended data sharing method,False,,Public online repositories recommended in RDP.,1,multiple_choice,0.8
ACS,chemrxiv,data_licenses,9. Recommended/required licenses,False,,No mention of data/code licenses in RDP.,1,multiple_choice,0.0
ACS,chemrxiv,data_referee,10. Referee guidelines concerning research data,False,,Data sharing policy not mentioned in refereeing guidelines.,1,multiple_choice,0.0
ACS,chemrxiv,data_recommended,"11. Unique policies for data types
Please name all data types for which unique policies are recommended according to the RDP (Please separate all data types be semicolon, e.g. crystal structures; Protein sequence)",False,,no text,1,open,
ACS,chemrxiv,data_required,"12. Unique policies for data types
Please name all data types for which unique policies are required according to the RDP (Please separate all data types be semicolon, e.g. crystal structures; Protein sequence)",False,,no text,1,open,
ACS,chemrxiv,code_required,13. Code sharing requirements,False,,Code sharing not mentioned.,1,multiple_choice,0.0
ACS,chemrxiv,code_reproducibility,14. Code Reproducibility,False,,No mention of dependencies for research code.,1,multiple_choice,0.0
ACS,chemrxiv,code_versioning,15. Versioning and persistent identifiers,False,,No mention of a persistent identifier or specifying a version of developed code.,1,multiple_choice,0.0
ACS,chemrxiv,code_quality,16. Code Quality Standards,False,,The journal policies do not mention any code quality standards.,1,multiple_choice,0.0
ACS,chemrxiv,code_autotest,17. Automatic Testing,False,,No mention of automatic testing to verify code functionality.,1,multiple_choice,0.0
ACS,chemrxiv,code_docs,18. Code Documentation,False,,No mention of standards for code documentation.,1,multiple_choice,0.0
ACS,chemrxiv,code_linting,19. Linting Standards,False,,No mention of linting standards for code.,1,multiple_choice,0.0
ACS,chemrxiv,code_development,20. Code Development,False,,No mention of standards for code development such as continuous integration.,1,multiple_choice,0.0
ACS,applied_materials_and_interfaces,rdp_exist,1. Existence of research data policy,False,,Research Data Policy (RDP) exists.,2,multiple_choice,1.0
ACS,applied_materials_and_interfaces,data_sharing,3. Data sharing requirements in RDP,False,,Data sharing encouraged but optional.,2,multiple_choice,0.0
ACS,applied_materials_and_interfaces,data_fair,4. FAIR data sharing (see https://www.go-fair.org/fair-principles/ for a definition of FAIR),True,Text not found,Public data sharing on a FAIR repository encouraged.,2,multiple_choice,0.33
ACS,applied_materials_and_interfaces,data_availability,2. Data availability statement,False,,Mentioned in the RDP but optional.,2,multiple_choice,0.5
ACS,applied_materials_and_interfaces,data_citability,5. Citability and findability of data ,True,Text not found,DOIs or other persistent identifiers recommended for datasets or codes.,2,multiple_choice,0.5
ACS,applied_materials_and_interfaces,data_timing,7. Timing of data release,True,Text not found,Required data must be available prior to review process.,2,multiple_choice,1.0
ACS,applied_materials_and_interfaces,data_sharing_method,8. Recommended data sharing method,True,Text not found,Data sharing in supplementary material or hosting by journal recommended in RDP.,2,multiple_choice,0.6
ACS,applied_materials_and_interfaces,data_licenses,9. Recommended/required licenses,False,,No mention of data/code licenses in RDP.,2,multiple_choice,0.0
ACS,applied_materials_and_interfaces,data_referee,10. Referee guidelines concerning research data,False,,Data sharing policy not mentioned in refereeing guidelines.,2,multiple_choice,0.0
ACS,applied_materials_and_interfaces,code_required,13. Code sharing requirements,False,,Code sharing not mentioned.,2,multiple_choice,0.0
ACS,applied_materials_and_interfaces,code_reproducibility,14. Code Reproducibility,False,,No mention of dependencies for research code.,2,multiple_choice,0.0
ACS,applied_materials_and_interfaces,code_versioning,15. Versioning and persistent identifiers,False,,No mention of a persistent identifier or specifying a version of developed code.,2,multiple_choice,0.0
ACS,applied_materials_and_interfaces,code_quality,16. Code Quality Standards,False,,The journal policies do not mention any code quality standards.,2,multiple_choice,0.0
ACS,applied_materials_and_interfaces,code_autotest,17. Automatic Testing,False,,No mention of automatic testing to verify code functionality.,2,multiple_choice,0.0
ACS,applied_materials_and_interfaces,code_docs,18. Code Documentation,False,,No mention of standards for code documentation.,2,multiple_choice,0.0
ACS,applied_materials_and_interfaces,code_linting,19. Linting Standards,False,,No mention of linting standards for code.,2,multiple_choice,0.0
ACS,applied_materials_and_interfaces,code_development,20. Code Development,False,,No mention of standards for code development such as continuous integration.,2,multiple_choice,0.0
ACS,acs_es_and_t_engineering,rdp_exist,1. Existence of research data policy,False,,Research Data Policy (RDP) exists.,2,multiple_choice,1.0
ACS,acs_es_and_t_engineering,data_sharing,3. Data sharing requirements in RDP,False,,Data sharing encouraged but optional.,2,multiple_choice,0.0
ACS,acs_es_and_t_engineering,data_fair,4. FAIR data sharing (see https://www.go-fair.org/fair-principles/ for a definition of FAIR),True,Text not found,Public data sharing on a FAIR repository encouraged.,2,multiple_choice,0.33
ACS,acs_es_and_t_engineering,data_availability,2. Data availability statement,False,,Mentioned in the RDP but optional.,2,multiple_choice,0.5
ACS,acs_es_and_t_engineering,data_citability,5. Citability and findability of data ,True,Text not found,DOIs or other persistent identifiers recommended for datasets or codes.,2,multiple_choice,0.5
ACS,acs_es_and_t_engineering,data_timing,7. Timing of data release,True,Language understanding,Required data must be available after official publication.,2,multiple_choice,0.5
ACS,acs_es_and_t_engineering,data_sharing_method,8. Recommended data sharing method,True,Text not found,Multiple data sharing methods equally recommended in RDP.,2,multiple_choice,0.4
ACS,acs_es_and_t_engineering,data_licenses,9. Recommended/required licenses,False,,Explicit mention of a certain license/license type in RDP.,2,multiple_choice,
ACS,acs_es_and_t_engineering,data_referee,10. Referee guidelines concerning research data,False,,Data sharing policy not mentioned in refereeing guidelines.,2,multiple_choice,0.0
ACS,acs_es_and_t_engineering,data_recommended,"11. Unique policies for data types
Please name all data types for which unique policies are recommended according to the RDP (Please separate all data types be semicolon, e.g. crystal structures; Protein sequence)",True,Formatting,no text.,2,open,
ACS,acs_es_and_t_engineering,data_required,"12. Unique policies for data types
Please name all data types for which unique policies are required according to the RDP (Please separate all data types be semicolon, e.g. crystal structures; Protein sequence)",True,Formatting,no text.,2,open,
ACS,acs_es_and_t_engineering,code_required,13. Code sharing requirements,False,,Code sharing not mentioned.,2,multiple_choice,0.0
ACS,acs_es_and_t_engineering,code_reproducibility,14. Code Reproducibility,False,,No mention of dependencies for research code.,2,multiple_choice,0.0
ACS,acs_es_and_t_engineering,code_versioning,15. Versioning and persistent identifiers,False,,No mention of a persistent identifier or specifying a version of developed code.,2,multiple_choice,0.0
ACS,acs_es_and_t_engineering,code_quality,16. Code Quality Standards,False,,The journal policies do not mention any code quality standards.,2,multiple_choice,0.0
ACS,acs_es_and_t_engineering,code_autotest,17. Automatic Testing,False,,No mention of automatic testing to verify code functionality.,2,multiple_choice,0.0
ACS,acs_es_and_t_engineering,code_docs,18. Code Documentation,False,,No mention of standards for code documentation.,2,multiple_choice,0.0
ACS,acs_es_and_t_engineering,code_linting,19. Linting Standards,False,,No mention of linting standards for code.,2,multiple_choice,0.0
ACS,acs_es_and_t_engineering,code_development,20. Code Development,False,,No mention of standards for code development such as continuous integration.,2,multiple_choice,0.0
ACS,inorganic_chemistry,rdp_exist,1. Existence of research data policy,False,,Research Data Policy (RDP) exists.,2,multiple_choice,1.0
ACS,inorganic_chemistry,data_sharing,3. Data sharing requirements in RDP,False,,Data sharing encouraged but optional.,2,multiple_choice,0.0
ACS,inorganic_chemistry,data_fair,4. FAIR data sharing (see https://www.go-fair.org/fair-principles/ for a definition of FAIR),False,,Public data sharing on a FAIR repository encouraged.,2,multiple_choice,0.33
ACS,inorganic_chemistry,data_availability,2. Data availability statement,False,,Mentioned in the RDP but optional.,2,multiple_choice,0.5
ACS,inorganic_chemistry,data_citability,5. Citability and findability of data ,True,Text not found,DOIs or other persistent identifiers recommended for datasets or codes.,2,multiple_choice,0.5
ACS,inorganic_chemistry,data_timing,7. Timing of data release,True,Text not found,Required data must be available prior to official publication.,2,multiple_choice,0.75
ACS,inorganic_chemistry,data_sharing_method,8. Recommended data sharing method,True,Text not found,Multiple data sharing methods equally recommended in RDP.,2,multiple_choice,0.4
ACS,inorganic_chemistry,data_licenses,9. Recommended/required licenses,True,Text not found,Explicit mention of a certain license/license type in RDP.,2,multiple_choice,
ACS,inorganic_chemistry,data_referee,10. Referee guidelines concerning research data,False,,Data sharing policy not mentioned in refereeing guidelines.,2,multiple_choice,0.0
ACS,inorganic_chemistry,data_recommended,"11. Unique policies for data types
Please name all data types for which unique policies are recommended according to the RDP (Please separate all data types be semicolon, e.g. crystal structures; Protein sequence)",True,Text not found,"Characterization of New Compounds ; (A) Crystal Structure Studies ; (1) Structure Reports in Articles ; CIF ; (B) Powder Diffraction Data ; Crystallographic Data (Powder); (C) Electron Diffraction; Computational Reports ; Magnetic measurements ; NMR Spectra ; Electrochemistry Data ; Biological Data ; Electrophoretic Gels and Blots ; 
",2,open,
ACS,inorganic_chemistry,data_required,"12. Unique policies for data types
Please name all data types for which unique policies are required according to the RDP (Please separate all data types be semicolon, e.g. crystal structures; Protein sequence)",True,Text not found,na,2,open,
ACS,inorganic_chemistry,code_required,13. Code sharing requirements,True,Text not found,Code sharing encouraged but optional.,2,multiple_choice,0.5
ACS,inorganic_chemistry,code_reproducibility,14. Code Reproducibility,False,,Journal policies encourage/recommend stating all dependencies and their versions that were used to run computational experiments.,2,multiple_choice,0.25
ACS,inorganic_chemistry,code_versioning,15. Versioning and persistent identifiers,True,Text not found,Journal policies encourage/recommend a persistent identifier or specifying a version of developed code.,2,multiple_choice,0.5
ACS,inorganic_chemistry,code_quality,16. Code Quality Standards,True,Text not found,The journal policies encourage/recommend certain standards for code.,2,multiple_choice,0.33
ACS,inorganic_chemistry,code_autotest,17. Automatic Testing,False,,No mention of automatic testing to verify code functionality.,2,multiple_choice,0.0
ACS,inorganic_chemistry,code_docs,18. Code Documentation,False,,No mention of standards for code documentation.,2,multiple_choice,0.0
ACS,inorganic_chemistry,code_linting,19. Linting Standards,False,,No mention of linting standards for code.,2,multiple_choice,0.0
ACS,inorganic_chemistry,code_development,20. Code Development,False,,No mention of standards for code development such as continuous integration.,2,multiple_choice,0.0
ACS,jacs_au,rdp_exist,1. Existence of research data policy,False,,Research Data Policy (RDP) exists.,2,multiple_choice,1.0
ACS,jacs_au,data_sharing,3. Data sharing requirements in RDP,False,,Data sharing encouraged but optional.,2,multiple_choice,0.0
ACS,jacs_au,data_fair,4. FAIR data sharing (see https://www.go-fair.org/fair-principles/ for a definition of FAIR),False,,Public data sharing on a FAIR repository encouraged.,2,multiple_choice,0.33
ACS,jacs_au,data_availability,2. Data availability statement,False,,Mentioned in the RDP but optional.,2,multiple_choice,0.5
ACS,jacs_au,data_citability,5. Citability and findability of data ,True,Text not found,DOIs or other persistent identifiers recommended for datasets or codes.,2,multiple_choice,0.5
ACS,jacs_au,data_timing,7. Timing of data release,True,Text not found,Required data must be available after official publication.,2,multiple_choice,0.5
ACS,jacs_au,data_sharing_method,8. Recommended data sharing method,True,Text not found,Multiple data sharing methods equally recommended in RDP.,2,multiple_choice,0.4
ACS,jacs_au,data_licenses,9. Recommended/required licenses,True,Text not found,Explicit mention of a certain license/license type in RDP.,2,multiple_choice,
ACS,jacs_au,data_referee,10. Referee guidelines concerning research data,False,,Data sharing policy not mentioned in refereeing guidelines.,2,multiple_choice,0.0
ACS,jacs_au,data_recommended,"11. Unique policies for data types
Please name all data types for which unique policies are recommended according to the RDP (Please separate all data types be semicolon, e.g. crystal structures; Protein sequence)",True,Text not found,"Compound Characterization, Experimental, and Computational Data ; Guidelines for Characterization of Organometallic and Inorganic Compounds ; (a) Routine Compounds ; (b) Novel or Unexpected Compounds ; (c) Solid State Materials ; (d) Compounds That Have Not Been Isolated ; Guidelines for Characterization of Organic Compounds ; Guidelines for Reporting Biological Data ; Statistics ; Biological Specimens ; a. Antibodies: ; b. Cell Lines and Microorganisms ; e. Biological Assays ; f. Kinetic and Equilibrium Data ; Reporting and Stewardship of NMR Data ; Biomolecule Structures: ; Single Crystal Diffraction Data ; CIF Submission Instructions ; Powder Diffraction Data ; Magnetic Measurements ; computations",2,open,
ACS,jacs_au,data_required,"12. Unique policies for data types
Please name all data types for which unique policies are required according to the RDP (Please separate all data types be semicolon, e.g. crystal structures; Protein sequence)",True,Text not found,"CIF, PDB, #### double check if more ####",2,open,
ACS,jacs_au,code_required,13. Code sharing requirements,False,,Code sharing not mentioned.,2,multiple_choice,0.0
ACS,jacs_au,code_reproducibility,14. Code Reproducibility,False,,No mention of dependencies for research code.,2,multiple_choice,0.0
ACS,jacs_au,code_versioning,15. Versioning and persistent identifiers,False,,No mention of a persistent identifier or specifying a version of developed code.,2,multiple_choice,0.0
ACS,jacs_au,code_quality,16. Code Quality Standards,False,,The journal policies do not mention any code quality standards.,2,multiple_choice,0.0
ACS,jacs_au,code_autotest,17. Automatic Testing,False,,No mention of automatic testing to verify code functionality.,2,multiple_choice,0.0
ACS,jacs_au,code_docs,18. Code Documentation,False,,No mention of standards for code documentation.,2,multiple_choice,0.0
ACS,jacs_au,code_linting,19. Linting Standards,False,,No mention of linting standards for code.,2,multiple_choice,0.0
ACS,jacs_au,code_development,20. Code Development,False,,No mention of standards for code development such as continuous integration.,2,multiple_choice,0.0
ACS,accounts_of_chemical_research,rdp_exist,1. Existence of research data policy,False,,Research Data Policy (RDP) exists.,1,multiple_choice,1.0
ACS,accounts_of_chemical_research,data_sharing,3. Data sharing requirements in RDP,False,,Data sharing required but not publicly (e.g. available upon request is allowed).,1,multiple_choice,0.5
ACS,accounts_of_chemical_research,data_fair,4. FAIR data sharing (see https://www.go-fair.org/fair-principles/ for a definition of FAIR),False,,Public data sharing on a FAIR repository encouraged.,1,multiple_choice,0.33
ACS,accounts_of_chemical_research,data_availability,2. Data availability statement,False,,Mentioned in the RDP but optional.,1,multiple_choice,0.5
ACS,accounts_of_chemical_research,data_citability,5. Citability and findability of data ,False,,DOIs or other persistent identifiers recommended for datasets or codes.,1,multiple_choice,0.5
ACS,accounts_of_chemical_research,data_timing,7. Timing of data release,False,,Required data must be available prior to official publication.,1,multiple_choice,0.75
ACS,accounts_of_chemical_research,data_sharing_method,8. Recommended data sharing method,False,,Data sharing in supplementary material or hosting by journal recommended in RDP.,1,multiple_choice,0.6
ACS,accounts_of_chemical_research,data_licenses,9. Recommended/required licenses,False,,Explicit mention of a certain license/license type in RDP.,1,multiple_choice,
ACS,accounts_of_chemical_research,data_referee,10. Referee guidelines concerning research data,False,,Data sharing policy not mentioned in refereeing guidelines.,1,multiple_choice,0.0
ACS,accounts_of_chemical_research,data_recommended,"11. Unique policies for data types
Please name all data types for which unique policies are recommended according to the RDP (Please separate all data types be semicolon, e.g. crystal structures; Protein sequence)",False,,no text.,1,open,
ACS,accounts_of_chemical_research,data_required,"12. Unique policies for data types
Please name all data types for which unique policies are required according to the RDP (Please separate all data types be semicolon, e.g. crystal structures; Protein sequence)",False,,no text.,1,open,
ACS,accounts_of_chemical_research,code_required,13. Code sharing requirements,False,,Code sharing not mentioned.,1,multiple_choice,0.0
ACS,accounts_of_chemical_research,code_reproducibility,14. Code Reproducibility,False,,No mention of dependencies for research code.,1,multiple_choice,0.0
ACS,accounts_of_chemical_research,code_versioning,15. Versioning and persistent identifiers,False,,No mention of a persistent identifier or specifying a version of developed code.,1,multiple_choice,0.0
ACS,accounts_of_chemical_research,code_quality,16. Code Quality Standards,False,,The journal policies do not mention any code quality standards.,1,multiple_choice,0.0
ACS,accounts_of_chemical_research,code_autotest,17. Automatic Testing,False,,No mention of automatic testing to verify code functionality.,1,multiple_choice,0.0
ACS,accounts_of_chemical_research,code_docs,18. Code Documentation,False,,No mention of standards for code documentation.,1,multiple_choice,0.0
ACS,accounts_of_chemical_research,code_linting,19. Linting Standards,False,,No mention of linting standards for code.,1,multiple_choice,0.0
ACS,accounts_of_chemical_research,code_development,20. Code Development,False,,No mention of standards for code development such as continuous integration.,1,multiple_choice,0.0
ACS,journal_of_medicinal_chemistry,rdp_exist,1. Existence of research data policy,False,,Research Data Policy (RDP) exists.,2,multiple_choice,1.0
ACS,journal_of_medicinal_chemistry,data_sharing,3. Data sharing requirements in RDP,False,,Data sharing encouraged but optional.,2,multiple_choice,0.0
ACS,journal_of_medicinal_chemistry,data_fair,4. FAIR data sharing (see https://www.go-fair.org/fair-principles/ for a definition of FAIR),True,Text not found,Public data sharing on a FAIR repository encouraged.,2,multiple_choice,0.33
ACS,journal_of_medicinal_chemistry,data_availability,2. Data availability statement,False,,Mentioned in the RDP but optional.,2,multiple_choice,0.5
ACS,journal_of_medicinal_chemistry,data_citability,5. Citability and findability of data ,True,Text not found,DOIs or other persistent identifiers recommended for datasets or codes.,2,multiple_choice,0.5
ACS,journal_of_medicinal_chemistry,data_timing,7. Timing of data release,True,Language understanding,Required data must be available after official publication.,2,multiple_choice,0.5
ACS,journal_of_medicinal_chemistry,data_sharing_method,8. Recommended data sharing method,True,Text not found,Multiple data sharing methods equally recommended in RDP.,2,multiple_choice,0.4
ACS,journal_of_medicinal_chemistry,data_licenses,9. Recommended/required licenses,False,,Explicit mention of a certain license/license type in RDP.,2,multiple_choice,
ACS,journal_of_medicinal_chemistry,data_referee,10. Referee guidelines concerning research data,False,,Data sharing policy not mentioned in refereeing guidelines.,2,multiple_choice,0.0
ACS,journal_of_medicinal_chemistry,data_recommended,"11. Unique policies for data types
Please name all data types for which unique policies are recommended according to the RDP (Please separate all data types be semicolon, e.g. crystal structures; Protein sequence)",True,Text not found,3. Purity of Tested Compounds. ; 4. Confirmation of Structure ; 6. Computational Chemistry; 7. QSAR/QSPR and Proprietary Data; 8. Statistical Criteria. 9. Software.; 10. Structural Data. ; 11. Compound Characterization Checklist.,2,open,
ACS,journal_of_medicinal_chemistry,data_required,"12. Unique policies for data types
Please name all data types for which unique policies are required according to the RDP (Please separate all data types be semicolon, e.g. crystal structures; Protein sequence)",True,Text not found,1. Biological Data,2,open,
ACS,journal_of_medicinal_chemistry,code_required,13. Code sharing requirements,True,Text not found,Code sharing encouraged but optional.,2,multiple_choice,0.5
ACS,journal_of_medicinal_chemistry,code_reproducibility,14. Code Reproducibility,False,,No mention of dependencies for research code.,2,multiple_choice,0.0
ACS,journal_of_medicinal_chemistry,code_versioning,15. Versioning and persistent identifiers,False,,No mention of a persistent identifier or specifying a version of developed code.,2,multiple_choice,0.0
ACS,journal_of_medicinal_chemistry,code_quality,16. Code Quality Standards,False,,The journal policies do not mention any code quality standards.,2,multiple_choice,0.0
ACS,journal_of_medicinal_chemistry,code_autotest,17. Automatic Testing,False,,No mention of automatic testing to verify code functionality.,2,multiple_choice,0.0
ACS,journal_of_medicinal_chemistry,code_docs,18. Code Documentation,False,,No mention of standards for code documentation.,2,multiple_choice,0.0
ACS,journal_of_medicinal_chemistry,code_linting,19. Linting Standards,False,,No mention of linting standards for code.,2,multiple_choice,0.0
ACS,journal_of_medicinal_chemistry,code_development,20. Code Development,False,,No mention of standards for code development such as continuous integration.,2,multiple_choice,0.0
ACS,environmental_science_and_technology,rdp_exist,1. Existence of research data policy,False,,Research Data Policy (RDP) exists.,2,multiple_choice,1.0
ACS,environmental_science_and_technology,data_sharing,3. Data sharing requirements in RDP,False,,Data sharing encouraged but optional.,2,multiple_choice,0.0
ACS,environmental_science_and_technology,data_fair,4. FAIR data sharing (see https://www.go-fair.org/fair-principles/ for a definition of FAIR),True,Text not found,Public data sharing on a FAIR repository required only for specific types of data (e.g. genetic data has to be shared on a FAIR repository but no other data).,2,multiple_choice,0.66
ACS,environmental_science_and_technology,data_availability,2. Data availability statement,True,Text not found,Required according to the RDP.,2,multiple_choice,1.0
ACS,environmental_science_and_technology,data_citability,5. Citability and findability of data ,True,Text not found,No mention of DOIs or other persistent identifiers for datasets or codes.,2,multiple_choice,0.0
ACS,environmental_science_and_technology,data_timing,7. Timing of data release,True,Text not found,Required data must be available after official publication.,2,multiple_choice,0.5
ACS,environmental_science_and_technology,data_sharing_method,8. Recommended data sharing method,True,Language understanding,Multiple data sharing methods equally recommended in RDP.,2,multiple_choice,0.4
ACS,environmental_science_and_technology,data_licenses,9. Recommended/required licenses,False,,No mention of data/code licenses in RDP.,2,multiple_choice,0.0
ACS,environmental_science_and_technology,data_referee,10. Referee guidelines concerning research data,False,,Data sharing policy not mentioned in refereeing guidelines.,2,multiple_choice,0.0
ACS,environmental_science_and_technology,data_recommended,"11. Unique policies for data types
Please name all data types for which unique policies are recommended according to the RDP (Please separate all data types be semicolon, e.g. crystal structures; Protein sequence)",True,Text not found,Omics Data ; Materials,2,open,
ACS,environmental_science_and_technology,data_required,"12. Unique policies for data types
Please name all data types for which unique policies are required according to the RDP (Please separate all data types be semicolon, e.g. crystal structures; Protein sequence)",True,Text not found,"nomenclature , Biological Assays ; Use of Human Subjects or Animals in Research ; Research Involving Animals ; Research Involving Human Subjects ; Database Deposition ; Sequence Data ; Proteomics Data ; Computer Codes ; Computational Chemistry Calculations ;",2,open,
ACS,environmental_science_and_technology,code_required,13. Code sharing requirements,True,Text not found,Code sharing required.,2,multiple_choice,1.0
ACS,environmental_science_and_technology,code_reproducibility,14. Code Reproducibility,True,Text not found,Journal policies require stating all dependencies and their versions that were used to run computational experiments.,2,multiple_choice,0.5
ACS,environmental_science_and_technology,code_versioning,15. Versioning and persistent identifiers,False,,Journal policies encourage/recommend a persistent identifier or specifying a version of developed code.,2,multiple_choice,0.5
ACS,environmental_science_and_technology,code_quality,16. Code Quality Standards,True,Text not found,The journal policies encourage/recommend certain standards for code.,2,multiple_choice,0.33
ACS,environmental_science_and_technology,code_autotest,17. Automatic Testing,False,,No mention of automatic testing to verify code functionality.,2,multiple_choice,0.0
ACS,environmental_science_and_technology,code_docs,18. Code Documentation,False,,No mention of standards for code documentation.,2,multiple_choice,0.0
ACS,environmental_science_and_technology,code_linting,19. Linting Standards,False,,No mention of linting standards for code.,2,multiple_choice,0.0
ACS,environmental_science_and_technology,code_development,20. Code Development,False,,No mention of standards for code development such as continuous integration.,2,multiple_choice,0.0
ACS,accounts_of_materials_research,rdp_exist,1. Existence of research data policy,False,,Research Data Policy (RDP) exists.,3,multiple_choice,1.0
ACS,accounts_of_materials_research,data_sharing,3. Data sharing requirements in RDP,False,,Data sharing encouraged but optional.,3,multiple_choice,0.0
ACS,accounts_of_materials_research,data_fair,4. FAIR data sharing (see https://www.go-fair.org/fair-principles/ for a definition of FAIR),True,Language understanding,Public data sharing on a FAIR repository encouraged.,3,multiple_choice,0.33
ACS,accounts_of_materials_research,data_availability,2. Data availability statement,False,,Mentioned in the RDP but optional.,3,multiple_choice,0.5
ACS,accounts_of_materials_research,data_citability,5. Citability and findability of data ,False,,DOIs or other persistent identifiers recommended for datasets or codes.,3,multiple_choice,0.5
ACS,accounts_of_materials_research,data_timing,7. Timing of data release,True,Language understanding,Required data must be available after an embargo period.,3,multiple_choice,0.25
ACS,accounts_of_materials_research,data_sharing_method,8. Recommended data sharing method,True,Language understanding,Public online repositories recommended in RDP.,3,multiple_choice,0.8
ACS,accounts_of_materials_research,data_licenses,9. Recommended/required licenses,True,Language understanding,Explicit mention of a certain license/license type in RDP.,3,multiple_choice,
ACS,accounts_of_materials_research,data_referee,10. Referee guidelines concerning research data,False,,Data sharing policy not mentioned in refereeing guidelines.,3,multiple_choice,0.0
ACS,accounts_of_materials_research,data_recommended,"11. Unique policies for data types
Please name all data types for which unique policies are recommended according to the RDP (Please separate all data types be semicolon, e.g. crystal structures; Protein sequence)",True,Formatting,none,3,open,
ACS,accounts_of_materials_research,data_required,"12. Unique policies for data types
Please name all data types for which unique policies are required according to the RDP (Please separate all data types be semicolon, e.g. crystal structures; Protein sequence)",True,Formatting,none,3,open,
ACS,accounts_of_materials_research,code_required,13. Code sharing requirements,False,,Code sharing not mentioned.,3,multiple_choice,0.0
ACS,accounts_of_materials_research,code_reproducibility,14. Code Reproducibility,False,,No mention of dependencies for research code.,3,multiple_choice,0.0
ACS,accounts_of_materials_research,code_versioning,15. Versioning and persistent identifiers,False,,No mention of a persistent identifier or specifying a version of developed code.,3,multiple_choice,0.0
ACS,accounts_of_materials_research,code_quality,16. Code Quality Standards,False,,The journal policies do not mention any code quality standards.,3,multiple_choice,0.0
ACS,accounts_of_materials_research,code_autotest,17. Automatic Testing,False,,No mention of automatic testing to verify code functionality.,3,multiple_choice,0.0
ACS,accounts_of_materials_research,code_docs,18. Code Documentation,False,,No mention of standards for code documentation.,3,multiple_choice,0.0
ACS,accounts_of_materials_research,code_linting,19. Linting Standards,False,,No mention of linting standards for code.,3,multiple_choice,0.0
ACS,accounts_of_materials_research,code_development,20. Code Development,False,,No mention of standards for code development such as continuous integration.,3,multiple_choice,0.0
ACS,acs_energy_letters,rdp_exist,1. Existence of research data policy,False,,Research Data Policy (RDP) exists.,2,multiple_choice,1.0
ACS,acs_energy_letters,data_sharing,3. Data sharing requirements in RDP,False,,Data sharing encouraged but optional.,2,multiple_choice,0.0
ACS,acs_energy_letters,data_fair,4. FAIR data sharing (see https://www.go-fair.org/fair-principles/ for a definition of FAIR),False,,Public data sharing on a FAIR repository encouraged.,2,multiple_choice,0.33
ACS,acs_energy_letters,data_availability,2. Data availability statement,False,,Mentioned in the RDP but optional.,2,multiple_choice,0.5
ACS,acs_energy_letters,data_citability,5. Citability and findability of data ,False,,DOIs or other persistent identifiers recommended for datasets or codes.,2,multiple_choice,0.5
ACS,acs_energy_letters,data_timing,7. Timing of data release,True,Text not found,Required data must be available after an embargo period.,2,multiple_choice,0.25
ACS,acs_energy_letters,data_sharing_method,8. Recommended data sharing method,True,Text not found,Public online repositories recommended in RDP.,2,multiple_choice,0.8
ACS,acs_energy_letters,data_licenses,9. Recommended/required licenses,False,,Explicit mention of a certain license/license type in RDP.,2,multiple_choice,
ACS,acs_energy_letters,data_referee,10. Referee guidelines concerning research data,False,,Data sharing policy not mentioned in refereeing guidelines.,2,multiple_choice,0.0
ACS,acs_energy_letters,data_recommended,"11. Unique policies for data types
Please name all data types for which unique policies are recommended according to the RDP (Please separate all data types be semicolon, e.g. crystal structures; Protein sequence)",True,Formatting,no text.,2,open,
ACS,acs_energy_letters,data_required,"12. Unique policies for data types
Please name all data types for which unique policies are required according to the RDP (Please separate all data types be semicolon, e.g. crystal structures; Protein sequence)",True,Formatting,no text.,2,open,
ACS,acs_energy_letters,code_required,13. Code sharing requirements,False,,Code sharing not mentioned.,2,multiple_choice,0.0
ACS,acs_energy_letters,code_reproducibility,14. Code Reproducibility,False,,No mention of dependencies for research code.,2,multiple_choice,0.0
ACS,acs_energy_letters,code_versioning,15. Versioning and persistent identifiers,False,,No mention of a persistent identifier or specifying a version of developed code.,2,multiple_choice,0.0
ACS,acs_energy_letters,code_quality,16. Code Quality Standards,False,,The journal policies do not mention any code quality standards.,2,multiple_choice,0.0
ACS,acs_energy_letters,code_autotest,17. Automatic Testing,False,,No mention of automatic testing to verify code functionality.,2,multiple_choice,0.0
ACS,acs_energy_letters,code_docs,18. Code Documentation,False,,No mention of standards for code documentation.,2,multiple_choice,0.0
ACS,acs_energy_letters,code_linting,19. Linting Standards,False,,No mention of linting standards for code.,2,multiple_choice,0.0
ACS,acs_energy_letters,code_development,20. Code Development,False,,No mention of standards for code development such as continuous integration.,2,multiple_choice,0.0
ACS,the_journal_of_physical_chemistry_c,rdp_exist,1. Existence of research data policy,False,,Research Data Policy (RDP) exists.,2,multiple_choice,1.0
ACS,the_journal_of_physical_chemistry_c,data_sharing,3. Data sharing requirements in RDP,False,,Data sharing encouraged but optional.,2,multiple_choice,0.0
ACS,the_journal_of_physical_chemistry_c,data_fair,4. FAIR data sharing (see https://www.go-fair.org/fair-principles/ for a definition of FAIR),True,Text not found,Public data sharing on a FAIR repository not mentioned in RDP.,2,multiple_choice,0.0
ACS,the_journal_of_physical_chemistry_c,data_availability,2. Data availability statement,False,,Mentioned in the RDP but optional.,2,multiple_choice,0.5
ACS,the_journal_of_physical_chemistry_c,data_citability,5. Citability and findability of data ,True,Text not found,No mention of DOIs or other persistent identifiers for datasets or codes.,2,multiple_choice,0.0
ACS,the_journal_of_physical_chemistry_c,data_timing,7. Timing of data release,True,Language understanding,Timing of data availability not adressed in RDP.,2,multiple_choice,
ACS,the_journal_of_physical_chemistry_c,data_sharing_method,8. Recommended data sharing method,True,Text not found,Multiple data sharing methods equally recommended in RDP.,2,multiple_choice,0.4
ACS,the_journal_of_physical_chemistry_c,data_licenses,9. Recommended/required licenses,False,,No mention of data/code licenses in RDP.,2,multiple_choice,0.0
ACS,the_journal_of_physical_chemistry_c,data_referee,10. Referee guidelines concerning research data,False,,Data sharing policy not mentioned in refereeing guidelines.,2,multiple_choice,0.0
ACS,the_journal_of_physical_chemistry_c,data_recommended,"11. Unique policies for data types
Please name all data types for which unique policies are recommended according to the RDP (Please separate all data types be semicolon, e.g. crystal structures; Protein sequence)",True,Text not found,"Guidelines for Experiments
Authors are expected to provide sufficient detail to enable a trained professional to reproduce routine measurements and synthetic procedures. Authors are required to provide crystallographic or surface structure data as Supporting Information in crystallographic information file (CIF) format. For quantitative optical measurements, the specifics and usable range of the photodetector should be reported.

Teams of ACS editors have identified best practices in certain fields to guide authors in the reporting of experimental results. Please refer to them, as needed:

Best Practices for the Reporting of Colloidal Inorganic Nanomaterials (http://pubs.acs.org/doi/abs/10.1021/acs.chemmater.5b02323)
Best Practices for Reporting on Heterogeneous Photocatalysis (http://pubs.acs.org/doi/abs/10.1021/am504389z)
Best Practices in Perovskite Solar Cell Efficiency Measurements. Avoiding the Error of Making Bad Cells Look Good (http://pubs.acs.org/doi/abs/10.1021/acs.jpclett.5b00289)
Best Practices for Reporting on Energy Storage (http://pubs.acs.org/doi/abs/10.1021/acsami.5b06029)
Best Practice in Photocatalysis: Comparing Rates of Apparent Quantum Yields? (http://pubs.acs.org/doi/abs/10.1021/acs.jpclett.5b00521)
",2,open,
ACS,the_journal_of_physical_chemistry_c,data_required,"12. Unique policies for data types
Please name all data types for which unique policies are required according to the RDP (Please separate all data types be semicolon, e.g. crystal structures; Protein sequence)",True,Text not found,"CIF

Guidelines for Computational Results
Below are the general guidelines from Pure Appl. Chem. 1998, 70, No. 10, 2047–2049 (http://dx.doi.org/10.1351/pac199870102047) for manuscripts reporting the results of electronic structure calculations, force field parameters, and other potential energy surface information. Further details are listed in the guidelines authored by J. E. Boggs (Pure Appl. Chem. 1998, 70, No. 4, 1015–1018 (http://dx.doi.org/10.1351/pac199870041015). Both sets of guidelines can be viewed online at http://iupac.org/publications/pac/reports/year/1998/. While these papers refer to electronic structure and molecular dynamics calculations, the concepts stated below apply to all calculations.

If a paper mentions any calculations that are integral to the study (i.e., the precise quantitative results are central to the conclusions drawn) computational details must be described.
Reproducibility of computations should be a defining goal in reporting computational results. Sufficient technical details should be provided to allow a reader to reproduce the results of any calculations. Of course, strict reproducibility of computations may be precluded by differences among computers (e.g., differences in operating systems, host-based algorithms, machine precision, etc.), software (e.g., installation procedures and programming modifications), and applications (e.g., for probabilistic methods such as Monte Carlo calculations).
A description of the results of any published calculation must be available for scientific scrutiny by other investigators. Ordinarily this will best be achieved if the authors place full details of the calculation (e.g., structures, energies, frequencies, dynamical quantities, etc.) in a repository (such as Supporting Information to the paper) that is accessible via the Internet. Otherwise, it is the responsibility of the investigator to make such information available upon request. Depending on the specific circumstances, the appropriate data to be deposited might be final output structure(s) or the input structure(s) that would allow another investigator to replicate the computational experiment.
Electronically deposited structures should be written in a format that is machine readable by readily available modelling or translating programs.
An adequate specification of the computer program used to carry out the calculations is essential. If the calculations were carried out with commercially available software, the investigator must list the source, version number, and force field employed. Any program modifications and any differences from the published version (including changes in parameters) must be fully described or available to other investigators upon request. Changes in parameters, program options (e.g., dielectric constant, nonbonded cutoffs, etc.) affecting reproducibility of the calculation, and program constraints must be fully described in the article. If the program is not available, commercially or otherwise, the authors must specify sufficient detail that the calculation could be reproduced.
The issue of convergence must be adequately addressed. An iterative calculation is considered to have converged when further iterations will not significantly alter the results. Convergence criteria should be reported (e.g., energy change per iteration or energy gradient for geometry optimization of a single structure).

",2,open,
ACS,the_journal_of_physical_chemistry_c,code_required,13. Code sharing requirements,True,Text not found,Code sharing encouraged but optional.,2,multiple_choice,0.5
ACS,the_journal_of_physical_chemistry_c,code_reproducibility,14. Code Reproducibility,False,,Journal policies encourage/recommend stating all dependencies and their versions that were used to run computational experiments.,2,multiple_choice,0.25
ACS,the_journal_of_physical_chemistry_c,code_versioning,15. Versioning and persistent identifiers,False,,No mention of a persistent identifier or specifying a version of developed code.,2,multiple_choice,0.0
ACS,the_journal_of_physical_chemistry_c,code_quality,16. Code Quality Standards,False,,The journal policies do not mention any code quality standards.,2,multiple_choice,0.0
ACS,the_journal_of_physical_chemistry_c,code_autotest,17. Automatic Testing,False,,No mention of automatic testing to verify code functionality.,2,multiple_choice,0.0
ACS,the_journal_of_physical_chemistry_c,code_docs,18. Code Documentation,False,,No mention of standards for code documentation.,2,multiple_choice,0.0
ACS,the_journal_of_physical_chemistry_c,code_linting,19. Linting Standards,False,,No mention of linting standards for code.,2,multiple_choice,0.0
ACS,the_journal_of_physical_chemistry_c,code_development,20. Code Development,False,,No mention of standards for code development such as continuous integration.,2,multiple_choice,0.0
AIP,physics_of_fluids,rdp_exist,1. Existence of research data policy,False,,Research Data Policy (RDP) exists.,3,multiple_choice,1.0
AIP,physics_of_fluids,data_sharing,3. Data sharing requirements in RDP,True,Language understanding,Data sharing encouraged but optional.,3,multiple_choice,0.0
AIP,physics_of_fluids,data_fair,4. FAIR data sharing (see https://www.go-fair.org/fair-principles/ for a definition of FAIR),False,,Public data sharing on a FAIR repository encouraged.,3,multiple_choice,0.33
AIP,physics_of_fluids,data_availability,2. Data availability statement,False,,Required according to the RDP.,3,multiple_choice,1.0
AIP,physics_of_fluids,data_citability,5. Citability and findability of data ,False,,DOIs or other persistent identifiers recommended for datasets or codes.,3,multiple_choice,0.5
AIP,physics_of_fluids,data_timing,7. Timing of data release,False,,Timing of data availability not adressed in RDP.,3,multiple_choice,
AIP,physics_of_fluids,data_sharing_method,8. Recommended data sharing method,True,Text not found,Multiple data sharing methods equally recommended in RDP.,3,multiple_choice,0.4
AIP,physics_of_fluids,data_licenses,9. Recommended/required licenses,False,,No mention of data/code licenses in RDP.,3,multiple_choice,0.0
AIP,physics_of_fluids,data_referee,10. Referee guidelines concerning research data,False,,Data sharing policy not mentioned in refereeing guidelines.,3,multiple_choice,0.0
AIP,physics_of_fluids,code_required,13. Code sharing requirements,False,,Code sharing not mentioned.,3,multiple_choice,0.0
AIP,physics_of_fluids,code_reproducibility,14. Code Reproducibility,False,,No mention of dependencies for research code.,3,multiple_choice,0.0
AIP,physics_of_fluids,code_versioning,15. Versioning and persistent identifiers,False,,No mention of a persistent identifier or specifying a version of developed code.,3,multiple_choice,0.0
AIP,physics_of_fluids,code_quality,16. Code Quality Standards,False,,The journal policies do not mention any code quality standards.,3,multiple_choice,0.0
AIP,physics_of_fluids,code_autotest,17. Automatic Testing,False,,No mention of automatic testing to verify code functionality.,3,multiple_choice,0.0
AIP,physics_of_fluids,code_docs,18. Code Documentation,False,,No mention of standards for code documentation.,3,multiple_choice,0.0
AIP,physics_of_fluids,code_linting,19. Linting Standards,False,,No mention of linting standards for code.,3,multiple_choice,0.0
AIP,physics_of_fluids,code_development,20. Code Development,False,,No mention of standards for code development such as continuous integration.,3,multiple_choice,0.0
AIP,applied_physics_reviews,rdp_exist,1. Existence of research data policy,False,,Research Data Policy (RDP) exists.,3,multiple_choice,1.0
AIP,applied_physics_reviews,data_sharing,3. Data sharing requirements in RDP,True,Language understanding,Data sharing encouraged but optional.,3,multiple_choice,0.0
AIP,applied_physics_reviews,data_fair,4. FAIR data sharing (see https://www.go-fair.org/fair-principles/ for a definition of FAIR),False,,Public data sharing on a FAIR repository encouraged.,3,multiple_choice,0.33
AIP,applied_physics_reviews,data_availability,2. Data availability statement,False,,Required according to the RDP.,3,multiple_choice,1.0
AIP,applied_physics_reviews,data_citability,5. Citability and findability of data ,False,,DOIs or other persistent identifiers recommended for datasets or codes.,3,multiple_choice,0.5
AIP,applied_physics_reviews,data_timing,7. Timing of data release,False,,Timing of data availability not adressed in RDP.,3,multiple_choice,
AIP,applied_physics_reviews,data_sharing_method,8. Recommended data sharing method,False,,Multiple data sharing methods equally recommended in RDP.,3,multiple_choice,0.4
AIP,applied_physics_reviews,data_licenses,9. Recommended/required licenses,False,,No mention of data/code licenses in RDP.,3,multiple_choice,0.0
AIP,applied_physics_reviews,data_referee,10. Referee guidelines concerning research data,False,,Data sharing policy not mentioned in refereeing guidelines.,3,multiple_choice,0.0
AIP,applied_physics_reviews,code_required,13. Code sharing requirements,False,,Code sharing not mentioned.,3,multiple_choice,0.0
AIP,applied_physics_reviews,code_reproducibility,14. Code Reproducibility,False,,No mention of dependencies for research code.,3,multiple_choice,0.0
AIP,applied_physics_reviews,code_versioning,15. Versioning and persistent identifiers,False,,No mention of a persistent identifier or specifying a version of developed code.,3,multiple_choice,0.0
AIP,applied_physics_reviews,code_quality,16. Code Quality Standards,False,,The journal policies do not mention any code quality standards.,3,multiple_choice,0.0
AIP,applied_physics_reviews,code_autotest,17. Automatic Testing,False,,No mention of automatic testing to verify code functionality.,3,multiple_choice,0.0
AIP,applied_physics_reviews,code_docs,18. Code Documentation,False,,No mention of standards for code documentation.,3,multiple_choice,0.0
AIP,applied_physics_reviews,code_linting,19. Linting Standards,False,,No mention of linting standards for code.,3,multiple_choice,0.0
AIP,applied_physics_reviews,code_development,20. Code Development,False,,No mention of standards for code development such as continuous integration.,3,multiple_choice,0.0
AIP,review_of_scientific_instruments,rdp_exist,1. Existence of research data policy,False,,Research Data Policy (RDP) exists.,3,multiple_choice,1.0
AIP,review_of_scientific_instruments,data_sharing,3. Data sharing requirements in RDP,True,Language understanding,Data sharing encouraged but optional.,3,multiple_choice,0.0
AIP,review_of_scientific_instruments,data_fair,4. FAIR data sharing (see https://www.go-fair.org/fair-principles/ for a definition of FAIR),False,,Public data sharing on a FAIR repository encouraged.,3,multiple_choice,0.33
AIP,review_of_scientific_instruments,data_availability,2. Data availability statement,False,,Required according to the RDP.,3,multiple_choice,1.0
AIP,review_of_scientific_instruments,data_citability,5. Citability and findability of data ,False,,DOIs or other persistent identifiers recommended for datasets or codes.,3,multiple_choice,0.5
AIP,review_of_scientific_instruments,data_timing,7. Timing of data release,False,,Timing of data availability not adressed in RDP.,3,multiple_choice,
AIP,review_of_scientific_instruments,data_sharing_method,8. Recommended data sharing method,True,Text not found,Multiple data sharing methods equally recommended in RDP.,3,multiple_choice,0.4
AIP,review_of_scientific_instruments,data_licenses,9. Recommended/required licenses,False,,No mention of data/code licenses in RDP.,3,multiple_choice,0.0
AIP,review_of_scientific_instruments,data_referee,10. Referee guidelines concerning research data,False,,Data sharing policy not mentioned in refereeing guidelines.,3,multiple_choice,0.0
AIP,review_of_scientific_instruments,code_required,13. Code sharing requirements,False,,Code sharing not mentioned.,3,multiple_choice,0.0
AIP,review_of_scientific_instruments,code_reproducibility,14. Code Reproducibility,False,,No mention of dependencies for research code.,3,multiple_choice,0.0
AIP,review_of_scientific_instruments,code_versioning,15. Versioning and persistent identifiers,False,,No mention of a persistent identifier or specifying a version of developed code.,3,multiple_choice,0.0
AIP,review_of_scientific_instruments,code_quality,16. Code Quality Standards,False,,The journal policies do not mention any code quality standards.,3,multiple_choice,0.0
AIP,review_of_scientific_instruments,code_autotest,17. Automatic Testing,False,,No mention of automatic testing to verify code functionality.,3,multiple_choice,0.0
AIP,review_of_scientific_instruments,code_docs,18. Code Documentation,False,,No mention of standards for code documentation.,3,multiple_choice,0.0
AIP,review_of_scientific_instruments,code_linting,19. Linting Standards,False,,No mention of linting standards for code.,3,multiple_choice,0.0
AIP,review_of_scientific_instruments,code_development,20. Code Development,False,,No mention of standards for code development such as continuous integration.,3,multiple_choice,0.0
AIP,physics_of_plasmas,rdp_exist,1. Existence of research data policy,False,,Research Data Policy (RDP) exists.,3,multiple_choice,1.0
AIP,physics_of_plasmas,data_sharing,3. Data sharing requirements in RDP,True,Language understanding,Data sharing encouraged but optional.,3,multiple_choice,0.0
AIP,physics_of_plasmas,data_fair,4. FAIR data sharing (see https://www.go-fair.org/fair-principles/ for a definition of FAIR),False,,Public data sharing on a FAIR repository encouraged.,3,multiple_choice,0.33
AIP,physics_of_plasmas,data_availability,2. Data availability statement,False,,Required according to the RDP.,3,multiple_choice,1.0
AIP,physics_of_plasmas,data_citability,5. Citability and findability of data ,False,,DOIs or other persistent identifiers recommended for datasets or codes.,3,multiple_choice,0.5
AIP,physics_of_plasmas,data_timing,7. Timing of data release,False,,Timing of data availability not adressed in RDP.,3,multiple_choice,
AIP,physics_of_plasmas,data_sharing_method,8. Recommended data sharing method,True,Text not found,Multiple data sharing methods equally recommended in RDP.,3,multiple_choice,0.4
AIP,physics_of_plasmas,data_licenses,9. Recommended/required licenses,False,,No mention of data/code licenses in RDP.,3,multiple_choice,0.0
AIP,physics_of_plasmas,data_referee,10. Referee guidelines concerning research data,False,,Data sharing policy not mentioned in refereeing guidelines.,3,multiple_choice,0.0
AIP,physics_of_plasmas,code_required,13. Code sharing requirements,False,,Code sharing not mentioned.,3,multiple_choice,0.0
AIP,physics_of_plasmas,code_reproducibility,14. Code Reproducibility,False,,No mention of dependencies for research code.,3,multiple_choice,0.0
AIP,physics_of_plasmas,code_versioning,15. Versioning and persistent identifiers,False,,No mention of a persistent identifier or specifying a version of developed code.,3,multiple_choice,0.0
AIP,physics_of_plasmas,code_quality,16. Code Quality Standards,False,,The journal policies do not mention any code quality standards.,3,multiple_choice,0.0
AIP,physics_of_plasmas,code_autotest,17. Automatic Testing,False,,No mention of automatic testing to verify code functionality.,3,multiple_choice,0.0
AIP,physics_of_plasmas,code_docs,18. Code Documentation,False,,No mention of standards for code documentation.,3,multiple_choice,0.0
AIP,physics_of_plasmas,code_linting,19. Linting Standards,False,,No mention of linting standards for code.,3,multiple_choice,0.0
AIP,physics_of_plasmas,code_development,20. Code Development,False,,No mention of standards for code development such as continuous integration.,3,multiple_choice,0.0
AIP,chinese_journal_of_chemical_physics,rdp_exist,1. Existence of research data policy,False,,Research Data Policy (RDP) exists.,2,multiple_choice,1.0
AIP,chinese_journal_of_chemical_physics,data_sharing,3. Data sharing requirements in RDP,True,Language understanding,Data sharing encouraged but optional.,2,multiple_choice,0.0
AIP,chinese_journal_of_chemical_physics,data_fair,4. FAIR data sharing (see https://www.go-fair.org/fair-principles/ for a definition of FAIR),False,,Public data sharing on a FAIR repository encouraged.,2,multiple_choice,0.33
AIP,chinese_journal_of_chemical_physics,data_availability,2. Data availability statement,False,,Required according to the RDP.,2,multiple_choice,1.0
AIP,chinese_journal_of_chemical_physics,data_citability,5. Citability and findability of data ,False,,DOIs or other persistent identifiers recommended for datasets or codes.,2,multiple_choice,0.5
AIP,chinese_journal_of_chemical_physics,data_timing,7. Timing of data release,False,,Timing of data availability not adressed in RDP.,2,multiple_choice,
AIP,chinese_journal_of_chemical_physics,data_sharing_method,8. Recommended data sharing method,False,,Multiple data sharing methods equally recommended in RDP.,2,multiple_choice,0.4
AIP,chinese_journal_of_chemical_physics,data_licenses,9. Recommended/required licenses,False,,No mention of data/code licenses in RDP.,2,multiple_choice,0.0
AIP,chinese_journal_of_chemical_physics,data_referee,10. Referee guidelines concerning research data,False,,Data sharing policy not mentioned in refereeing guidelines.,2,multiple_choice,0.0
AIP,chinese_journal_of_chemical_physics,code_required,13. Code sharing requirements,False,,Code sharing not mentioned.,2,multiple_choice,0.0
AIP,chinese_journal_of_chemical_physics,code_reproducibility,14. Code Reproducibility,False,,No mention of dependencies for research code.,2,multiple_choice,0.0
AIP,chinese_journal_of_chemical_physics,code_versioning,15. Versioning and persistent identifiers,False,,No mention of a persistent identifier or specifying a version of developed code.,2,multiple_choice,0.0
AIP,chinese_journal_of_chemical_physics,code_quality,16. Code Quality Standards,False,,The journal policies do not mention any code quality standards.,2,multiple_choice,0.0
AIP,chinese_journal_of_chemical_physics,code_autotest,17. Automatic Testing,False,,No mention of automatic testing to verify code functionality.,2,multiple_choice,0.0
AIP,chinese_journal_of_chemical_physics,code_docs,18. Code Documentation,False,,No mention of standards for code documentation.,2,multiple_choice,0.0
AIP,chinese_journal_of_chemical_physics,code_linting,19. Linting Standards,False,,No mention of linting standards for code.,2,multiple_choice,0.0
AIP,chinese_journal_of_chemical_physics,code_development,20. Code Development,False,,No mention of standards for code development such as continuous integration.,2,multiple_choice,0.0
AIP,aip_advances,rdp_exist,1. Existence of research data policy,False,,Research Data Policy (RDP) exists.,3,multiple_choice,1.0
AIP,aip_advances,data_sharing,3. Data sharing requirements in RDP,True,Language understanding,Data sharing encouraged but optional.,3,multiple_choice,0.0
AIP,aip_advances,data_fair,4. FAIR data sharing (see https://www.go-fair.org/fair-principles/ for a definition of FAIR),False,,Public data sharing on a FAIR repository encouraged.,3,multiple_choice,0.33
AIP,aip_advances,data_availability,2. Data availability statement,False,,Required according to the RDP.,3,multiple_choice,1.0
AIP,aip_advances,data_citability,5. Citability and findability of data ,False,,DOIs or other persistent identifiers recommended for datasets or codes.,3,multiple_choice,0.5
AIP,aip_advances,data_timing,7. Timing of data release,False,,Timing of data availability not adressed in RDP.,3,multiple_choice,
AIP,aip_advances,data_sharing_method,8. Recommended data sharing method,False,,Multiple data sharing methods equally recommended in RDP.,3,multiple_choice,0.4
AIP,aip_advances,data_licenses,9. Recommended/required licenses,False,,No mention of data/code licenses in RDP.,3,multiple_choice,0.0
AIP,aip_advances,data_referee,10. Referee guidelines concerning research data,False,,Data sharing policy not mentioned in refereeing guidelines.,3,multiple_choice,0.0
AIP,aip_advances,code_required,13. Code sharing requirements,False,,Code sharing not mentioned.,3,multiple_choice,0.0
AIP,aip_advances,code_reproducibility,14. Code Reproducibility,False,,No mention of dependencies for research code.,3,multiple_choice,0.0
AIP,aip_advances,code_versioning,15. Versioning and persistent identifiers,False,,No mention of a persistent identifier or specifying a version of developed code.,3,multiple_choice,0.0
AIP,aip_advances,code_quality,16. Code Quality Standards,False,,The journal policies do not mention any code quality standards.,3,multiple_choice,0.0
AIP,aip_advances,code_autotest,17. Automatic Testing,False,,No mention of automatic testing to verify code functionality.,3,multiple_choice,0.0
AIP,aip_advances,code_docs,18. Code Documentation,False,,No mention of standards for code documentation.,3,multiple_choice,0.0
AIP,aip_advances,code_linting,19. Linting Standards,False,,No mention of linting standards for code.,3,multiple_choice,0.0
AIP,aip_advances,code_development,20. Code Development,False,,No mention of standards for code development such as continuous integration.,3,multiple_choice,0.0
AIP,apl_photonics,rdp_exist,1. Existence of research data policy,False,,Research Data Policy (RDP) exists.,3,multiple_choice,1.0
AIP,apl_photonics,data_sharing,3. Data sharing requirements in RDP,True,Language understanding,Data sharing encouraged but optional.,3,multiple_choice,0.0
AIP,apl_photonics,data_fair,4. FAIR data sharing (see https://www.go-fair.org/fair-principles/ for a definition of FAIR),False,,Public data sharing on a FAIR repository encouraged.,3,multiple_choice,0.33
AIP,apl_photonics,data_availability,2. Data availability statement,False,,Required according to the RDP.,3,multiple_choice,1.0
AIP,apl_photonics,data_citability,5. Citability and findability of data ,False,,DOIs or other persistent identifiers recommended for datasets or codes.,3,multiple_choice,0.5
AIP,apl_photonics,data_timing,7. Timing of data release,False,,Timing of data availability not adressed in RDP.,3,multiple_choice,
AIP,apl_photonics,data_sharing_method,8. Recommended data sharing method,False,,Multiple data sharing methods equally recommended in RDP.,3,multiple_choice,0.4
AIP,apl_photonics,data_licenses,9. Recommended/required licenses,False,,No mention of data/code licenses in RDP.,3,multiple_choice,0.0
AIP,apl_photonics,data_referee,10. Referee guidelines concerning research data,False,,Data sharing policy not mentioned in refereeing guidelines.,3,multiple_choice,0.0
AIP,apl_photonics,code_required,13. Code sharing requirements,False,,Code sharing not mentioned.,3,multiple_choice,0.0
AIP,apl_photonics,code_reproducibility,14. Code Reproducibility,False,,No mention of dependencies for research code.,3,multiple_choice,0.0
AIP,apl_photonics,code_versioning,15. Versioning and persistent identifiers,False,,No mention of a persistent identifier or specifying a version of developed code.,3,multiple_choice,0.0
AIP,apl_photonics,code_quality,16. Code Quality Standards,False,,The journal policies do not mention any code quality standards.,3,multiple_choice,0.0
AIP,apl_photonics,code_autotest,17. Automatic Testing,False,,No mention of automatic testing to verify code functionality.,3,multiple_choice,0.0
AIP,apl_photonics,code_docs,18. Code Documentation,False,,No mention of standards for code documentation.,3,multiple_choice,0.0
AIP,apl_photonics,code_linting,19. Linting Standards,False,,No mention of linting standards for code.,3,multiple_choice,0.0
AIP,apl_photonics,code_development,20. Code Development,False,,No mention of standards for code development such as continuous integration.,3,multiple_choice,0.0
AIP,the_journal_of_chemical_physics,rdp_exist,1. Existence of research data policy,False,,Research Data Policy (RDP) exists.,3,multiple_choice,1.0
AIP,the_journal_of_chemical_physics,data_sharing,3. Data sharing requirements in RDP,True,Language understanding,Data sharing encouraged but optional.,3,multiple_choice,0.0
AIP,the_journal_of_chemical_physics,data_fair,4. FAIR data sharing (see https://www.go-fair.org/fair-principles/ for a definition of FAIR),False,,Public data sharing on a FAIR repository encouraged.,3,multiple_choice,0.33
AIP,the_journal_of_chemical_physics,data_availability,2. Data availability statement,False,,Required according to the RDP.,3,multiple_choice,1.0
AIP,the_journal_of_chemical_physics,data_citability,5. Citability and findability of data ,False,,DOIs or other persistent identifiers recommended for datasets or codes.,3,multiple_choice,0.5
AIP,the_journal_of_chemical_physics,data_timing,7. Timing of data release,False,,Timing of data availability not adressed in RDP.,3,multiple_choice,
AIP,the_journal_of_chemical_physics,data_sharing_method,8. Recommended data sharing method,False,,Multiple data sharing methods equally recommended in RDP.,3,multiple_choice,0.4
AIP,the_journal_of_chemical_physics,data_licenses,9. Recommended/required licenses,False,,No mention of data/code licenses in RDP.,3,multiple_choice,0.0
AIP,the_journal_of_chemical_physics,data_referee,10. Referee guidelines concerning research data,True,Text not found,Data sharing policy mentioned in refereeing guidelines.,3,multiple_choice,0.33
AIP,the_journal_of_chemical_physics,code_required,13. Code sharing requirements,True,Language understanding,Code sharing not mentioned.,3,multiple_choice,0.0
AIP,the_journal_of_chemical_physics,code_reproducibility,14. Code Reproducibility,True,Language understanding,No mention of dependencies for research code.,3,multiple_choice,0.0
AIP,the_journal_of_chemical_physics,code_versioning,15. Versioning and persistent identifiers,False,,No mention of a persistent identifier or specifying a version of developed code.,3,multiple_choice,0.0
AIP,the_journal_of_chemical_physics,code_quality,16. Code Quality Standards,False,,The journal policies do not mention any code quality standards.,3,multiple_choice,0.0
AIP,the_journal_of_chemical_physics,code_autotest,17. Automatic Testing,False,,No mention of automatic testing to verify code functionality.,3,multiple_choice,0.0
AIP,the_journal_of_chemical_physics,code_docs,18. Code Documentation,False,,No mention of standards for code documentation.,3,multiple_choice,0.0
AIP,the_journal_of_chemical_physics,code_linting,19. Linting Standards,False,,No mention of linting standards for code.,3,multiple_choice,0.0
AIP,the_journal_of_chemical_physics,code_development,20. Code Development,False,,No mention of standards for code development such as continuous integration.,3,multiple_choice,0.0
AIP,structural_dynamics,rdp_exist,1. Existence of research data policy,False,,Research Data Policy (RDP) exists.,3,multiple_choice,1.0
AIP,structural_dynamics,data_sharing,3. Data sharing requirements in RDP,True,Language understanding,Data sharing encouraged but optional.,3,multiple_choice,0.0
AIP,structural_dynamics,data_fair,4. FAIR data sharing (see https://www.go-fair.org/fair-principles/ for a definition of FAIR),False,,Public data sharing on a FAIR repository encouraged.,3,multiple_choice,0.33
AIP,structural_dynamics,data_availability,2. Data availability statement,False,,Required according to the RDP.,3,multiple_choice,1.0
AIP,structural_dynamics,data_citability,5. Citability and findability of data ,False,,DOIs or other persistent identifiers recommended for datasets or codes.,3,multiple_choice,0.5
AIP,structural_dynamics,data_timing,7. Timing of data release,True,Text not found,Required data must be available after official publication.,3,multiple_choice,0.5
AIP,structural_dynamics,data_sharing_method,8. Recommended data sharing method,False,,Multiple data sharing methods equally recommended in RDP.,3,multiple_choice,0.4
AIP,structural_dynamics,data_licenses,9. Recommended/required licenses,False,,No mention of data/code licenses in RDP.,3,multiple_choice,0.0
AIP,structural_dynamics,data_referee,10. Referee guidelines concerning research data,True,Text not found,Data sharing policy mentioned in refereeing guidelines.,3,multiple_choice,0.33
AIP,structural_dynamics,code_required,13. Code sharing requirements,False,,Code sharing not mentioned.,3,multiple_choice,0.0
AIP,structural_dynamics,code_reproducibility,14. Code Reproducibility,False,,No mention of dependencies for research code.,3,multiple_choice,0.0
AIP,structural_dynamics,code_versioning,15. Versioning and persistent identifiers,False,,No mention of a persistent identifier or specifying a version of developed code.,3,multiple_choice,0.0
AIP,structural_dynamics,code_quality,16. Code Quality Standards,False,,The journal policies do not mention any code quality standards.,3,multiple_choice,0.0
AIP,structural_dynamics,code_autotest,17. Automatic Testing,False,,No mention of automatic testing to verify code functionality.,3,multiple_choice,0.0
AIP,structural_dynamics,code_docs,18. Code Documentation,False,,No mention of standards for code documentation.,3,multiple_choice,0.0
AIP,structural_dynamics,code_linting,19. Linting Standards,False,,No mention of linting standards for code.,3,multiple_choice,0.0
AIP,structural_dynamics,code_development,20. Code Development,False,,No mention of standards for code development such as continuous integration.,3,multiple_choice,0.0
AIP,journal_of_applied_physics,rdp_exist,1. Existence of research data policy,False,,Research Data Policy (RDP) exists.,3,multiple_choice,1.0
AIP,journal_of_applied_physics,data_sharing,3. Data sharing requirements in RDP,True,Language understanding,Data sharing encouraged but optional.,3,multiple_choice,0.0
AIP,journal_of_applied_physics,data_fair,4. FAIR data sharing (see https://www.go-fair.org/fair-principles/ for a definition of FAIR),False,,Public data sharing on a FAIR repository encouraged.,3,multiple_choice,0.33
AIP,journal_of_applied_physics,data_availability,2. Data availability statement,False,,Required according to the RDP.,3,multiple_choice,1.0
AIP,journal_of_applied_physics,data_citability,5. Citability and findability of data ,False,,DOIs or other persistent identifiers recommended for datasets or codes.,3,multiple_choice,0.5
AIP,journal_of_applied_physics,data_timing,7. Timing of data release,False,,Timing of data availability not adressed in RDP.,3,multiple_choice,
AIP,journal_of_applied_physics,data_sharing_method,8. Recommended data sharing method,True,Text not found,Multiple data sharing methods equally recommended in RDP.,3,multiple_choice,0.4
AIP,journal_of_applied_physics,data_licenses,9. Recommended/required licenses,False,,No mention of data/code licenses in RDP.,3,multiple_choice,0.0
AIP,journal_of_applied_physics,data_referee,10. Referee guidelines concerning research data,False,,Data sharing policy not mentioned in refereeing guidelines.,3,multiple_choice,0.0
AIP,journal_of_applied_physics,code_required,13. Code sharing requirements,False,,Code sharing not mentioned.,3,multiple_choice,0.0
AIP,journal_of_applied_physics,code_reproducibility,14. Code Reproducibility,False,,No mention of dependencies for research code.,3,multiple_choice,0.0
AIP,journal_of_applied_physics,code_versioning,15. Versioning and persistent identifiers,False,,No mention of a persistent identifier or specifying a version of developed code.,3,multiple_choice,0.0
AIP,journal_of_applied_physics,code_quality,16. Code Quality Standards,False,,The journal policies do not mention any code quality standards.,3,multiple_choice,0.0
AIP,journal_of_applied_physics,code_autotest,17. Automatic Testing,False,,No mention of automatic testing to verify code functionality.,3,multiple_choice,0.0
AIP,journal_of_applied_physics,code_docs,18. Code Documentation,False,,No mention of standards for code documentation.,3,multiple_choice,0.0
AIP,journal_of_applied_physics,code_linting,19. Linting Standards,False,,No mention of linting standards for code.,3,multiple_choice,0.0
AIP,journal_of_applied_physics,code_development,20. Code Development,False,,No mention of standards for code development such as continuous integration.,3,multiple_choice,0.0
AIP,journal_of_mathematical_physics,rdp_exist,1. Existence of research data policy,False,,Research Data Policy (RDP) exists.,2,multiple_choice,1.0
AIP,journal_of_mathematical_physics,data_sharing,3. Data sharing requirements in RDP,True,Language understanding,Data sharing encouraged but optional.,2,multiple_choice,0.0
AIP,journal_of_mathematical_physics,data_fair,4. FAIR data sharing (see https://www.go-fair.org/fair-principles/ for a definition of FAIR),False,,Public data sharing on a FAIR repository encouraged.,2,multiple_choice,0.33
AIP,journal_of_mathematical_physics,data_availability,2. Data availability statement,False,,Required according to the RDP.,2,multiple_choice,1.0
AIP,journal_of_mathematical_physics,data_citability,5. Citability and findability of data ,False,,DOIs or other persistent identifiers recommended for datasets or codes.,2,multiple_choice,0.5
AIP,journal_of_mathematical_physics,data_timing,7. Timing of data release,False,,Timing of data availability not adressed in RDP.,2,multiple_choice,
AIP,journal_of_mathematical_physics,data_sharing_method,8. Recommended data sharing method,False,,Multiple data sharing methods equally recommended in RDP.,2,multiple_choice,0.4
AIP,journal_of_mathematical_physics,data_licenses,9. Recommended/required licenses,False,,No mention of data/code licenses in RDP.,2,multiple_choice,0.0
AIP,journal_of_mathematical_physics,data_referee,10. Referee guidelines concerning research data,False,,Data sharing policy not mentioned in refereeing guidelines.,2,multiple_choice,0.0
AIP,journal_of_mathematical_physics,code_required,13. Code sharing requirements,False,,Code sharing not mentioned.,2,multiple_choice,0.0
AIP,journal_of_mathematical_physics,code_reproducibility,14. Code Reproducibility,False,,No mention of dependencies for research code.,2,multiple_choice,0.0
AIP,journal_of_mathematical_physics,code_versioning,15. Versioning and persistent identifiers,False,,No mention of a persistent identifier or specifying a version of developed code.,2,multiple_choice,0.0
AIP,journal_of_mathematical_physics,code_quality,16. Code Quality Standards,False,,The journal policies do not mention any code quality standards.,2,multiple_choice,0.0
AIP,journal_of_mathematical_physics,code_autotest,17. Automatic Testing,False,,No mention of automatic testing to verify code functionality.,2,multiple_choice,0.0
AIP,journal_of_mathematical_physics,code_docs,18. Code Documentation,False,,No mention of standards for code documentation.,2,multiple_choice,0.0
AIP,journal_of_mathematical_physics,code_linting,19. Linting Standards,False,,No mention of linting standards for code.,2,multiple_choice,0.0
AIP,journal_of_mathematical_physics,code_development,20. Code Development,False,,No mention of standards for code development such as continuous integration.,2,multiple_choice,0.0
AIP,applied_physics_letters,rdp_exist,1. Existence of research data policy,False,,Research Data Policy (RDP) exists.,2,multiple_choice,1.0
AIP,applied_physics_letters,data_sharing,3. Data sharing requirements in RDP,True,Language understanding,Data sharing encouraged but optional.,2,multiple_choice,0.0
AIP,applied_physics_letters,data_fair,4. FAIR data sharing (see https://www.go-fair.org/fair-principles/ for a definition of FAIR),False,,Public data sharing on a FAIR repository encouraged.,2,multiple_choice,0.33
AIP,applied_physics_letters,data_availability,2. Data availability statement,False,,Required according to the RDP.,2,multiple_choice,1.0
AIP,applied_physics_letters,data_citability,5. Citability and findability of data ,False,,DOIs or other persistent identifiers recommended for datasets or codes.,2,multiple_choice,0.5
AIP,applied_physics_letters,data_timing,7. Timing of data release,False,,Timing of data availability not adressed in RDP.,2,multiple_choice,
AIP,applied_physics_letters,data_sharing_method,8. Recommended data sharing method,False,,Multiple data sharing methods equally recommended in RDP.,2,multiple_choice,0.4
AIP,applied_physics_letters,data_licenses,9. Recommended/required licenses,False,,No mention of data/code licenses in RDP.,2,multiple_choice,0.0
AIP,applied_physics_letters,data_referee,10. Referee guidelines concerning research data,False,,Data sharing policy not mentioned in refereeing guidelines.,2,multiple_choice,0.0
AIP,applied_physics_letters,code_required,13. Code sharing requirements,False,,Code sharing not mentioned.,2,multiple_choice,0.0
AIP,applied_physics_letters,code_reproducibility,14. Code Reproducibility,False,,No mention of dependencies for research code.,2,multiple_choice,0.0
AIP,applied_physics_letters,code_versioning,15. Versioning and persistent identifiers,False,,No mention of a persistent identifier or specifying a version of developed code.,2,multiple_choice,0.0
AIP,applied_physics_letters,code_quality,16. Code Quality Standards,False,,The journal policies do not mention any code quality standards.,2,multiple_choice,0.0
AIP,applied_physics_letters,code_autotest,17. Automatic Testing,False,,No mention of automatic testing to verify code functionality.,2,multiple_choice,0.0
AIP,applied_physics_letters,code_docs,18. Code Documentation,False,,No mention of standards for code documentation.,2,multiple_choice,0.0
AIP,applied_physics_letters,code_linting,19. Linting Standards,False,,No mention of linting standards for code.,2,multiple_choice,0.0
AIP,applied_physics_letters,code_development,20. Code Development,False,,No mention of standards for code development such as continuous integration.,2,multiple_choice,0.0
AIP,apl_materials,rdp_exist,1. Existence of research data policy,False,,Research Data Policy (RDP) exists.,2,multiple_choice,1.0
AIP,apl_materials,data_sharing,3. Data sharing requirements in RDP,True,Language understanding,Data sharing encouraged but optional.,2,multiple_choice,0.0
AIP,apl_materials,data_fair,4. FAIR data sharing (see https://www.go-fair.org/fair-principles/ for a definition of FAIR),False,,Public data sharing on a FAIR repository encouraged.,2,multiple_choice,0.33
AIP,apl_materials,data_availability,2. Data availability statement,False,,Required according to the RDP.,2,multiple_choice,1.0
AIP,apl_materials,data_citability,5. Citability and findability of data ,False,,DOIs or other persistent identifiers recommended for datasets or codes.,2,multiple_choice,0.5
AIP,apl_materials,data_timing,7. Timing of data release,False,,Timing of data availability not adressed in RDP.,2,multiple_choice,
AIP,apl_materials,data_sharing_method,8. Recommended data sharing method,False,,Multiple data sharing methods equally recommended in RDP.,2,multiple_choice,0.4
AIP,apl_materials,data_licenses,9. Recommended/required licenses,False,,No mention of data/code licenses in RDP.,2,multiple_choice,0.0
AIP,apl_materials,data_referee,10. Referee guidelines concerning research data,False,,Data sharing policy not mentioned in refereeing guidelines.,2,multiple_choice,0.0
AIP,apl_materials,code_required,13. Code sharing requirements,False,,Code sharing not mentioned.,2,multiple_choice,0.0
AIP,apl_materials,code_reproducibility,14. Code Reproducibility,False,,No mention of dependencies for research code.,2,multiple_choice,0.0
AIP,apl_materials,code_versioning,15. Versioning and persistent identifiers,False,,No mention of a persistent identifier or specifying a version of developed code.,2,multiple_choice,0.0
AIP,apl_materials,code_quality,16. Code Quality Standards,False,,The journal policies do not mention any code quality standards.,2,multiple_choice,0.0
AIP,apl_materials,code_autotest,17. Automatic Testing,False,,No mention of automatic testing to verify code functionality.,2,multiple_choice,0.0
AIP,apl_materials,code_docs,18. Code Documentation,False,,No mention of standards for code documentation.,2,multiple_choice,0.0
AIP,apl_materials,code_linting,19. Linting Standards,False,,No mention of linting standards for code.,2,multiple_choice,0.0
AIP,apl_materials,code_development,20. Code Development,False,,No mention of standards for code development such as continuous integration.,2,multiple_choice,0.0
AIP,low_temperature_physics,rdp_exist,1. Existence of research data policy,False,,Research Data Policy (RDP) exists.,2,multiple_choice,1.0
AIP,low_temperature_physics,data_sharing,3. Data sharing requirements in RDP,True,Language understanding,Data sharing encouraged but optional.,2,multiple_choice,0.0
AIP,low_temperature_physics,data_fair,4. FAIR data sharing (see https://www.go-fair.org/fair-principles/ for a definition of FAIR),False,,Public data sharing on a FAIR repository encouraged.,2,multiple_choice,0.33
AIP,low_temperature_physics,data_availability,2. Data availability statement,False,,Required according to the RDP.,2,multiple_choice,1.0
AIP,low_temperature_physics,data_citability,5. Citability and findability of data ,False,,DOIs or other persistent identifiers recommended for datasets or codes.,2,multiple_choice,0.5
AIP,low_temperature_physics,data_timing,7. Timing of data release,False,,Timing of data availability not adressed in RDP.,2,multiple_choice,
AIP,low_temperature_physics,data_sharing_method,8. Recommended data sharing method,False,,Multiple data sharing methods equally recommended in RDP.,2,multiple_choice,0.4
AIP,low_temperature_physics,data_licenses,9. Recommended/required licenses,False,,No mention of data/code licenses in RDP.,2,multiple_choice,0.0
AIP,low_temperature_physics,data_referee,10. Referee guidelines concerning research data,False,,Data sharing policy not mentioned in refereeing guidelines.,2,multiple_choice,0.0
AIP,low_temperature_physics,code_required,13. Code sharing requirements,False,,Code sharing not mentioned.,2,multiple_choice,0.0
AIP,low_temperature_physics,code_reproducibility,14. Code Reproducibility,False,,No mention of dependencies for research code.,2,multiple_choice,0.0
AIP,low_temperature_physics,code_versioning,15. Versioning and persistent identifiers,False,,No mention of a persistent identifier or specifying a version of developed code.,2,multiple_choice,0.0
AIP,low_temperature_physics,code_quality,16. Code Quality Standards,False,,The journal policies do not mention any code quality standards.,2,multiple_choice,0.0
AIP,low_temperature_physics,code_autotest,17. Automatic Testing,False,,No mention of automatic testing to verify code functionality.,2,multiple_choice,0.0
AIP,low_temperature_physics,code_docs,18. Code Documentation,False,,No mention of standards for code documentation.,2,multiple_choice,0.0
AIP,low_temperature_physics,code_linting,19. Linting Standards,False,,No mention of linting standards for code.,2,multiple_choice,0.0
AIP,low_temperature_physics,code_development,20. Code Development,False,,No mention of standards for code development such as continuous integration.,2,multiple_choice,0.0
APS,physical_review_d,rdp_exist,1. Existence of research data policy,False,,Research Data Policy (RDP) exists.,2,multiple_choice,1.0
APS,physical_review_d,data_sharing,3. Data sharing requirements in RDP,False,,Data sharing encouraged but optional.,2,multiple_choice,0.0
APS,physical_review_d,data_fair,4. FAIR data sharing (see https://www.go-fair.org/fair-principles/ for a definition of FAIR),False,,Public data sharing on a FAIR repository not mentioned in RDP.,2,multiple_choice,0.0
APS,physical_review_d,data_availability,2. Data availability statement,False,,Mentioned in the RDP but optional.,2,multiple_choice,0.5
APS,physical_review_d,data_citability,5. Citability and findability of data ,False,,DOIs or other persistent identifiers recommended for datasets or codes.,2,multiple_choice,0.5
APS,physical_review_d,data_timing,7. Timing of data release,False,,Required data must be available prior to official publication.,2,multiple_choice,0.75
APS,physical_review_d,data_sharing_method,8. Recommended data sharing method,False,,Public online repositories recommended in RDP.,2,multiple_choice,0.8
APS,physical_review_d,data_licenses,9. Recommended/required licenses,False,,No mention of data/code licenses in RDP.,2,multiple_choice,0.0
APS,physical_review_d,data_referee,10. Referee guidelines concerning research data,False,,Data sharing policy not mentioned in refereeing guidelines.,2,multiple_choice,0.0
APS,physical_review_d,data_recommended,"11. Unique policies for data types
Please name all data types for which unique policies are recommended according to the RDP (Please separate all data types be semicolon, e.g. crystal structures; Protein sequence)",False,,no text,2,open,
APS,physical_review_d,data_required,"12. Unique policies for data types
Please name all data types for which unique policies are required according to the RDP (Please separate all data types be semicolon, e.g. crystal structures; Protein sequence)",False,,no text,2,open,
APS,physical_review_d,code_required,13. Code sharing requirements,False,,Code sharing encouraged but optional.,2,multiple_choice,0.5
APS,physical_review_d,code_reproducibility,14. Code Reproducibility,False,,No mention of dependencies for research code.,2,multiple_choice,0.0
APS,physical_review_d,code_versioning,15. Versioning and persistent identifiers,False,,No mention of a persistent identifier or specifying a version of developed code.,2,multiple_choice,0.0
APS,physical_review_d,code_quality,16. Code Quality Standards,False,,The journal policies do not mention any code quality standards.,2,multiple_choice,0.0
APS,physical_review_d,code_autotest,17. Automatic Testing,False,,No mention of automatic testing to verify code functionality.,2,multiple_choice,0.0
APS,physical_review_d,code_docs,18. Code Documentation,False,,No mention of standards for code documentation.,2,multiple_choice,0.0
APS,physical_review_d,code_linting,19. Linting Standards,False,,No mention of linting standards for code.,2,multiple_choice,0.0
APS,physical_review_d,code_development,20. Code Development,False,,No mention of standards for code development such as continuous integration.,2,multiple_choice,0.0
APS,physical_review_e,rdp_exist,1. Existence of research data policy,False,,Research Data Policy (RDP) exists.,2,multiple_choice,1.0
APS,physical_review_e,data_sharing,3. Data sharing requirements in RDP,False,,Data sharing encouraged but optional.,2,multiple_choice,0.0
APS,physical_review_e,data_fair,4. FAIR data sharing (see https://www.go-fair.org/fair-principles/ for a definition of FAIR),False,,Public data sharing on a FAIR repository not mentioned in RDP.,2,multiple_choice,0.0
APS,physical_review_e,data_availability,2. Data availability statement,False,,Mentioned in the RDP but optional.,2,multiple_choice,0.5
APS,physical_review_e,data_citability,5. Citability and findability of data ,False,,DOIs or other persistent identifiers recommended for datasets or codes.,2,multiple_choice,0.5
APS,physical_review_e,data_timing,7. Timing of data release,False,,Required data must be available prior to official publication.,2,multiple_choice,0.75
APS,physical_review_e,data_sharing_method,8. Recommended data sharing method,False,,Public online repositories recommended in RDP.,2,multiple_choice,0.8
APS,physical_review_e,data_licenses,9. Recommended/required licenses,False,,No mention of data/code licenses in RDP.,2,multiple_choice,0.0
APS,physical_review_e,data_referee,10. Referee guidelines concerning research data,False,,Data sharing policy not mentioned in refereeing guidelines.,2,multiple_choice,0.0
APS,physical_review_e,data_recommended,"11. Unique policies for data types
Please name all data types for which unique policies are recommended according to the RDP (Please separate all data types be semicolon, e.g. crystal structures; Protein sequence)",False,,no text,2,open,
APS,physical_review_e,data_required,"12. Unique policies for data types
Please name all data types for which unique policies are required according to the RDP (Please separate all data types be semicolon, e.g. crystal structures; Protein sequence)",False,,no text,2,open,
APS,physical_review_e,code_required,13. Code sharing requirements,False,,Code sharing encouraged but optional.,2,multiple_choice,0.5
APS,physical_review_e,code_reproducibility,14. Code Reproducibility,False,,No mention of dependencies for research code.,2,multiple_choice,0.0
APS,physical_review_e,code_versioning,15. Versioning and persistent identifiers,False,,No mention of a persistent identifier or specifying a version of developed code.,2,multiple_choice,0.0
APS,physical_review_e,code_quality,16. Code Quality Standards,False,,The journal policies do not mention any code quality standards.,2,multiple_choice,0.0
APS,physical_review_e,code_autotest,17. Automatic Testing,False,,No mention of automatic testing to verify code functionality.,2,multiple_choice,0.0
APS,physical_review_e,code_docs,18. Code Documentation,False,,No mention of standards for code documentation.,2,multiple_choice,0.0
APS,physical_review_e,code_linting,19. Linting Standards,False,,No mention of linting standards for code.,2,multiple_choice,0.0
APS,physical_review_e,code_development,20. Code Development,False,,No mention of standards for code development such as continuous integration.,2,multiple_choice,0.0
APS,physical_review_letters,rdp_exist,1. Existence of research data policy,False,,Research Data Policy (RDP) exists.,2,multiple_choice,1.0
APS,physical_review_letters,data_sharing,3. Data sharing requirements in RDP,False,,Data sharing encouraged but optional.,2,multiple_choice,0.0
APS,physical_review_letters,data_fair,4. FAIR data sharing (see https://www.go-fair.org/fair-principles/ for a definition of FAIR),False,,Public data sharing on a FAIR repository not mentioned in RDP.,2,multiple_choice,0.0
APS,physical_review_letters,data_availability,2. Data availability statement,False,,Mentioned in the RDP but optional.,2,multiple_choice,0.5
APS,physical_review_letters,data_citability,5. Citability and findability of data ,False,,DOIs or other persistent identifiers recommended for datasets or codes.,2,multiple_choice,0.5
APS,physical_review_letters,data_timing,7. Timing of data release,False,,Required data must be available prior to official publication.,2,multiple_choice,0.75
APS,physical_review_letters,data_sharing_method,8. Recommended data sharing method,False,,Public online repositories recommended in RDP.,2,multiple_choice,0.8
APS,physical_review_letters,data_licenses,9. Recommended/required licenses,False,,No mention of data/code licenses in RDP.,2,multiple_choice,0.0
APS,physical_review_letters,data_referee,10. Referee guidelines concerning research data,False,,Data sharing policy not mentioned in refereeing guidelines.,2,multiple_choice,0.0
APS,physical_review_letters,data_recommended,"11. Unique policies for data types
Please name all data types for which unique policies are recommended according to the RDP (Please separate all data types be semicolon, e.g. crystal structures; Protein sequence)",False,,no text,2,open,
APS,physical_review_letters,data_required,"12. Unique policies for data types
Please name all data types for which unique policies are required according to the RDP (Please separate all data types be semicolon, e.g. crystal structures; Protein sequence)",False,,no text,2,open,
APS,physical_review_letters,code_required,13. Code sharing requirements,True,Language understanding,Code sharing encouraged but optional.,2,multiple_choice,0.5
APS,physical_review_letters,code_reproducibility,14. Code Reproducibility,False,,No mention of dependencies for research code.,2,multiple_choice,0.0
APS,physical_review_letters,code_versioning,15. Versioning and persistent identifiers,False,,No mention of a persistent identifier or specifying a version of developed code.,2,multiple_choice,0.0
APS,physical_review_letters,code_quality,16. Code Quality Standards,False,,The journal policies do not mention any code quality standards.,2,multiple_choice,0.0
APS,physical_review_letters,code_autotest,17. Automatic Testing,False,,No mention of automatic testing to verify code functionality.,2,multiple_choice,0.0
APS,physical_review_letters,code_docs,18. Code Documentation,False,,No mention of standards for code documentation.,2,multiple_choice,0.0
APS,physical_review_letters,code_linting,19. Linting Standards,False,,No mention of linting standards for code.,2,multiple_choice,0.0
APS,physical_review_letters,code_development,20. Code Development,False,,No mention of standards for code development such as continuous integration.,2,multiple_choice,0.0
APS,physical_review_c,rdp_exist,1. Existence of research data policy,False,,Research Data Policy (RDP) exists.,2,multiple_choice,1.0
APS,physical_review_c,data_sharing,3. Data sharing requirements in RDP,False,,Data sharing encouraged but optional.,2,multiple_choice,0.0
APS,physical_review_c,data_fair,4. FAIR data sharing (see https://www.go-fair.org/fair-principles/ for a definition of FAIR),False,,Public data sharing on a FAIR repository not mentioned in RDP.,2,multiple_choice,0.0
APS,physical_review_c,data_availability,2. Data availability statement,False,,Mentioned in the RDP but optional.,2,multiple_choice,0.5
APS,physical_review_c,data_citability,5. Citability and findability of data ,False,,DOIs or other persistent identifiers recommended for datasets or codes.,2,multiple_choice,0.5
APS,physical_review_c,data_timing,7. Timing of data release,False,,Required data must be available prior to official publication.,2,multiple_choice,0.75
APS,physical_review_c,data_sharing_method,8. Recommended data sharing method,False,,Public online repositories recommended in RDP.,2,multiple_choice,0.8
APS,physical_review_c,data_licenses,9. Recommended/required licenses,False,,No mention of data/code licenses in RDP.,2,multiple_choice,0.0
APS,physical_review_c,data_referee,10. Referee guidelines concerning research data,False,,Data sharing policy not mentioned in refereeing guidelines.,2,multiple_choice,0.0
APS,physical_review_c,data_recommended,"11. Unique policies for data types
Please name all data types for which unique policies are recommended according to the RDP (Please separate all data types be semicolon, e.g. crystal structures; Protein sequence)",False,,no text,2,open,
APS,physical_review_c,data_required,"12. Unique policies for data types
Please name all data types for which unique policies are required according to the RDP (Please separate all data types be semicolon, e.g. crystal structures; Protein sequence)",False,,no text,2,open,
APS,physical_review_c,code_required,13. Code sharing requirements,True,Language understanding,Code sharing encouraged but optional.,2,multiple_choice,0.5
APS,physical_review_c,code_reproducibility,14. Code Reproducibility,False,,No mention of dependencies for research code.,2,multiple_choice,0.0
APS,physical_review_c,code_versioning,15. Versioning and persistent identifiers,False,,No mention of a persistent identifier or specifying a version of developed code.,2,multiple_choice,0.0
APS,physical_review_c,code_quality,16. Code Quality Standards,False,,The journal policies do not mention any code quality standards.,2,multiple_choice,0.0
APS,physical_review_c,code_autotest,17. Automatic Testing,False,,No mention of automatic testing to verify code functionality.,2,multiple_choice,0.0
APS,physical_review_c,code_docs,18. Code Documentation,False,,No mention of standards for code documentation.,2,multiple_choice,0.0
APS,physical_review_c,code_linting,19. Linting Standards,False,,No mention of linting standards for code.,2,multiple_choice,0.0
APS,physical_review_c,code_development,20. Code Development,False,,No mention of standards for code development such as continuous integration.,2,multiple_choice,0.0
APS,physical_review_materials,rdp_exist,1. Existence of research data policy,False,,Research Data Policy (RDP) exists.,2,multiple_choice,1.0
APS,physical_review_materials,data_sharing,3. Data sharing requirements in RDP,False,,Data sharing encouraged but optional.,2,multiple_choice,0.0
APS,physical_review_materials,data_fair,4. FAIR data sharing (see https://www.go-fair.org/fair-principles/ for a definition of FAIR),False,,Public data sharing on a FAIR repository not mentioned in RDP.,2,multiple_choice,0.0
APS,physical_review_materials,data_availability,2. Data availability statement,False,,Mentioned in the RDP but optional.,2,multiple_choice,0.5
APS,physical_review_materials,data_citability,5. Citability and findability of data ,False,,DOIs or other persistent identifiers recommended for datasets or codes.,2,multiple_choice,0.5
APS,physical_review_materials,data_timing,7. Timing of data release,False,,Required data must be available prior to official publication.,2,multiple_choice,0.75
APS,physical_review_materials,data_sharing_method,8. Recommended data sharing method,False,,Public online repositories recommended in RDP.,2,multiple_choice,0.8
APS,physical_review_materials,data_licenses,9. Recommended/required licenses,False,,No mention of data/code licenses in RDP.,2,multiple_choice,0.0
APS,physical_review_materials,data_referee,10. Referee guidelines concerning research data,False,,Data sharing policy not mentioned in refereeing guidelines.,2,multiple_choice,0.0
APS,physical_review_materials,data_recommended,"11. Unique policies for data types
Please name all data types for which unique policies are recommended according to the RDP (Please separate all data types be semicolon, e.g. crystal structures; Protein sequence)",False,,no text,2,open,
APS,physical_review_materials,data_required,"12. Unique policies for data types
Please name all data types for which unique policies are required according to the RDP (Please separate all data types be semicolon, e.g. crystal structures; Protein sequence)",False,,no text,2,open,
APS,physical_review_materials,code_required,13. Code sharing requirements,False,,Code sharing encouraged but optional.,2,multiple_choice,0.5
APS,physical_review_materials,code_reproducibility,14. Code Reproducibility,False,,No mention of dependencies for research code.,2,multiple_choice,0.0
APS,physical_review_materials,code_versioning,15. Versioning and persistent identifiers,False,,No mention of a persistent identifier or specifying a version of developed code.,2,multiple_choice,0.0
APS,physical_review_materials,code_quality,16. Code Quality Standards,False,,The journal policies do not mention any code quality standards.,2,multiple_choice,0.0
APS,physical_review_materials,code_autotest,17. Automatic Testing,False,,No mention of automatic testing to verify code functionality.,2,multiple_choice,0.0
APS,physical_review_materials,code_docs,18. Code Documentation,False,,No mention of standards for code documentation.,2,multiple_choice,0.0
APS,physical_review_materials,code_linting,19. Linting Standards,False,,No mention of linting standards for code.,2,multiple_choice,0.0
APS,physical_review_materials,code_development,20. Code Development,False,,No mention of standards for code development such as continuous integration.,2,multiple_choice,0.0
APS,physical_review_x,rdp_exist,1. Existence of research data policy,False,,Research Data Policy (RDP) exists.,2,multiple_choice,1.0
APS,physical_review_x,data_sharing,3. Data sharing requirements in RDP,False,,Data sharing encouraged but optional.,2,multiple_choice,0.0
APS,physical_review_x,data_fair,4. FAIR data sharing (see https://www.go-fair.org/fair-principles/ for a definition of FAIR),False,,Public data sharing on a FAIR repository not mentioned in RDP.,2,multiple_choice,0.0
APS,physical_review_x,data_availability,2. Data availability statement,False,,Mentioned in the RDP but optional.,2,multiple_choice,0.5
APS,physical_review_x,data_citability,5. Citability and findability of data ,False,,DOIs or other persistent identifiers recommended for datasets or codes.,2,multiple_choice,0.5
APS,physical_review_x,data_timing,7. Timing of data release,False,,Required data must be available prior to official publication.,2,multiple_choice,0.75
APS,physical_review_x,data_sharing_method,8. Recommended data sharing method,False,,Public online repositories recommended in RDP.,2,multiple_choice,0.8
APS,physical_review_x,data_licenses,9. Recommended/required licenses,False,,No mention of data/code licenses in RDP.,2,multiple_choice,0.0
APS,physical_review_x,data_referee,10. Referee guidelines concerning research data,False,,Data sharing policy not mentioned in refereeing guidelines.,2,multiple_choice,0.0
APS,physical_review_x,data_recommended,"11. Unique policies for data types
Please name all data types for which unique policies are recommended according to the RDP (Please separate all data types be semicolon, e.g. crystal structures; Protein sequence)",False,,no text,2,open,
APS,physical_review_x,data_required,"12. Unique policies for data types
Please name all data types for which unique policies are required according to the RDP (Please separate all data types be semicolon, e.g. crystal structures; Protein sequence)",False,,no text,2,open,
APS,physical_review_x,code_required,13. Code sharing requirements,False,,Code sharing encouraged but optional.,2,multiple_choice,0.5
APS,physical_review_x,code_reproducibility,14. Code Reproducibility,False,,No mention of dependencies for research code.,2,multiple_choice,0.0
APS,physical_review_x,code_versioning,15. Versioning and persistent identifiers,False,,No mention of a persistent identifier or specifying a version of developed code.,2,multiple_choice,0.0
APS,physical_review_x,code_quality,16. Code Quality Standards,False,,The journal policies do not mention any code quality standards.,2,multiple_choice,0.0
APS,physical_review_x,code_autotest,17. Automatic Testing,False,,No mention of automatic testing to verify code functionality.,2,multiple_choice,0.0
APS,physical_review_x,code_docs,18. Code Documentation,False,,No mention of standards for code documentation.,2,multiple_choice,0.0
APS,physical_review_x,code_linting,19. Linting Standards,False,,No mention of linting standards for code.,2,multiple_choice,0.0
APS,physical_review_x,code_development,20. Code Development,False,,No mention of standards for code development such as continuous integration.,2,multiple_choice,0.0
APS,physical_review_b,rdp_exist,1. Existence of research data policy,False,,Research Data Policy (RDP) exists.,2,multiple_choice,1.0
APS,physical_review_b,data_sharing,3. Data sharing requirements in RDP,False,,Data sharing encouraged but optional.,2,multiple_choice,0.0
APS,physical_review_b,data_fair,4. FAIR data sharing (see https://www.go-fair.org/fair-principles/ for a definition of FAIR),False,,Public data sharing on a FAIR repository not mentioned in RDP.,2,multiple_choice,0.0
APS,physical_review_b,data_availability,2. Data availability statement,False,,Mentioned in the RDP but optional.,2,multiple_choice,0.5
APS,physical_review_b,data_citability,5. Citability and findability of data ,False,,DOIs or other persistent identifiers recommended for datasets or codes.,2,multiple_choice,0.5
APS,physical_review_b,data_timing,7. Timing of data release,False,,Required data must be available prior to official publication.,2,multiple_choice,0.75
APS,physical_review_b,data_sharing_method,8. Recommended data sharing method,False,,Public online repositories recommended in RDP.,2,multiple_choice,0.8
APS,physical_review_b,data_licenses,9. Recommended/required licenses,False,,No mention of data/code licenses in RDP.,2,multiple_choice,0.0
APS,physical_review_b,data_referee,10. Referee guidelines concerning research data,False,,Data sharing policy not mentioned in refereeing guidelines.,2,multiple_choice,0.0
APS,physical_review_b,data_recommended,"11. Unique policies for data types
Please name all data types for which unique policies are recommended according to the RDP (Please separate all data types be semicolon, e.g. crystal structures; Protein sequence)",False,,no text,2,open,
APS,physical_review_b,data_required,"12. Unique policies for data types
Please name all data types for which unique policies are required according to the RDP (Please separate all data types be semicolon, e.g. crystal structures; Protein sequence)",False,,no text,2,open,
APS,physical_review_b,code_required,13. Code sharing requirements,False,,Code sharing encouraged but optional.,2,multiple_choice,0.5
APS,physical_review_b,code_reproducibility,14. Code Reproducibility,False,,No mention of dependencies for research code.,2,multiple_choice,0.0
APS,physical_review_b,code_versioning,15. Versioning and persistent identifiers,False,,No mention of a persistent identifier or specifying a version of developed code.,2,multiple_choice,0.0
APS,physical_review_b,code_quality,16. Code Quality Standards,False,,The journal policies do not mention any code quality standards.,2,multiple_choice,0.0
APS,physical_review_b,code_autotest,17. Automatic Testing,False,,No mention of automatic testing to verify code functionality.,2,multiple_choice,0.0
APS,physical_review_b,code_docs,18. Code Documentation,False,,No mention of standards for code documentation.,2,multiple_choice,0.0
APS,physical_review_b,code_linting,19. Linting Standards,False,,No mention of linting standards for code.,2,multiple_choice,0.0
APS,physical_review_b,code_development,20. Code Development,False,,No mention of standards for code development such as continuous integration.,2,multiple_choice,0.0
APS,prx_quantum,rdp_exist,1. Existence of research data policy,False,,Research Data Policy (RDP) exists.,2,multiple_choice,1.0
APS,prx_quantum,data_sharing,3. Data sharing requirements in RDP,False,,Data sharing encouraged but optional.,2,multiple_choice,0.0
APS,prx_quantum,data_fair,4. FAIR data sharing (see https://www.go-fair.org/fair-principles/ for a definition of FAIR),False,,Public data sharing on a FAIR repository not mentioned in RDP.,2,multiple_choice,0.0
APS,prx_quantum,data_availability,2. Data availability statement,False,,Mentioned in the RDP but optional.,2,multiple_choice,0.5
APS,prx_quantum,data_citability,5. Citability and findability of data ,False,,DOIs or other persistent identifiers recommended for datasets or codes.,2,multiple_choice,0.5
APS,prx_quantum,data_timing,7. Timing of data release,False,,Required data must be available prior to official publication.,2,multiple_choice,0.75
APS,prx_quantum,data_sharing_method,8. Recommended data sharing method,False,,Public online repositories recommended in RDP.,2,multiple_choice,0.8
APS,prx_quantum,data_licenses,9. Recommended/required licenses,False,,No mention of data/code licenses in RDP.,2,multiple_choice,0.0
APS,prx_quantum,data_referee,10. Referee guidelines concerning research data,False,,Data sharing policy not mentioned in refereeing guidelines.,2,multiple_choice,0.0
APS,prx_quantum,data_recommended,"11. Unique policies for data types
Please name all data types for which unique policies are recommended according to the RDP (Please separate all data types be semicolon, e.g. crystal structures; Protein sequence)",False,,no text,2,open,
APS,prx_quantum,data_required,"12. Unique policies for data types
Please name all data types for which unique policies are required according to the RDP (Please separate all data types be semicolon, e.g. crystal structures; Protein sequence)",False,,no text,2,open,
APS,prx_quantum,code_required,13. Code sharing requirements,True,Language understanding,Code sharing encouraged but optional.,2,multiple_choice,0.5
APS,prx_quantum,code_reproducibility,14. Code Reproducibility,False,,No mention of dependencies for research code.,2,multiple_choice,0.0
APS,prx_quantum,code_versioning,15. Versioning and persistent identifiers,False,,No mention of a persistent identifier or specifying a version of developed code.,2,multiple_choice,0.0
APS,prx_quantum,code_quality,16. Code Quality Standards,False,,The journal policies do not mention any code quality standards.,2,multiple_choice,0.0
APS,prx_quantum,code_autotest,17. Automatic Testing,False,,No mention of automatic testing to verify code functionality.,2,multiple_choice,0.0
APS,prx_quantum,code_docs,18. Code Documentation,False,,No mention of standards for code documentation.,2,multiple_choice,0.0
APS,prx_quantum,code_linting,19. Linting Standards,False,,No mention of linting standards for code.,2,multiple_choice,0.0
APS,prx_quantum,code_development,20. Code Development,False,,No mention of standards for code development such as continuous integration.,2,multiple_choice,0.0
APS,physical_review_a,rdp_exist,1. Existence of research data policy,False,,Research Data Policy (RDP) exists.,2,multiple_choice,1.0
APS,physical_review_a,data_sharing,3. Data sharing requirements in RDP,False,,Data sharing encouraged but optional.,2,multiple_choice,0.0
APS,physical_review_a,data_fair,4. FAIR data sharing (see https://www.go-fair.org/fair-principles/ for a definition of FAIR),False,,Public data sharing on a FAIR repository not mentioned in RDP.,2,multiple_choice,0.0
APS,physical_review_a,data_availability,2. Data availability statement,False,,Mentioned in the RDP but optional.,2,multiple_choice,0.5
APS,physical_review_a,data_citability,5. Citability and findability of data ,False,,DOIs or other persistent identifiers recommended for datasets or codes.,2,multiple_choice,0.5
APS,physical_review_a,data_timing,7. Timing of data release,False,,Required data must be available prior to official publication.,2,multiple_choice,0.75
APS,physical_review_a,data_sharing_method,8. Recommended data sharing method,False,,Public online repositories recommended in RDP.,2,multiple_choice,0.8
APS,physical_review_a,data_licenses,9. Recommended/required licenses,False,,No mention of data/code licenses in RDP.,2,multiple_choice,0.0
APS,physical_review_a,data_referee,10. Referee guidelines concerning research data,False,,Data sharing policy not mentioned in refereeing guidelines.,2,multiple_choice,0.0
APS,physical_review_a,data_recommended,"11. Unique policies for data types
Please name all data types for which unique policies are recommended according to the RDP (Please separate all data types be semicolon, e.g. crystal structures; Protein sequence)",False,,no text,2,open,
APS,physical_review_a,data_required,"12. Unique policies for data types
Please name all data types for which unique policies are required according to the RDP (Please separate all data types be semicolon, e.g. crystal structures; Protein sequence)",False,,no text,2,open,
APS,physical_review_a,code_required,13. Code sharing requirements,False,,Code sharing encouraged but optional.,2,multiple_choice,0.5
APS,physical_review_a,code_reproducibility,14. Code Reproducibility,False,,No mention of dependencies for research code.,2,multiple_choice,0.0
APS,physical_review_a,code_versioning,15. Versioning and persistent identifiers,False,,No mention of a persistent identifier or specifying a version of developed code.,2,multiple_choice,0.0
APS,physical_review_a,code_quality,16. Code Quality Standards,False,,The journal policies do not mention any code quality standards.,2,multiple_choice,0.0
APS,physical_review_a,code_autotest,17. Automatic Testing,False,,No mention of automatic testing to verify code functionality.,2,multiple_choice,0.0
APS,physical_review_a,code_docs,18. Code Documentation,False,,No mention of standards for code documentation.,2,multiple_choice,0.0
APS,physical_review_a,code_linting,19. Linting Standards,False,,No mention of linting standards for code.,2,multiple_choice,0.0
APS,physical_review_a,code_development,20. Code Development,False,,No mention of standards for code development such as continuous integration.,2,multiple_choice,0.0
APS,physical_review_applied,rdp_exist,1. Existence of research data policy,False,,Research Data Policy (RDP) exists.,2,multiple_choice,1.0
APS,physical_review_applied,data_sharing,3. Data sharing requirements in RDP,False,,Data sharing encouraged but optional.,2,multiple_choice,0.0
APS,physical_review_applied,data_fair,4. FAIR data sharing (see https://www.go-fair.org/fair-principles/ for a definition of FAIR),False,,Public data sharing on a FAIR repository not mentioned in RDP.,2,multiple_choice,0.0
APS,physical_review_applied,data_availability,2. Data availability statement,False,,Mentioned in the RDP but optional.,2,multiple_choice,0.5
APS,physical_review_applied,data_citability,5. Citability and findability of data ,False,,DOIs or other persistent identifiers recommended for datasets or codes.,2,multiple_choice,0.5
APS,physical_review_applied,data_timing,7. Timing of data release,False,,Required data must be available prior to official publication.,2,multiple_choice,0.75
APS,physical_review_applied,data_sharing_method,8. Recommended data sharing method,False,,Public online repositories recommended in RDP.,2,multiple_choice,0.8
APS,physical_review_applied,data_licenses,9. Recommended/required licenses,False,,No mention of data/code licenses in RDP.,2,multiple_choice,0.0
APS,physical_review_applied,data_referee,10. Referee guidelines concerning research data,False,,Data sharing policy not mentioned in refereeing guidelines.,2,multiple_choice,0.0
APS,physical_review_applied,data_recommended,"11. Unique policies for data types
Please name all data types for which unique policies are recommended according to the RDP (Please separate all data types be semicolon, e.g. crystal structures; Protein sequence)",False,,no text,2,open,
APS,physical_review_applied,data_required,"12. Unique policies for data types
Please name all data types for which unique policies are required according to the RDP (Please separate all data types be semicolon, e.g. crystal structures; Protein sequence)",False,,no text,2,open,
APS,physical_review_applied,code_required,13. Code sharing requirements,False,,Code sharing encouraged but optional.,2,multiple_choice,0.5
APS,physical_review_applied,code_reproducibility,14. Code Reproducibility,False,,No mention of dependencies for research code.,2,multiple_choice,0.0
APS,physical_review_applied,code_versioning,15. Versioning and persistent identifiers,False,,No mention of a persistent identifier or specifying a version of developed code.,2,multiple_choice,0.0
APS,physical_review_applied,code_quality,16. Code Quality Standards,False,,The journal policies do not mention any code quality standards.,2,multiple_choice,0.0
APS,physical_review_applied,code_autotest,17. Automatic Testing,False,,No mention of automatic testing to verify code functionality.,2,multiple_choice,0.0
APS,physical_review_applied,code_docs,18. Code Documentation,False,,No mention of standards for code documentation.,2,multiple_choice,0.0
APS,physical_review_applied,code_linting,19. Linting Standards,False,,No mention of linting standards for code.,2,multiple_choice,0.0
APS,physical_review_applied,code_development,20. Code Development,False,,No mention of standards for code development such as continuous integration.,2,multiple_choice,0.0
APS,physical_review_research,rdp_exist,1. Existence of research data policy,False,,Research Data Policy (RDP) exists.,2,multiple_choice,1.0
APS,physical_review_research,data_sharing,3. Data sharing requirements in RDP,False,,Data sharing encouraged but optional.,2,multiple_choice,0.0
APS,physical_review_research,data_fair,4. FAIR data sharing (see https://www.go-fair.org/fair-principles/ for a definition of FAIR),False,,Public data sharing on a FAIR repository not mentioned in RDP.,2,multiple_choice,0.0
APS,physical_review_research,data_availability,2. Data availability statement,False,,Mentioned in the RDP but optional.,2,multiple_choice,0.5
APS,physical_review_research,data_citability,5. Citability and findability of data ,False,,DOIs or other persistent identifiers recommended for datasets or codes.,2,multiple_choice,0.5
APS,physical_review_research,data_timing,7. Timing of data release,False,,Required data must be available prior to official publication.,2,multiple_choice,0.75
APS,physical_review_research,data_sharing_method,8. Recommended data sharing method,False,,Public online repositories recommended in RDP.,2,multiple_choice,0.8
APS,physical_review_research,data_licenses,9. Recommended/required licenses,False,,No mention of data/code licenses in RDP.,2,multiple_choice,0.0
APS,physical_review_research,data_referee,10. Referee guidelines concerning research data,False,,Data sharing policy not mentioned in refereeing guidelines.,2,multiple_choice,0.0
APS,physical_review_research,data_recommended,"11. Unique policies for data types
Please name all data types for which unique policies are recommended according to the RDP (Please separate all data types be semicolon, e.g. crystal structures; Protein sequence)",False,,no text,2,open,
APS,physical_review_research,data_required,"12. Unique policies for data types
Please name all data types for which unique policies are required according to the RDP (Please separate all data types be semicolon, e.g. crystal structures; Protein sequence)",False,,no text,2,open,
APS,physical_review_research,code_required,13. Code sharing requirements,True,Language understanding,Code sharing encouraged but optional.,2,multiple_choice,0.5
APS,physical_review_research,code_reproducibility,14. Code Reproducibility,False,,No mention of dependencies for research code.,2,multiple_choice,0.0
APS,physical_review_research,code_versioning,15. Versioning and persistent identifiers,False,,No mention of a persistent identifier or specifying a version of developed code.,2,multiple_choice,0.0
APS,physical_review_research,code_quality,16. Code Quality Standards,False,,The journal policies do not mention any code quality standards.,2,multiple_choice,0.0
APS,physical_review_research,code_autotest,17. Automatic Testing,False,,No mention of automatic testing to verify code functionality.,2,multiple_choice,0.0
APS,physical_review_research,code_docs,18. Code Documentation,False,,No mention of standards for code documentation.,2,multiple_choice,0.0
APS,physical_review_research,code_linting,19. Linting Standards,False,,No mention of linting standards for code.,2,multiple_choice,0.0
APS,physical_review_research,code_development,20. Code Development,False,,No mention of standards for code development such as continuous integration.,2,multiple_choice,0.0
Bentham Science,current_organic_synthesis,rdp_exist,1. Existence of research data policy,False,,Research Data Policy (RDP) exists.,2,multiple_choice,1.0
Bentham Science,current_organic_synthesis,data_sharing,3. Data sharing requirements in RDP,True,Selected answer is better interpretation of RDP.,Data sharing encouraged but optional.,2,multiple_choice,0.0
Bentham Science,current_organic_synthesis,data_fair,4. FAIR data sharing (see https://www.go-fair.org/fair-principles/ for a definition of FAIR),False,,Public data sharing on a FAIR repository not mentioned in RDP.,2,multiple_choice,0.0
Bentham Science,current_organic_synthesis,data_availability,2. Data availability statement,False,,Required according to the RDP.,2,multiple_choice,1.0
Bentham Science,current_organic_synthesis,data_citability,5. Citability and findability of data ,True,Selected answer is better interpretation of RDP.,DOIs or other persistent identifiers recommended for datasets or codes.,2,multiple_choice,0.5
Bentham Science,current_organic_synthesis,data_timing,7. Timing of data release,False,,Required data must be available prior to review process.,2,multiple_choice,1.0
Bentham Science,current_organic_synthesis,data_sharing_method,8. Recommended data sharing method,True,Selected answer is better interpretation of RDP.,Public online repositories recommended in RDP.,2,multiple_choice,0.8
Bentham Science,current_organic_synthesis,data_licenses,9. Recommended/required licenses,False,,No mention of data/code licenses in RDP.,2,multiple_choice,0.0
Bentham Science,current_organic_synthesis,data_referee,10. Referee guidelines concerning research data,True,Missed text.,Data sharing policy mentioned in refereeing guidelines.,2,multiple_choice,0.33
Bentham Science,current_organic_synthesis,data_recommended,"11. Unique policies for data types
Please name all data types for which unique policies are recommended according to the RDP (Please separate all data types be semicolon, e.g. crystal structures; Protein sequence)",True,Same answer but different wording.,none,2,open,
Bentham Science,current_organic_synthesis,data_required,"12. Unique policies for data types
Please name all data types for which unique policies are required according to the RDP (Please separate all data types be semicolon, e.g. crystal structures; Protein sequence)",True,Same answer but different wording.,none,2,open,
Bentham Science,current_organic_synthesis,code_required,13. Code sharing requirements,False,,Code sharing not mentioned.,2,multiple_choice,0.0
Bentham Science,current_organic_synthesis,code_reproducibility,14. Code Reproducibility,False,,No mention of dependencies for research code.,2,multiple_choice,0.0
Bentham Science,current_organic_synthesis,code_versioning,15. Versioning and persistent identifiers,False,,No mention of a persistent identifier or specifying a version of developed code.,2,multiple_choice,0.0
Bentham Science,current_organic_synthesis,code_quality,16. Code Quality Standards,True,Same answer but different wording.,Not mention any code quality standards.,2,multiple_choice,0.0
Bentham Science,current_organic_synthesis,code_autotest,17. Automatic Testing,False,,No mention of automatic testing to verify code functionality.,2,multiple_choice,0.0
Bentham Science,current_organic_synthesis,code_docs,18. Code Documentation,False,,No mention of standards for code documentation.,2,multiple_choice,0.0
Bentham Science,current_organic_synthesis,code_linting,19. Linting Standards,False,,No mention of linting standards for code.,2,multiple_choice,0.0
Bentham Science,current_organic_synthesis,code_development,20. Code Development,False,,No mention of standards for code development such as continuous integration.,2,multiple_choice,0.0
Bentham Science,current_organocatalysis,rdp_exist,1. Existence of research data policy,False,,Research Data Policy (RDP) exists.,2,multiple_choice,1.0
Bentham Science,current_organocatalysis,data_sharing,3. Data sharing requirements in RDP,True,Selected answer is better interpretation of RDP.,Data sharing encouraged but optional.,2,multiple_choice,0.0
Bentham Science,current_organocatalysis,data_fair,4. FAIR data sharing (see https://www.go-fair.org/fair-principles/ for a definition of FAIR),False,,Public data sharing on a FAIR repository not mentioned in RDP.,2,multiple_choice,0.0
Bentham Science,current_organocatalysis,data_availability,2. Data availability statement,False,,Required according to the RDP.,2,multiple_choice,1.0
Bentham Science,current_organocatalysis,data_citability,5. Citability and findability of data ,True,Selected answer is better interpretation of RDP.,DOIs or other persistent identifiers recommended for datasets or codes.,2,multiple_choice,0.5
Bentham Science,current_organocatalysis,data_timing,7. Timing of data release,False,,Required data must be available prior to review process.,2,multiple_choice,1.0
Bentham Science,current_organocatalysis,data_sharing_method,8. Recommended data sharing method,True,Selected answer is better interpretation of RDP.,Public online repositories recommended in RDP.,2,multiple_choice,0.8
Bentham Science,current_organocatalysis,data_licenses,9. Recommended/required licenses,False,,No mention of data/code licenses in RDP.,2,multiple_choice,0.0
Bentham Science,current_organocatalysis,data_referee,10. Referee guidelines concerning research data,True,Missed text.,Data sharing policy mentioned in refereeing guidelines.,2,multiple_choice,0.33
Bentham Science,current_organocatalysis,data_recommended,"11. Unique policies for data types
Please name all data types for which unique policies are recommended according to the RDP (Please separate all data types be semicolon, e.g. crystal structures; Protein sequence)",True,Same answer but different wording.,none,2,open,
Bentham Science,current_organocatalysis,data_required,"12. Unique policies for data types
Please name all data types for which unique policies are required according to the RDP (Please separate all data types be semicolon, e.g. crystal structures; Protein sequence)",True,Same answer but different wording.,none,2,open,
Bentham Science,current_organocatalysis,code_required,13. Code sharing requirements,False,,Code sharing not mentioned.,2,multiple_choice,0.0
Bentham Science,current_organocatalysis,code_reproducibility,14. Code Reproducibility,False,,No mention of dependencies for research code.,2,multiple_choice,0.0
Bentham Science,current_organocatalysis,code_versioning,15. Versioning and persistent identifiers,False,,No mention of a persistent identifier or specifying a version of developed code.,2,multiple_choice,0.0
Bentham Science,current_organocatalysis,code_quality,16. Code Quality Standards,True,Same answer but different wording.,Not mention any code quality standards.,2,multiple_choice,0.0
Bentham Science,current_organocatalysis,code_autotest,17. Automatic Testing,False,,No mention of automatic testing to verify code functionality.,2,multiple_choice,0.0
Bentham Science,current_organocatalysis,code_docs,18. Code Documentation,False,,No mention of standards for code documentation.,2,multiple_choice,0.0
Bentham Science,current_organocatalysis,code_linting,19. Linting Standards,False,,No mention of linting standards for code.,2,multiple_choice,0.0
Bentham Science,current_organocatalysis,code_development,20. Code Development,False,,No mention of standards for code development such as continuous integration.,2,multiple_choice,0.0
Bentham Science,current_organic_chemistry,rdp_exist,1. Existence of research data policy,False,,Research Data Policy (RDP) exists.,2,multiple_choice,1.0
Bentham Science,current_organic_chemistry,data_sharing,3. Data sharing requirements in RDP,True,Selected answer is better interpretation of RDP.,Data sharing encouraged but optional.,2,multiple_choice,0.0
Bentham Science,current_organic_chemistry,data_fair,4. FAIR data sharing (see https://www.go-fair.org/fair-principles/ for a definition of FAIR),False,,Public data sharing on a FAIR repository not mentioned in RDP.,2,multiple_choice,0.0
Bentham Science,current_organic_chemistry,data_availability,2. Data availability statement,False,,Required according to the RDP.,2,multiple_choice,1.0
Bentham Science,current_organic_chemistry,data_citability,5. Citability and findability of data ,True,Selected answer is better interpretation of RDP.,DOIs or other persistent identifiers recommended for datasets or codes.,2,multiple_choice,0.5
Bentham Science,current_organic_chemistry,data_timing,7. Timing of data release,False,,Required data must be available prior to review process.,2,multiple_choice,1.0
Bentham Science,current_organic_chemistry,data_sharing_method,8. Recommended data sharing method,True,Selected answer is better interpretation of RDP.,Public online repositories recommended in RDP.,2,multiple_choice,0.8
Bentham Science,current_organic_chemistry,data_licenses,9. Recommended/required licenses,False,,No mention of data/code licenses in RDP.,2,multiple_choice,0.0
Bentham Science,current_organic_chemistry,data_referee,10. Referee guidelines concerning research data,True,Missed text.,Data sharing policy mentioned in refereeing guidelines.,2,multiple_choice,0.33
Bentham Science,current_organic_chemistry,data_recommended,"11. Unique policies for data types
Please name all data types for which unique policies are recommended according to the RDP (Please separate all data types be semicolon, e.g. crystal structures; Protein sequence)",True,Same answer but different wording.,none,2,open,
Bentham Science,current_organic_chemistry,data_required,"12. Unique policies for data types
Please name all data types for which unique policies are required according to the RDP (Please separate all data types be semicolon, e.g. crystal structures; Protein sequence)",True,Same answer but different wording.,none,2,open,
Bentham Science,current_organic_chemistry,code_required,13. Code sharing requirements,False,,Code sharing not mentioned.,2,multiple_choice,0.0
Bentham Science,current_organic_chemistry,code_reproducibility,14. Code Reproducibility,False,,No mention of dependencies for research code.,2,multiple_choice,0.0
Bentham Science,current_organic_chemistry,code_versioning,15. Versioning and persistent identifiers,False,,No mention of a persistent identifier or specifying a version of developed code.,2,multiple_choice,0.0
Bentham Science,current_organic_chemistry,code_quality,16. Code Quality Standards,True,Same answer but different wording.,Not mention any code quality standards.,2,multiple_choice,0.0
Bentham Science,current_organic_chemistry,code_autotest,17. Automatic Testing,False,,No mention of automatic testing to verify code functionality.,2,multiple_choice,0.0
Bentham Science,current_organic_chemistry,code_docs,18. Code Documentation,False,,No mention of standards for code documentation.,2,multiple_choice,0.0
Bentham Science,current_organic_chemistry,code_linting,19. Linting Standards,False,,No mention of linting standards for code.,2,multiple_choice,0.0
Bentham Science,current_organic_chemistry,code_development,20. Code Development,False,,No mention of standards for code development such as continuous integration.,2,multiple_choice,0.0
Bentham Science,current_nanoscience,rdp_exist,1. Existence of research data policy,False,,Research Data Policy (RDP) exists.,2,multiple_choice,1.0
Bentham Science,current_nanoscience,data_sharing,3. Data sharing requirements in RDP,True,Selected answer is better interpretation of RDP.,Data sharing encouraged but optional.,2,multiple_choice,0.0
Bentham Science,current_nanoscience,data_fair,4. FAIR data sharing (see https://www.go-fair.org/fair-principles/ for a definition of FAIR),False,,Public data sharing on a FAIR repository not mentioned in RDP.,2,multiple_choice,0.0
Bentham Science,current_nanoscience,data_availability,2. Data availability statement,False,,Required according to the RDP.,2,multiple_choice,1.0
Bentham Science,current_nanoscience,data_citability,5. Citability and findability of data ,True,Selected answer is better interpretation of RDP.,DOIs or other persistent identifiers recommended for datasets or codes.,2,multiple_choice,0.5
Bentham Science,current_nanoscience,data_timing,7. Timing of data release,False,,Required data must be available prior to review process.,2,multiple_choice,1.0
Bentham Science,current_nanoscience,data_sharing_method,8. Recommended data sharing method,True,Selected answer is better interpretation of RDP.,Public online repositories recommended in RDP.,2,multiple_choice,0.8
Bentham Science,current_nanoscience,data_licenses,9. Recommended/required licenses,False,,No mention of data/code licenses in RDP.,2,multiple_choice,0.0
Bentham Science,current_nanoscience,data_referee,10. Referee guidelines concerning research data,True,Missed text.,Data sharing policy mentioned in refereeing guidelines.,2,multiple_choice,0.33
Bentham Science,current_nanoscience,data_recommended,"11. Unique policies for data types
Please name all data types for which unique policies are recommended according to the RDP (Please separate all data types be semicolon, e.g. crystal structures; Protein sequence)",True,Same answer but different wording.,none,2,open,
Bentham Science,current_nanoscience,data_required,"12. Unique policies for data types
Please name all data types for which unique policies are required according to the RDP (Please separate all data types be semicolon, e.g. crystal structures; Protein sequence)",True,Same answer but different wording.,none,2,open,
Bentham Science,current_nanoscience,code_required,13. Code sharing requirements,False,,Code sharing not mentioned.,2,multiple_choice,0.0
Bentham Science,current_nanoscience,code_reproducibility,14. Code Reproducibility,False,,No mention of dependencies for research code.,2,multiple_choice,0.0
Bentham Science,current_nanoscience,code_versioning,15. Versioning and persistent identifiers,False,,No mention of a persistent identifier or specifying a version of developed code.,2,multiple_choice,0.0
Bentham Science,current_nanoscience,code_quality,16. Code Quality Standards,True,Same answer but different wording.,Not mention any code quality standards.,2,multiple_choice,0.0
Bentham Science,current_nanoscience,code_autotest,17. Automatic Testing,False,,No mention of automatic testing to verify code functionality.,2,multiple_choice,0.0
Bentham Science,current_nanoscience,code_docs,18. Code Documentation,False,,No mention of standards for code documentation.,2,multiple_choice,0.0
Bentham Science,current_nanoscience,code_linting,19. Linting Standards,False,,No mention of linting standards for code.,2,multiple_choice,0.0
Bentham Science,current_nanoscience,code_development,20. Code Development,False,,No mention of standards for code development such as continuous integration.,2,multiple_choice,0.0
Bentham Science,letters_in_organic_chemistry,rdp_exist,1. Existence of research data policy,False,,Research Data Policy (RDP) exists.,2,multiple_choice,1.0
Bentham Science,letters_in_organic_chemistry,data_sharing,3. Data sharing requirements in RDP,True,Selected answer is better interpretation of RDP.,Data sharing encouraged but optional.,2,multiple_choice,0.0
Bentham Science,letters_in_organic_chemistry,data_fair,4. FAIR data sharing (see https://www.go-fair.org/fair-principles/ for a definition of FAIR),False,,Public data sharing on a FAIR repository not mentioned in RDP.,2,multiple_choice,0.0
Bentham Science,letters_in_organic_chemistry,data_availability,2. Data availability statement,False,,Required according to the RDP.,2,multiple_choice,1.0
Bentham Science,letters_in_organic_chemistry,data_citability,5. Citability and findability of data ,True,Selected answer is better interpretation of RDP.,DOIs or other persistent identifiers recommended for datasets or codes.,2,multiple_choice,0.5
Bentham Science,letters_in_organic_chemistry,data_timing,7. Timing of data release,False,,Required data must be available prior to review process.,2,multiple_choice,1.0
Bentham Science,letters_in_organic_chemistry,data_sharing_method,8. Recommended data sharing method,True,Selected answer is better interpretation of RDP.,Public online repositories recommended in RDP.,2,multiple_choice,0.8
Bentham Science,letters_in_organic_chemistry,data_licenses,9. Recommended/required licenses,False,,No mention of data/code licenses in RDP.,2,multiple_choice,0.0
Bentham Science,letters_in_organic_chemistry,data_referee,10. Referee guidelines concerning research data,True,Missed text.,Data sharing policy mentioned in refereeing guidelines.,2,multiple_choice,0.33
Bentham Science,letters_in_organic_chemistry,data_recommended,"11. Unique policies for data types
Please name all data types for which unique policies are recommended according to the RDP (Please separate all data types be semicolon, e.g. crystal structures; Protein sequence)",True,Same answer but different wording.,none,2,open,
Bentham Science,letters_in_organic_chemistry,data_required,"12. Unique policies for data types
Please name all data types for which unique policies are required according to the RDP (Please separate all data types be semicolon, e.g. crystal structures; Protein sequence)",True,Same answer but different wording.,none,2,open,
Bentham Science,letters_in_organic_chemistry,code_required,13. Code sharing requirements,False,,Code sharing not mentioned.,2,multiple_choice,0.0
Bentham Science,letters_in_organic_chemistry,code_reproducibility,14. Code Reproducibility,False,,No mention of dependencies for research code.,2,multiple_choice,0.0
Bentham Science,letters_in_organic_chemistry,code_versioning,15. Versioning and persistent identifiers,False,,No mention of a persistent identifier or specifying a version of developed code.,2,multiple_choice,0.0
Bentham Science,letters_in_organic_chemistry,code_quality,16. Code Quality Standards,True,Same answer but different wording.,Not mention any code quality standards.,2,multiple_choice,0.0
Bentham Science,letters_in_organic_chemistry,code_autotest,17. Automatic Testing,False,,No mention of automatic testing to verify code functionality.,2,multiple_choice,0.0
Bentham Science,letters_in_organic_chemistry,code_docs,18. Code Documentation,False,,No mention of standards for code documentation.,2,multiple_choice,0.0
Bentham Science,letters_in_organic_chemistry,code_linting,19. Linting Standards,False,,No mention of linting standards for code.,2,multiple_choice,0.0
Bentham Science,letters_in_organic_chemistry,code_development,20. Code Development,False,,No mention of standards for code development such as continuous integration.,2,multiple_choice,0.0
Bentham Science,mini-reviews_in_organic_chemistry,rdp_exist,1. Existence of research data policy,False,,Research Data Policy (RDP) exists.,2,multiple_choice,1.0
Bentham Science,mini-reviews_in_organic_chemistry,data_sharing,3. Data sharing requirements in RDP,True,Selected answer is better interpretation of RDP.,Data sharing encouraged but optional.,2,multiple_choice,0.0
Bentham Science,mini-reviews_in_organic_chemistry,data_fair,4. FAIR data sharing (see https://www.go-fair.org/fair-principles/ for a definition of FAIR),False,,Public data sharing on a FAIR repository not mentioned in RDP.,2,multiple_choice,0.0
Bentham Science,mini-reviews_in_organic_chemistry,data_availability,2. Data availability statement,False,,Required according to the RDP.,2,multiple_choice,1.0
Bentham Science,mini-reviews_in_organic_chemistry,data_citability,5. Citability and findability of data ,True,Selected answer is better interpretation of RDP.,DOIs or other persistent identifiers recommended for datasets or codes.,2,multiple_choice,0.5
Bentham Science,mini-reviews_in_organic_chemistry,data_timing,7. Timing of data release,False,,Required data must be available prior to review process.,2,multiple_choice,1.0
Bentham Science,mini-reviews_in_organic_chemistry,data_sharing_method,8. Recommended data sharing method,True,Selected answer is better interpretation of RDP.,Public online repositories recommended in RDP.,2,multiple_choice,0.8
Bentham Science,mini-reviews_in_organic_chemistry,data_licenses,9. Recommended/required licenses,False,,No mention of data/code licenses in RDP.,2,multiple_choice,0.0
Bentham Science,mini-reviews_in_organic_chemistry,data_referee,10. Referee guidelines concerning research data,True,Missed text.,Data sharing policy mentioned in refereeing guidelines.,2,multiple_choice,0.33
Bentham Science,mini-reviews_in_organic_chemistry,data_recommended,"11. Unique policies for data types
Please name all data types for which unique policies are recommended according to the RDP (Please separate all data types be semicolon, e.g. crystal structures; Protein sequence)",True,Same answer but different wording.,none,2,open,
Bentham Science,mini-reviews_in_organic_chemistry,data_required,"12. Unique policies for data types
Please name all data types for which unique policies are required according to the RDP (Please separate all data types be semicolon, e.g. crystal structures; Protein sequence)",True,Same answer but different wording.,none,2,open,
Bentham Science,mini-reviews_in_organic_chemistry,code_required,13. Code sharing requirements,False,,Code sharing not mentioned.,2,multiple_choice,0.0
Bentham Science,mini-reviews_in_organic_chemistry,code_reproducibility,14. Code Reproducibility,False,,No mention of dependencies for research code.,2,multiple_choice,0.0
Bentham Science,mini-reviews_in_organic_chemistry,code_versioning,15. Versioning and persistent identifiers,False,,No mention of a persistent identifier or specifying a version of developed code.,2,multiple_choice,0.0
Bentham Science,mini-reviews_in_organic_chemistry,code_quality,16. Code Quality Standards,True,Same answer but different wording.,Not mention any code quality standards.,2,multiple_choice,0.0
Bentham Science,mini-reviews_in_organic_chemistry,code_autotest,17. Automatic Testing,False,,No mention of automatic testing to verify code functionality.,2,multiple_choice,0.0
Bentham Science,mini-reviews_in_organic_chemistry,code_docs,18. Code Documentation,False,,No mention of standards for code documentation.,2,multiple_choice,0.0
Bentham Science,mini-reviews_in_organic_chemistry,code_linting,19. Linting Standards,False,,No mention of linting standards for code.,2,multiple_choice,0.0
Bentham Science,mini-reviews_in_organic_chemistry,code_development,20. Code Development,False,,No mention of standards for code development such as continuous integration.,2,multiple_choice,0.0
Elsevier,ssrn_electronic_journal,rdp_exist,1. Existence of research data policy,False,,Research Data Policy (RDP) exists.,1,multiple_choice,1.0
Elsevier,ssrn_electronic_journal,data_sharing,3. Data sharing requirements in RDP,False,,Data sharing encouraged but optional.,1,multiple_choice,0.0
Elsevier,ssrn_electronic_journal,data_fair,4. FAIR data sharing (see https://www.go-fair.org/fair-principles/ for a definition of FAIR),False,,Public data sharing on a FAIR repository encouraged.,1,multiple_choice,0.33
Elsevier,ssrn_electronic_journal,data_availability,2. Data availability statement,False,,Mentioned in the RDP but optional.,1,multiple_choice,0.5
Elsevier,ssrn_electronic_journal,data_citability,5. Citability and findability of data ,False,,DOIs or other persistent identifiers recommended for datasets or codes.,1,multiple_choice,0.5
Elsevier,ssrn_electronic_journal,data_timing,7. Timing of data release,False,,Timing of data availability not adressed in RDP.,1,multiple_choice,
Elsevier,ssrn_electronic_journal,data_sharing_method,8. Recommended data sharing method,False,,Multiple data sharing methods equally recommended in RDP.,1,multiple_choice,0.4
Elsevier,ssrn_electronic_journal,data_licenses,9. Recommended/required licenses,False,,No mention of data/code licenses in RDP.,1,multiple_choice,0.0
Elsevier,ssrn_electronic_journal,data_referee,10. Referee guidelines concerning research data,False,,Data sharing policy not mentioned in refereeing guidelines.,1,multiple_choice,0.0
Elsevier,ssrn_electronic_journal,data_recommended,"11. Unique policies for data types
Please name all data types for which unique policies are recommended according to the RDP (Please separate all data types be semicolon, e.g. crystal structures; Protein sequence)",False,,no text,1,open,
Elsevier,ssrn_electronic_journal,data_required,"12. Unique policies for data types
Please name all data types for which unique policies are required according to the RDP (Please separate all data types be semicolon, e.g. crystal structures; Protein sequence)",False,,no text,1,open,
Elsevier,ssrn_electronic_journal,code_required,13. Code sharing requirements,False,,Code sharing not mentioned.,1,multiple_choice,0.0
Elsevier,ssrn_electronic_journal,code_reproducibility,14. Code Reproducibility,False,,No mention of dependencies for research code.,1,multiple_choice,0.0
Elsevier,ssrn_electronic_journal,code_versioning,15. Versioning and persistent identifiers,False,,No mention of a persistent identifier or specifying a version of developed code.,1,multiple_choice,0.0
Elsevier,ssrn_electronic_journal,code_quality,16. Code Quality Standards,False,,The journal policies do not mention any code quality standards.,1,multiple_choice,0.0
Elsevier,ssrn_electronic_journal,code_autotest,17. Automatic Testing,False,,No mention of automatic testing to verify code functionality.,1,multiple_choice,0.0
Elsevier,ssrn_electronic_journal,code_docs,18. Code Documentation,False,,No mention of standards for code documentation.,1,multiple_choice,0.0
Elsevier,ssrn_electronic_journal,code_linting,19. Linting Standards,False,,No mention of linting standards for code.,1,multiple_choice,0.0
Elsevier,ssrn_electronic_journal,code_development,20. Code Development,False,,No mention of standards for code development such as continuous integration.,1,multiple_choice,0.0
Elsevier,optical_materials,rdp_exist,1. Existence of research data policy,False,,Research Data Policy (RDP) exists.,2,multiple_choice,1.0
Elsevier,optical_materials,data_sharing,3. Data sharing requirements in RDP,True,Text not found,Data sharing encouraged but optional.,2,multiple_choice,0.0
Elsevier,optical_materials,data_fair,4. FAIR data sharing (see https://www.go-fair.org/fair-principles/ for a definition of FAIR),False,,Public data sharing on a FAIR repository encouraged.,2,multiple_choice,0.33
Elsevier,optical_materials,data_availability,2. Data availability statement,False,,Required according to the RDP.,2,multiple_choice,1.0
Elsevier,optical_materials,data_citability,5. Citability and findability of data ,False,,DOIs or other persistent identifiers recommended for datasets or codes.,2,multiple_choice,0.5
Elsevier,optical_materials,data_timing,7. Timing of data release,False,,Timing of data availability not adressed in RDP.,2,multiple_choice,
Elsevier,optical_materials,data_sharing_method,8. Recommended data sharing method,True,Language understanding,Multiple data sharing methods equally recommended in RDP.,2,multiple_choice,0.4
Elsevier,optical_materials,data_licenses,9. Recommended/required licenses,False,,No mention of data/code licenses in RDP.,2,multiple_choice,0.0
Elsevier,optical_materials,data_referee,10. Referee guidelines concerning research data,False,,Data sharing policy mentioned in refereeing guidelines.,2,multiple_choice,0.33
Elsevier,optical_materials,data_recommended,"11. Unique policies for data types
Please name all data types for which unique policies are recommended according to the RDP (Please separate all data types be semicolon, e.g. crystal structures; Protein sequence)",True,Formatting,,2,open,
Elsevier,optical_materials,data_required,"12. Unique policies for data types
Please name all data types for which unique policies are required according to the RDP (Please separate all data types be semicolon, e.g. crystal structures; Protein sequence)",True,Formatting,,2,open,
Elsevier,optical_materials,code_required,13. Code sharing requirements,False,,Code sharing encouraged but optional.,2,multiple_choice,0.5
Elsevier,optical_materials,code_reproducibility,14. Code Reproducibility,True,Language understanding,No mention of dependencies for research code.,2,multiple_choice,0.0
Elsevier,optical_materials,code_versioning,15. Versioning and persistent identifiers,True,Language understanding,No mention of a persistent identifier or specifying a version of developed code.,2,multiple_choice,0.0
Elsevier,optical_materials,code_quality,16. Code Quality Standards,False,,The journal policies do not mention any code quality standards.,2,multiple_choice,0.0
Elsevier,optical_materials,code_autotest,17. Automatic Testing,False,,No mention of automatic testing to verify code functionality.,2,multiple_choice,0.0
Elsevier,optical_materials,code_docs,18. Code Documentation,False,,No mention of standards for code documentation.,2,multiple_choice,0.0
Elsevier,optical_materials,code_linting,19. Linting Standards,False,,No mention of linting standards for code.,2,multiple_choice,0.0
Elsevier,optical_materials,code_development,20. Code Development,False,,No mention of standards for code development such as continuous integration.,2,multiple_choice,0.0
Elsevier,applied_catalysis_b_environment_and_energy,rdp_exist,1. Existence of research data policy,False,,Research Data Policy (RDP) exists.,2,multiple_choice,1.0
Elsevier,applied_catalysis_b_environment_and_energy,data_sharing,3. Data sharing requirements in RDP,True,Text not found,Data sharing encouraged but optional.,2,multiple_choice,0.0
Elsevier,applied_catalysis_b_environment_and_energy,data_fair,4. FAIR data sharing (see https://www.go-fair.org/fair-principles/ for a definition of FAIR),False,,Public data sharing on a FAIR repository encouraged.,2,multiple_choice,0.33
Elsevier,applied_catalysis_b_environment_and_energy,data_availability,2. Data availability statement,False,,Required according to the RDP.,2,multiple_choice,1.0
Elsevier,applied_catalysis_b_environment_and_energy,data_citability,5. Citability and findability of data ,False,,DOIs or other persistent identifiers recommended for datasets or codes.,2,multiple_choice,0.5
Elsevier,applied_catalysis_b_environment_and_energy,data_timing,7. Timing of data release,False,,Timing of data availability not adressed in RDP.,2,multiple_choice,
Elsevier,applied_catalysis_b_environment_and_energy,data_sharing_method,8. Recommended data sharing method,True,Language understanding,Multiple data sharing methods equally recommended in RDP.,2,multiple_choice,0.4
Elsevier,applied_catalysis_b_environment_and_energy,data_licenses,9. Recommended/required licenses,False,,No mention of data/code licenses in RDP.,2,multiple_choice,0.0
Elsevier,applied_catalysis_b_environment_and_energy,data_referee,10. Referee guidelines concerning research data,False,,Data sharing policy mentioned in refereeing guidelines.,2,multiple_choice,0.33
Elsevier,applied_catalysis_b_environment_and_energy,data_recommended,"11. Unique policies for data types
Please name all data types for which unique policies are recommended according to the RDP (Please separate all data types be semicolon, e.g. crystal structures; Protein sequence)",True,Formatting,,2,open,
Elsevier,applied_catalysis_b_environment_and_energy,data_required,"12. Unique policies for data types
Please name all data types for which unique policies are required according to the RDP (Please separate all data types be semicolon, e.g. crystal structures; Protein sequence)",True,Formatting,,2,open,
Elsevier,applied_catalysis_b_environment_and_energy,code_required,13. Code sharing requirements,False,,Code sharing encouraged but optional.,2,multiple_choice,0.5
Elsevier,applied_catalysis_b_environment_and_energy,code_reproducibility,14. Code Reproducibility,True,Language understanding,No mention of dependencies for research code.,2,multiple_choice,0.0
Elsevier,applied_catalysis_b_environment_and_energy,code_versioning,15. Versioning and persistent identifiers,True,Language understanding,No mention of a persistent identifier or specifying a version of developed code.,2,multiple_choice,0.0
Elsevier,applied_catalysis_b_environment_and_energy,code_quality,16. Code Quality Standards,False,,The journal policies do not mention any code quality standards.,2,multiple_choice,0.0
Elsevier,applied_catalysis_b_environment_and_energy,code_autotest,17. Automatic Testing,False,,No mention of automatic testing to verify code functionality.,2,multiple_choice,0.0
Elsevier,applied_catalysis_b_environment_and_energy,code_docs,18. Code Documentation,False,,No mention of standards for code documentation.,2,multiple_choice,0.0
Elsevier,applied_catalysis_b_environment_and_energy,code_linting,19. Linting Standards,False,,No mention of linting standards for code.,2,multiple_choice,0.0
Elsevier,applied_catalysis_b_environment_and_energy,code_development,20. Code Development,False,,No mention of standards for code development such as continuous integration.,2,multiple_choice,0.0
Elsevier,escience,rdp_exist,1. Existence of research data policy,True,Text not found,Research Data Policy (RDP) exists.,2,multiple_choice,1.0
Elsevier,escience,data_sharing,3. Data sharing requirements in RDP,False,,Data sharing encouraged but optional.,2,multiple_choice,0.0
Elsevier,escience,data_fair,4. FAIR data sharing (see https://www.go-fair.org/fair-principles/ for a definition of FAIR),True,Text not found,Public data sharing on a FAIR repository encouraged.,2,multiple_choice,0.33
Elsevier,escience,data_availability,2. Data availability statement,True,Text not found,Mentioned in the RDP but optional.,2,multiple_choice,0.5
Elsevier,escience,data_citability,5. Citability and findability of data ,False,,DOIs or other persistent identifiers recommended for datasets or codes.,2,multiple_choice,0.5
Elsevier,escience,data_timing,7. Timing of data release,False,,Timing of data availability not adressed in RDP.,2,multiple_choice,
Elsevier,escience,data_sharing_method,8. Recommended data sharing method,True,Text not found,Multiple data sharing methods equally recommended in RDP.,2,multiple_choice,0.4
Elsevier,escience,data_licenses,9. Recommended/required licenses,False,,No mention of data/code licenses in RDP.,2,multiple_choice,0.0
Elsevier,escience,data_referee,10. Referee guidelines concerning research data,True,Text not found,Data sharing policy mentioned in refereeing guidelines.,2,multiple_choice,0.33
Elsevier,escience,data_recommended,"11. Unique policies for data types
Please name all data types for which unique policies are recommended according to the RDP (Please separate all data types be semicolon, e.g. crystal structures; Protein sequence)",True,Formatting,,2,open,
Elsevier,escience,data_required,"12. Unique policies for data types
Please name all data types for which unique policies are required according to the RDP (Please separate all data types be semicolon, e.g. crystal structures; Protein sequence)",True,Formatting,,2,open,
Elsevier,escience,code_required,13. Code sharing requirements,False,,Code sharing encouraged but optional.,2,multiple_choice,0.5
Elsevier,escience,code_reproducibility,14. Code Reproducibility,False,,No mention of dependencies for research code.,2,multiple_choice,0.0
Elsevier,escience,code_versioning,15. Versioning and persistent identifiers,False,,No mention of a persistent identifier or specifying a version of developed code.,2,multiple_choice,0.0
Elsevier,escience,code_quality,16. Code Quality Standards,False,,The journal policies do not mention any code quality standards.,2,multiple_choice,0.0
Elsevier,escience,code_autotest,17. Automatic Testing,False,,No mention of automatic testing to verify code functionality.,2,multiple_choice,0.0
Elsevier,escience,code_docs,18. Code Documentation,False,,No mention of standards for code documentation.,2,multiple_choice,0.0
Elsevier,escience,code_linting,19. Linting Standards,False,,No mention of linting standards for code.,2,multiple_choice,0.0
Elsevier,escience,code_development,20. Code Development,False,,No mention of standards for code development such as continuous integration.,2,multiple_choice,0.0
Elsevier,chemical_engineering_journal,rdp_exist,1. Existence of research data policy,False,,Research Data Policy (RDP) exists.,2,multiple_choice,1.0
Elsevier,chemical_engineering_journal,data_sharing,3. Data sharing requirements in RDP,True,Text not found,Data sharing encouraged but optional.,2,multiple_choice,0.0
Elsevier,chemical_engineering_journal,data_fair,4. FAIR data sharing (see https://www.go-fair.org/fair-principles/ for a definition of FAIR),False,,Public data sharing on a FAIR repository encouraged.,2,multiple_choice,0.33
Elsevier,chemical_engineering_journal,data_availability,2. Data availability statement,True,Text not found,Required according to the RDP.,2,multiple_choice,1.0
Elsevier,chemical_engineering_journal,data_citability,5. Citability and findability of data ,False,,DOIs or other persistent identifiers recommended for datasets or codes.,2,multiple_choice,0.5
Elsevier,chemical_engineering_journal,data_timing,7. Timing of data release,False,,Timing of data availability not adressed in RDP.,2,multiple_choice,
Elsevier,chemical_engineering_journal,data_sharing_method,8. Recommended data sharing method,True,Language understanding,Multiple data sharing methods equally recommended in RDP.,2,multiple_choice,0.4
Elsevier,chemical_engineering_journal,data_licenses,9. Recommended/required licenses,False,,No mention of data/code licenses in RDP.,2,multiple_choice,0.0
Elsevier,chemical_engineering_journal,data_referee,10. Referee guidelines concerning research data,False,,Data sharing policy mentioned in refereeing guidelines.,2,multiple_choice,0.33
Elsevier,chemical_engineering_journal,data_recommended,"11. Unique policies for data types
Please name all data types for which unique policies are recommended according to the RDP (Please separate all data types be semicolon, e.g. crystal structures; Protein sequence)",True,Formatting,,2,open,
Elsevier,chemical_engineering_journal,data_required,"12. Unique policies for data types
Please name all data types for which unique policies are required according to the RDP (Please separate all data types be semicolon, e.g. crystal structures; Protein sequence)",True,Formatting,,2,open,
Elsevier,chemical_engineering_journal,code_required,13. Code sharing requirements,False,,Code sharing encouraged but optional.,2,multiple_choice,0.5
Elsevier,chemical_engineering_journal,code_reproducibility,14. Code Reproducibility,True,Language understanding,No mention of dependencies for research code.,2,multiple_choice,0.0
Elsevier,chemical_engineering_journal,code_versioning,15. Versioning and persistent identifiers,True,Language understanding,No mention of a persistent identifier or specifying a version of developed code.,2,multiple_choice,0.0
Elsevier,chemical_engineering_journal,code_quality,16. Code Quality Standards,False,,The journal policies do not mention any code quality standards.,2,multiple_choice,0.0
Elsevier,chemical_engineering_journal,code_autotest,17. Automatic Testing,False,,No mention of automatic testing to verify code functionality.,2,multiple_choice,0.0
Elsevier,chemical_engineering_journal,code_docs,18. Code Documentation,False,,No mention of standards for code documentation.,2,multiple_choice,0.0
Elsevier,chemical_engineering_journal,code_linting,19. Linting Standards,False,,No mention of linting standards for code.,2,multiple_choice,0.0
Elsevier,chemical_engineering_journal,code_development,20. Code Development,False,,No mention of standards for code development such as continuous integration.,2,multiple_choice,0.0
Elsevier,energy_storage_materials,rdp_exist,1. Existence of research data policy,False,,Research Data Policy (RDP) exists.,2,multiple_choice,1.0
Elsevier,energy_storage_materials,data_sharing,3. Data sharing requirements in RDP,False,,Data sharing encouraged but optional.,2,multiple_choice,0.0
Elsevier,energy_storage_materials,data_fair,4. FAIR data sharing (see https://www.go-fair.org/fair-principles/ for a definition of FAIR),False,,Public data sharing on a FAIR repository encouraged.,2,multiple_choice,0.33
Elsevier,energy_storage_materials,data_availability,2. Data availability statement,True,Text not found,Required according to the RDP.,2,multiple_choice,1.0
Elsevier,energy_storage_materials,data_citability,5. Citability and findability of data ,False,,DOIs or other persistent identifiers recommended for datasets or codes.,2,multiple_choice,0.5
Elsevier,energy_storage_materials,data_timing,7. Timing of data release,False,,Timing of data availability not adressed in RDP.,2,multiple_choice,
Elsevier,energy_storage_materials,data_sharing_method,8. Recommended data sharing method,True,Language understanding,Multiple data sharing methods equally recommended in RDP.,2,multiple_choice,0.4
Elsevier,energy_storage_materials,data_licenses,9. Recommended/required licenses,False,,No mention of data/code licenses in RDP.,2,multiple_choice,0.0
Elsevier,energy_storage_materials,data_referee,10. Referee guidelines concerning research data,True,Language understanding,Data sharing policy not mentioned in refereeing guidelines.,2,multiple_choice,0.0
Elsevier,energy_storage_materials,data_recommended,"11. Unique policies for data types
Please name all data types for which unique policies are recommended according to the RDP (Please separate all data types be semicolon, e.g. crystal structures; Protein sequence)",True,Formatting,,2,open,
Elsevier,energy_storage_materials,data_required,"12. Unique policies for data types
Please name all data types for which unique policies are required according to the RDP (Please separate all data types be semicolon, e.g. crystal structures; Protein sequence)",True,Formatting,,2,open,
Elsevier,energy_storage_materials,code_required,13. Code sharing requirements,False,,Code sharing encouraged but optional.,2,multiple_choice,0.5
Elsevier,energy_storage_materials,code_reproducibility,14. Code Reproducibility,True,Language understanding,No mention of dependencies for research code.,2,multiple_choice,0.0
Elsevier,energy_storage_materials,code_versioning,15. Versioning and persistent identifiers,True,Language understanding,No mention of a persistent identifier or specifying a version of developed code.,2,multiple_choice,0.0
Elsevier,energy_storage_materials,code_quality,16. Code Quality Standards,False,,The journal policies do not mention any code quality standards.,2,multiple_choice,0.0
Elsevier,energy_storage_materials,code_autotest,17. Automatic Testing,False,,No mention of automatic testing to verify code functionality.,2,multiple_choice,0.0
Elsevier,energy_storage_materials,code_docs,18. Code Documentation,False,,No mention of standards for code documentation.,2,multiple_choice,0.0
Elsevier,energy_storage_materials,code_linting,19. Linting Standards,False,,No mention of linting standards for code.,2,multiple_choice,0.0
Elsevier,energy_storage_materials,code_development,20. Code Development,False,,No mention of standards for code development such as continuous integration.,2,multiple_choice,0.0
Elsevier,materials_today_proceedings,rdp_exist,1. Existence of research data policy,False,,Research Data Policy (RDP) exists.,1,multiple_choice,1.0
Elsevier,materials_today_proceedings,data_sharing,3. Data sharing requirements in RDP,False,,Data sharing encouraged but optional.,1,multiple_choice,0.0
Elsevier,materials_today_proceedings,data_fair,4. FAIR data sharing (see https://www.go-fair.org/fair-principles/ for a definition of FAIR),False,,Public data sharing on a FAIR repository encouraged.,1,multiple_choice,0.33
Elsevier,materials_today_proceedings,data_availability,2. Data availability statement,False,,Required according to the RDP.,1,multiple_choice,1.0
Elsevier,materials_today_proceedings,data_citability,5. Citability and findability of data ,False,,DOIs or other persistent identifiers recommended for datasets or codes.,1,multiple_choice,0.5
Elsevier,materials_today_proceedings,data_timing,7. Timing of data release,False,,Timing of data availability not adressed in RDP.,1,multiple_choice,
Elsevier,materials_today_proceedings,data_sharing_method,8. Recommended data sharing method,False,,Public online repositories recommended in RDP.,1,multiple_choice,0.8
Elsevier,materials_today_proceedings,data_licenses,9. Recommended/required licenses,False,,No mention of data/code licenses in RDP.,1,multiple_choice,0.0
Elsevier,materials_today_proceedings,data_referee,10. Referee guidelines concerning research data,False,,Data sharing policy not mentioned in refereeing guidelines.,1,multiple_choice,0.0
Elsevier,materials_today_proceedings,data_recommended,"11. Unique policies for data types
Please name all data types for which unique policies are recommended according to the RDP (Please separate all data types be semicolon, e.g. crystal structures; Protein sequence)",False,,n.a.,1,open,
Elsevier,materials_today_proceedings,data_required,"12. Unique policies for data types
Please name all data types for which unique policies are required according to the RDP (Please separate all data types be semicolon, e.g. crystal structures; Protein sequence)",False,,n.a.,1,open,
Elsevier,materials_today_proceedings,code_required,13. Code sharing requirements,False,,Code sharing encouraged but optional.,1,multiple_choice,0.5
Elsevier,materials_today_proceedings,code_reproducibility,14. Code Reproducibility,False,,No mention of dependencies for research code.,1,multiple_choice,0.0
Elsevier,materials_today_proceedings,code_versioning,15. Versioning and persistent identifiers,False,,No mention of a persistent identifier or specifying a version of developed code.,1,multiple_choice,0.0
Elsevier,materials_today_proceedings,code_quality,16. Code Quality Standards,False,,The journal policies do not mention any code quality standards.,1,multiple_choice,0.0
Elsevier,materials_today_proceedings,code_autotest,17. Automatic Testing,False,,No mention of automatic testing to verify code functionality.,1,multiple_choice,0.0
Elsevier,materials_today_proceedings,code_docs,18. Code Documentation,False,,No mention of standards for code documentation.,1,multiple_choice,0.0
Elsevier,materials_today_proceedings,code_linting,19. Linting Standards,False,,No mention of linting standards for code.,1,multiple_choice,0.0
Elsevier,materials_today_proceedings,code_development,20. Code Development,False,,No mention of standards for code development such as continuous integration.,1,multiple_choice,0.0
Elsevier,international_journal_of_thermal_sciences,rdp_exist,1. Existence of research data policy,False,,Research Data Policy (RDP) exists.,2,multiple_choice,1.0
Elsevier,international_journal_of_thermal_sciences,data_sharing,3. Data sharing requirements in RDP,True,Text not found,Data sharing encouraged but optional.,2,multiple_choice,0.0
Elsevier,international_journal_of_thermal_sciences,data_fair,4. FAIR data sharing (see https://www.go-fair.org/fair-principles/ for a definition of FAIR),False,,Public data sharing on a FAIR repository encouraged.,2,multiple_choice,0.33
Elsevier,international_journal_of_thermal_sciences,data_availability,2. Data availability statement,False,,Required according to the RDP.,2,multiple_choice,1.0
Elsevier,international_journal_of_thermal_sciences,data_citability,5. Citability and findability of data ,False,,DOIs or other persistent identifiers recommended for datasets or codes.,2,multiple_choice,0.5
Elsevier,international_journal_of_thermal_sciences,data_timing,7. Timing of data release,False,,Timing of data availability not adressed in RDP.,2,multiple_choice,
Elsevier,international_journal_of_thermal_sciences,data_sharing_method,8. Recommended data sharing method,True,Language understanding,Multiple data sharing methods equally recommended in RDP.,2,multiple_choice,0.4
Elsevier,international_journal_of_thermal_sciences,data_licenses,9. Recommended/required licenses,False,,No mention of data/code licenses in RDP.,2,multiple_choice,0.0
Elsevier,international_journal_of_thermal_sciences,data_referee,10. Referee guidelines concerning research data,False,,Data sharing policy mentioned in refereeing guidelines.,2,multiple_choice,0.33
Elsevier,international_journal_of_thermal_sciences,data_recommended,"11. Unique policies for data types
Please name all data types for which unique policies are recommended according to the RDP (Please separate all data types be semicolon, e.g. crystal structures; Protein sequence)",True,Formatting,,2,open,
Elsevier,international_journal_of_thermal_sciences,data_required,"12. Unique policies for data types
Please name all data types for which unique policies are required according to the RDP (Please separate all data types be semicolon, e.g. crystal structures; Protein sequence)",True,Formatting,,2,open,
Elsevier,international_journal_of_thermal_sciences,code_required,13. Code sharing requirements,False,,Code sharing encouraged but optional.,2,multiple_choice,0.5
Elsevier,international_journal_of_thermal_sciences,code_reproducibility,14. Code Reproducibility,True,Language understanding,No mention of dependencies for research code.,2,multiple_choice,0.0
Elsevier,international_journal_of_thermal_sciences,code_versioning,15. Versioning and persistent identifiers,True,Language understanding,No mention of a persistent identifier or specifying a version of developed code.,2,multiple_choice,0.0
Elsevier,international_journal_of_thermal_sciences,code_quality,16. Code Quality Standards,False,,The journal policies do not mention any code quality standards.,2,multiple_choice,0.0
Elsevier,international_journal_of_thermal_sciences,code_autotest,17. Automatic Testing,False,,No mention of automatic testing to verify code functionality.,2,multiple_choice,0.0
Elsevier,international_journal_of_thermal_sciences,code_docs,18. Code Documentation,False,,No mention of standards for code documentation.,2,multiple_choice,0.0
Elsevier,international_journal_of_thermal_sciences,code_linting,19. Linting Standards,False,,No mention of linting standards for code.,2,multiple_choice,0.0
Elsevier,international_journal_of_thermal_sciences,code_development,20. Code Development,False,,No mention of standards for code development such as continuous integration.,2,multiple_choice,0.0
Elsevier,composites_science_and_technology,rdp_exist,1. Existence of research data policy,False,,Research Data Policy (RDP) exists.,2,multiple_choice,1.0
Elsevier,composites_science_and_technology,data_sharing,3. Data sharing requirements in RDP,True,Text not found,Data sharing encouraged but optional.,2,multiple_choice,0.0
Elsevier,composites_science_and_technology,data_fair,4. FAIR data sharing (see https://www.go-fair.org/fair-principles/ for a definition of FAIR),False,,Public data sharing on a FAIR repository encouraged.,2,multiple_choice,0.33
Elsevier,composites_science_and_technology,data_availability,2. Data availability statement,False,,Required according to the RDP.,2,multiple_choice,1.0
Elsevier,composites_science_and_technology,data_citability,5. Citability and findability of data ,False,,DOIs or other persistent identifiers recommended for datasets or codes.,2,multiple_choice,0.5
Elsevier,composites_science_and_technology,data_timing,7. Timing of data release,False,,Timing of data availability not adressed in RDP.,2,multiple_choice,
Elsevier,composites_science_and_technology,data_sharing_method,8. Recommended data sharing method,True,Language understanding,Multiple data sharing methods equally recommended in RDP.,2,multiple_choice,0.4
Elsevier,composites_science_and_technology,data_licenses,9. Recommended/required licenses,False,,No mention of data/code licenses in RDP.,2,multiple_choice,0.0
Elsevier,composites_science_and_technology,data_referee,10. Referee guidelines concerning research data,False,,Data sharing policy mentioned in refereeing guidelines.,2,multiple_choice,0.33
Elsevier,composites_science_and_technology,data_recommended,"11. Unique policies for data types
Please name all data types for which unique policies are recommended according to the RDP (Please separate all data types be semicolon, e.g. crystal structures; Protein sequence)",True,Formatting,,2,open,
Elsevier,composites_science_and_technology,data_required,"12. Unique policies for data types
Please name all data types for which unique policies are required according to the RDP (Please separate all data types be semicolon, e.g. crystal structures; Protein sequence)",True,Formatting,,2,open,
Elsevier,composites_science_and_technology,code_required,13. Code sharing requirements,False,,Code sharing encouraged but optional.,2,multiple_choice,0.5
Elsevier,composites_science_and_technology,code_reproducibility,14. Code Reproducibility,True,Language understanding,No mention of dependencies for research code.,2,multiple_choice,0.0
Elsevier,composites_science_and_technology,code_versioning,15. Versioning and persistent identifiers,True,Language understanding,No mention of a persistent identifier or specifying a version of developed code.,2,multiple_choice,0.0
Elsevier,composites_science_and_technology,code_quality,16. Code Quality Standards,False,,The journal policies do not mention any code quality standards.,2,multiple_choice,0.0
Elsevier,composites_science_and_technology,code_autotest,17. Automatic Testing,False,,No mention of automatic testing to verify code functionality.,2,multiple_choice,0.0
Elsevier,composites_science_and_technology,code_docs,18. Code Documentation,False,,No mention of standards for code documentation.,2,multiple_choice,0.0
Elsevier,composites_science_and_technology,code_linting,19. Linting Standards,False,,No mention of linting standards for code.,2,multiple_choice,0.0
Elsevier,composites_science_and_technology,code_development,20. Code Development,False,,No mention of standards for code development such as continuous integration.,2,multiple_choice,0.0
Frontiers,frontiers_in_chemical_engineering,rdp_exist,1. Existence of research data policy,False,,Research Data Policy (RDP) exists.,2,multiple_choice,1.0
Frontiers,frontiers_in_chemical_engineering,data_sharing,3. Data sharing requirements in RDP,True,Language understanding,Public data sharing of all data required.,2,multiple_choice,1.0
Frontiers,frontiers_in_chemical_engineering,data_fair,4. FAIR data sharing (see https://www.go-fair.org/fair-principles/ for a definition of FAIR),False,,Public data sharing on a FAIR repository encouraged.,2,multiple_choice,0.33
Frontiers,frontiers_in_chemical_engineering,data_availability,2. Data availability statement,False,,Required according to the RDP.,2,multiple_choice,1.0
Frontiers,frontiers_in_chemical_engineering,data_citability,5. Citability and findability of data ,True,Language understanding,DOIs or other persistent identifiers recommended for datasets or codes.,2,multiple_choice,0.5
Frontiers,frontiers_in_chemical_engineering,data_timing,7. Timing of data release,True,Text not found,Required data must be available after official publication.,2,multiple_choice,0.5
Frontiers,frontiers_in_chemical_engineering,data_sharing_method,8. Recommended data sharing method,True,Text not found,Public online repositories recommended in RDP.,2,multiple_choice,0.8
Frontiers,frontiers_in_chemical_engineering,data_licenses,9. Recommended/required licenses,False,,No mention of data/code licenses in RDP.,2,multiple_choice,0.0
Frontiers,frontiers_in_chemical_engineering,data_referee,10. Referee guidelines concerning research data,True,Language understanding,Data sharing policy not mentioned in refereeing guidelines.,2,multiple_choice,0.0
Frontiers,frontiers_in_chemical_engineering,code_required,13. Code sharing requirements,True,Text not found,Code sharing required.,2,multiple_choice,1.0
Frontiers,frontiers_in_chemical_engineering,code_reproducibility,14. Code Reproducibility,False,,No mention of dependencies for research code.,2,multiple_choice,0.0
Frontiers,frontiers_in_chemical_engineering,code_versioning,15. Versioning and persistent identifiers,True,Text not found,Journal policies encourage/recommend a persistent identifier or specifying a version of developed code.,2,multiple_choice,0.5
Frontiers,frontiers_in_chemical_engineering,code_quality,16. Code Quality Standards,True,Text not found,The journal policies encourage/recommend certain standards for code.,2,multiple_choice,0.33
Frontiers,frontiers_in_chemical_engineering,code_autotest,17. Automatic Testing,False,,No mention of automatic testing to verify code functionality.,2,multiple_choice,0.0
Frontiers,frontiers_in_chemical_engineering,code_docs,18. Code Documentation,False,,No mention of standards for code documentation.,2,multiple_choice,0.0
Frontiers,frontiers_in_chemical_engineering,code_linting,19. Linting Standards,False,,No mention of linting standards for code.,2,multiple_choice,0.0
Frontiers,frontiers_in_chemical_engineering,code_development,20. Code Development,False,,No mention of standards for code development such as continuous integration.,2,multiple_choice,0.0
Frontiers,frontiers_in_nanotechnology,rdp_exist,1. Existence of research data policy,False,,Research Data Policy (RDP) exists.,2,multiple_choice,1.0
Frontiers,frontiers_in_nanotechnology,data_sharing,3. Data sharing requirements in RDP,True,Language understanding,Public data sharing of all data required.,2,multiple_choice,1.0
Frontiers,frontiers_in_nanotechnology,data_fair,4. FAIR data sharing (see https://www.go-fair.org/fair-principles/ for a definition of FAIR),False,,Public data sharing on a FAIR repository encouraged.,2,multiple_choice,0.33
Frontiers,frontiers_in_nanotechnology,data_availability,2. Data availability statement,False,,Required according to the RDP.,2,multiple_choice,1.0
Frontiers,frontiers_in_nanotechnology,data_citability,5. Citability and findability of data ,True,Language understanding,DOIs or other persistent identifiers recommended for datasets or codes.,2,multiple_choice,0.5
Frontiers,frontiers_in_nanotechnology,data_timing,7. Timing of data release,True,Text not found,Required data must be available after official publication.,2,multiple_choice,0.5
Frontiers,frontiers_in_nanotechnology,data_sharing_method,8. Recommended data sharing method,True,Text not found,Public online repositories recommended in RDP.,2,multiple_choice,0.8
Frontiers,frontiers_in_nanotechnology,data_licenses,9. Recommended/required licenses,False,,No mention of data/code licenses in RDP.,2,multiple_choice,0.0
Frontiers,frontiers_in_nanotechnology,data_referee,10. Referee guidelines concerning research data,True,Language understanding,Data sharing policy not mentioned in refereeing guidelines.,2,multiple_choice,0.0
Frontiers,frontiers_in_nanotechnology,code_required,13. Code sharing requirements,True,Text not found,Code sharing required.,2,multiple_choice,1.0
Frontiers,frontiers_in_nanotechnology,code_reproducibility,14. Code Reproducibility,False,,No mention of dependencies for research code.,2,multiple_choice,0.0
Frontiers,frontiers_in_nanotechnology,code_versioning,15. Versioning and persistent identifiers,True,Text not found,Journal policies encourage/recommend a persistent identifier or specifying a version of developed code.,2,multiple_choice,0.5
Frontiers,frontiers_in_nanotechnology,code_quality,16. Code Quality Standards,True,Text not found,The journal policies encourage/recommend certain standards for code.,2,multiple_choice,0.33
Frontiers,frontiers_in_nanotechnology,code_autotest,17. Automatic Testing,False,,No mention of automatic testing to verify code functionality.,2,multiple_choice,0.0
Frontiers,frontiers_in_nanotechnology,code_docs,18. Code Documentation,False,,No mention of standards for code documentation.,2,multiple_choice,0.0
Frontiers,frontiers_in_nanotechnology,code_linting,19. Linting Standards,False,,No mention of linting standards for code.,2,multiple_choice,0.0
Frontiers,frontiers_in_nanotechnology,code_development,20. Code Development,False,,No mention of standards for code development such as continuous integration.,2,multiple_choice,0.0
Frontiers,frontiers_in_energy_research,rdp_exist,1. Existence of research data policy,False,,Research Data Policy (RDP) exists.,2,multiple_choice,1.0
Frontiers,frontiers_in_energy_research,data_sharing,3. Data sharing requirements in RDP,True,Language understanding,Public data sharing of all data required.,2,multiple_choice,1.0
Frontiers,frontiers_in_energy_research,data_fair,4. FAIR data sharing (see https://www.go-fair.org/fair-principles/ for a definition of FAIR),False,,Public data sharing on a FAIR repository encouraged.,2,multiple_choice,0.33
Frontiers,frontiers_in_energy_research,data_availability,2. Data availability statement,False,,Required according to the RDP.,2,multiple_choice,1.0
Frontiers,frontiers_in_energy_research,data_citability,5. Citability and findability of data ,True,Language understanding,DOIs or other persistent identifiers recommended for datasets or codes.,2,multiple_choice,0.5
Frontiers,frontiers_in_energy_research,data_timing,7. Timing of data release,True,Text not found,Required data must be available after official publication.,2,multiple_choice,0.5
Frontiers,frontiers_in_energy_research,data_sharing_method,8. Recommended data sharing method,True,Text not found,Public online repositories recommended in RDP.,2,multiple_choice,0.8
Frontiers,frontiers_in_energy_research,data_licenses,9. Recommended/required licenses,False,,No mention of data/code licenses in RDP.,2,multiple_choice,0.0
Frontiers,frontiers_in_energy_research,data_referee,10. Referee guidelines concerning research data,True,Language understanding,Data sharing policy not mentioned in refereeing guidelines.,2,multiple_choice,0.0
Frontiers,frontiers_in_energy_research,code_required,13. Code sharing requirements,True,Text not found,Code sharing required.,2,multiple_choice,1.0
Frontiers,frontiers_in_energy_research,code_reproducibility,14. Code Reproducibility,False,,No mention of dependencies for research code.,2,multiple_choice,0.0
Frontiers,frontiers_in_energy_research,code_versioning,15. Versioning and persistent identifiers,True,Text not found,Journal policies encourage/recommend a persistent identifier or specifying a version of developed code.,2,multiple_choice,0.5
Frontiers,frontiers_in_energy_research,code_quality,16. Code Quality Standards,True,Text not found,The journal policies encourage/recommend certain standards for code.,2,multiple_choice,0.33
Frontiers,frontiers_in_energy_research,code_autotest,17. Automatic Testing,False,,No mention of automatic testing to verify code functionality.,2,multiple_choice,0.0
Frontiers,frontiers_in_energy_research,code_docs,18. Code Documentation,False,,No mention of standards for code documentation.,2,multiple_choice,0.0
Frontiers,frontiers_in_energy_research,code_linting,19. Linting Standards,False,,No mention of linting standards for code.,2,multiple_choice,0.0
Frontiers,frontiers_in_energy_research,code_development,20. Code Development,False,,No mention of standards for code development such as continuous integration.,2,multiple_choice,0.0
Frontiers,frontiers_in_physics,rdp_exist,1. Existence of research data policy,False,,Research Data Policy (RDP) exists.,2,multiple_choice,1.0
Frontiers,frontiers_in_physics,data_sharing,3. Data sharing requirements in RDP,True,Language understanding,Public data sharing of all data required.,2,multiple_choice,1.0
Frontiers,frontiers_in_physics,data_fair,4. FAIR data sharing (see https://www.go-fair.org/fair-principles/ for a definition of FAIR),False,,Public data sharing on a FAIR repository encouraged.,2,multiple_choice,0.33
Frontiers,frontiers_in_physics,data_availability,2. Data availability statement,False,,Required according to the RDP.,2,multiple_choice,1.0
Frontiers,frontiers_in_physics,data_citability,5. Citability and findability of data ,True,Language understanding,DOIs or other persistent identifiers recommended for datasets or codes.,2,multiple_choice,0.5
Frontiers,frontiers_in_physics,data_timing,7. Timing of data release,True,Text not found,Required data must be available after official publication.,2,multiple_choice,0.5
Frontiers,frontiers_in_physics,data_sharing_method,8. Recommended data sharing method,True,Text not found,Public online repositories recommended in RDP.,2,multiple_choice,0.8
Frontiers,frontiers_in_physics,data_licenses,9. Recommended/required licenses,False,,No mention of data/code licenses in RDP.,2,multiple_choice,0.0
Frontiers,frontiers_in_physics,data_referee,10. Referee guidelines concerning research data,True,Language understanding,Data sharing policy not mentioned in refereeing guidelines.,2,multiple_choice,0.0
Frontiers,frontiers_in_physics,code_required,13. Code sharing requirements,True,Text not found,Code sharing required.,2,multiple_choice,1.0
Frontiers,frontiers_in_physics,code_reproducibility,14. Code Reproducibility,False,,No mention of dependencies for research code.,2,multiple_choice,0.0
Frontiers,frontiers_in_physics,code_versioning,15. Versioning and persistent identifiers,True,Text not found,Journal policies encourage/recommend a persistent identifier or specifying a version of developed code.,2,multiple_choice,0.5
Frontiers,frontiers_in_physics,code_quality,16. Code Quality Standards,True,Text not found,The journal policies encourage/recommend certain standards for code.,2,multiple_choice,0.33
Frontiers,frontiers_in_physics,code_autotest,17. Automatic Testing,False,,No mention of automatic testing to verify code functionality.,2,multiple_choice,0.0
Frontiers,frontiers_in_physics,code_docs,18. Code Documentation,False,,No mention of standards for code documentation.,2,multiple_choice,0.0
Frontiers,frontiers_in_physics,code_linting,19. Linting Standards,False,,No mention of linting standards for code.,2,multiple_choice,0.0
Frontiers,frontiers_in_physics,code_development,20. Code Development,False,,No mention of standards for code development such as continuous integration.,2,multiple_choice,0.0
Frontiers,frontiers_in_chemistry,rdp_exist,1. Existence of research data policy,False,,Research Data Policy (RDP) exists.,2,multiple_choice,1.0
Frontiers,frontiers_in_chemistry,data_sharing,3. Data sharing requirements in RDP,True,Language understanding,Public data sharing of all data required.,2,multiple_choice,1.0
Frontiers,frontiers_in_chemistry,data_fair,4. FAIR data sharing (see https://www.go-fair.org/fair-principles/ for a definition of FAIR),False,,Public data sharing on a FAIR repository encouraged.,2,multiple_choice,0.33
Frontiers,frontiers_in_chemistry,data_availability,2. Data availability statement,False,,Required according to the RDP.,2,multiple_choice,1.0
Frontiers,frontiers_in_chemistry,data_citability,5. Citability and findability of data ,True,Language understanding,DOIs or other persistent identifiers recommended for datasets or codes.,2,multiple_choice,0.5
Frontiers,frontiers_in_chemistry,data_timing,7. Timing of data release,True,Text not found,Required data must be available after official publication.,2,multiple_choice,0.5
Frontiers,frontiers_in_chemistry,data_sharing_method,8. Recommended data sharing method,True,Text not found,Public online repositories recommended in RDP.,2,multiple_choice,0.8
Frontiers,frontiers_in_chemistry,data_licenses,9. Recommended/required licenses,False,,No mention of data/code licenses in RDP.,2,multiple_choice,0.0
Frontiers,frontiers_in_chemistry,data_referee,10. Referee guidelines concerning research data,True,Language understanding,Data sharing policy not mentioned in refereeing guidelines.,2,multiple_choice,0.0
Frontiers,frontiers_in_chemistry,code_required,13. Code sharing requirements,True,Text not found,Code sharing required.,2,multiple_choice,1.0
Frontiers,frontiers_in_chemistry,code_reproducibility,14. Code Reproducibility,False,,No mention of dependencies for research code.,2,multiple_choice,0.0
Frontiers,frontiers_in_chemistry,code_versioning,15. Versioning and persistent identifiers,True,Text not found,Journal policies encourage/recommend a persistent identifier or specifying a version of developed code.,2,multiple_choice,0.5
Frontiers,frontiers_in_chemistry,code_quality,16. Code Quality Standards,True,Text not found,The journal policies encourage/recommend certain standards for code.,2,multiple_choice,0.33
Frontiers,frontiers_in_chemistry,code_autotest,17. Automatic Testing,False,,No mention of automatic testing to verify code functionality.,2,multiple_choice,0.0
Frontiers,frontiers_in_chemistry,code_docs,18. Code Documentation,False,,No mention of standards for code documentation.,2,multiple_choice,0.0
Frontiers,frontiers_in_chemistry,code_linting,19. Linting Standards,False,,No mention of linting standards for code.,2,multiple_choice,0.0
Frontiers,frontiers_in_chemistry,code_development,20. Code Development,False,,No mention of standards for code development such as continuous integration.,2,multiple_choice,0.0
Frontiers,frontiers_in_bioengineering_and_biotechnology,rdp_exist,1. Existence of research data policy,False,,Research Data Policy (RDP) exists.,2,multiple_choice,1.0
Frontiers,frontiers_in_bioengineering_and_biotechnology,data_sharing,3. Data sharing requirements in RDP,True,Language understanding,Public data sharing of all data required.,2,multiple_choice,1.0
Frontiers,frontiers_in_bioengineering_and_biotechnology,data_fair,4. FAIR data sharing (see https://www.go-fair.org/fair-principles/ for a definition of FAIR),False,,Public data sharing on a FAIR repository encouraged.,2,multiple_choice,0.33
Frontiers,frontiers_in_bioengineering_and_biotechnology,data_availability,2. Data availability statement,False,,Required according to the RDP.,2,multiple_choice,1.0
Frontiers,frontiers_in_bioengineering_and_biotechnology,data_citability,5. Citability and findability of data ,True,Language understanding,DOIs or other persistent identifiers recommended for datasets or codes.,2,multiple_choice,0.5
Frontiers,frontiers_in_bioengineering_and_biotechnology,data_timing,7. Timing of data release,True,Text not found,Required data must be available after official publication.,2,multiple_choice,0.5
Frontiers,frontiers_in_bioengineering_and_biotechnology,data_sharing_method,8. Recommended data sharing method,True,Text not found,Public online repositories recommended in RDP.,2,multiple_choice,0.8
Frontiers,frontiers_in_bioengineering_and_biotechnology,data_licenses,9. Recommended/required licenses,False,,No mention of data/code licenses in RDP.,2,multiple_choice,0.0
Frontiers,frontiers_in_bioengineering_and_biotechnology,data_referee,10. Referee guidelines concerning research data,True,Language understanding,Data sharing policy not mentioned in refereeing guidelines.,2,multiple_choice,0.0
Frontiers,frontiers_in_bioengineering_and_biotechnology,code_required,13. Code sharing requirements,True,Text not found,Code sharing required.,2,multiple_choice,1.0
Frontiers,frontiers_in_bioengineering_and_biotechnology,code_reproducibility,14. Code Reproducibility,False,,No mention of dependencies for research code.,2,multiple_choice,0.0
Frontiers,frontiers_in_bioengineering_and_biotechnology,code_versioning,15. Versioning and persistent identifiers,True,Text not found,Journal policies encourage/recommend a persistent identifier or specifying a version of developed code.,2,multiple_choice,0.5
Frontiers,frontiers_in_bioengineering_and_biotechnology,code_quality,16. Code Quality Standards,True,Text not found,The journal policies encourage/recommend certain standards for code.,2,multiple_choice,0.33
Frontiers,frontiers_in_bioengineering_and_biotechnology,code_autotest,17. Automatic Testing,False,,No mention of automatic testing to verify code functionality.,2,multiple_choice,0.0
Frontiers,frontiers_in_bioengineering_and_biotechnology,code_docs,18. Code Documentation,False,,No mention of standards for code documentation.,2,multiple_choice,0.0
Frontiers,frontiers_in_bioengineering_and_biotechnology,code_linting,19. Linting Standards,False,,No mention of linting standards for code.,2,multiple_choice,0.0
Frontiers,frontiers_in_bioengineering_and_biotechnology,code_development,20. Code Development,False,,No mention of standards for code development such as continuous integration.,2,multiple_choice,0.0
Frontiers,frontiers_in_materials,rdp_exist,1. Existence of research data policy,False,,Research Data Policy (RDP) exists.,2,multiple_choice,1.0
Frontiers,frontiers_in_materials,data_sharing,3. Data sharing requirements in RDP,True,Language understanding,Public data sharing of all data required.,2,multiple_choice,1.0
Frontiers,frontiers_in_materials,data_fair,4. FAIR data sharing (see https://www.go-fair.org/fair-principles/ for a definition of FAIR),False,,Public data sharing on a FAIR repository encouraged.,2,multiple_choice,0.33
Frontiers,frontiers_in_materials,data_availability,2. Data availability statement,False,,Required according to the RDP.,2,multiple_choice,1.0
Frontiers,frontiers_in_materials,data_citability,5. Citability and findability of data ,True,Language understanding,DOIs or other persistent identifiers recommended for datasets or codes.,2,multiple_choice,0.5
Frontiers,frontiers_in_materials,data_timing,7. Timing of data release,True,Text not found,Required data must be available after official publication.,2,multiple_choice,0.5
Frontiers,frontiers_in_materials,data_sharing_method,8. Recommended data sharing method,True,Text not found,Public online repositories recommended in RDP.,2,multiple_choice,0.8
Frontiers,frontiers_in_materials,data_licenses,9. Recommended/required licenses,False,,No mention of data/code licenses in RDP.,2,multiple_choice,0.0
Frontiers,frontiers_in_materials,data_referee,10. Referee guidelines concerning research data,True,Language understanding,Data sharing policy not mentioned in refereeing guidelines.,2,multiple_choice,0.0
Frontiers,frontiers_in_materials,code_required,13. Code sharing requirements,True,Text not found,Code sharing required.,2,multiple_choice,1.0
Frontiers,frontiers_in_materials,code_reproducibility,14. Code Reproducibility,False,,No mention of dependencies for research code.,2,multiple_choice,0.0
Frontiers,frontiers_in_materials,code_versioning,15. Versioning and persistent identifiers,True,Text not found,Journal policies encourage/recommend a persistent identifier or specifying a version of developed code.,2,multiple_choice,0.5
Frontiers,frontiers_in_materials,code_quality,16. Code Quality Standards,True,Text not found,The journal policies encourage/recommend certain standards for code.,2,multiple_choice,0.33
Frontiers,frontiers_in_materials,code_autotest,17. Automatic Testing,False,,No mention of automatic testing to verify code functionality.,2,multiple_choice,0.0
Frontiers,frontiers_in_materials,code_docs,18. Code Documentation,False,,No mention of standards for code documentation.,2,multiple_choice,0.0
Frontiers,frontiers_in_materials,code_linting,19. Linting Standards,False,,No mention of linting standards for code.,2,multiple_choice,0.0
Frontiers,frontiers_in_materials,code_development,20. Code Development,False,,No mention of standards for code development such as continuous integration.,2,multiple_choice,0.0
IEEE,ieee_transactions_on_ultrasonics_ferroelectrics_and_frequency_control,rdp_exist,1. Existence of research data policy,False,,Research Data Policy (RDP) exists.,2,multiple_choice,1.0
IEEE,ieee_transactions_on_ultrasonics_ferroelectrics_and_frequency_control,data_sharing,3. Data sharing requirements in RDP,False,,Data sharing encouraged but optional.,2,multiple_choice,0.0
IEEE,ieee_transactions_on_ultrasonics_ferroelectrics_and_frequency_control,data_fair,4. FAIR data sharing (see https://www.go-fair.org/fair-principles/ for a definition of FAIR),False,,Public data sharing on a FAIR repository not mentioned in RDP.,2,multiple_choice,0.0
IEEE,ieee_transactions_on_ultrasonics_ferroelectrics_and_frequency_control,data_availability,2. Data availability statement,True,Text not found,Not mentioned in the RDP.,2,multiple_choice,0.0
IEEE,ieee_transactions_on_ultrasonics_ferroelectrics_and_frequency_control,data_citability,5. Citability and findability of data ,False,,DOIs or other persistent identifiers recommended for datasets or codes.,2,multiple_choice,0.5
IEEE,ieee_transactions_on_ultrasonics_ferroelectrics_and_frequency_control,data_timing,7. Timing of data release,False,,Timing of data availability not adressed in RDP.,2,multiple_choice,
IEEE,ieee_transactions_on_ultrasonics_ferroelectrics_and_frequency_control,data_sharing_method,8. Recommended data sharing method,True,Text not found,Public online repositories recommended in RDP.,2,multiple_choice,0.8
IEEE,ieee_transactions_on_ultrasonics_ferroelectrics_and_frequency_control,data_licenses,9. Recommended/required licenses,False,,No mention of data/code licenses in RDP.,2,multiple_choice,0.0
IEEE,ieee_transactions_on_ultrasonics_ferroelectrics_and_frequency_control,data_referee,10. Referee guidelines concerning research data,False,,Data sharing policy not mentioned in refereeing guidelines.,2,multiple_choice,0.0
IEEE,ieee_transactions_on_ultrasonics_ferroelectrics_and_frequency_control,data_recommended,"11. Unique policies for data types
Please name all data types for which unique policies are recommended according to the RDP (Please separate all data types be semicolon, e.g. crystal structures; Protein sequence)",True,Formatting,,2,open,
IEEE,ieee_transactions_on_ultrasonics_ferroelectrics_and_frequency_control,code_required,13. Code sharing requirements,False,,Code sharing encouraged but optional.,2,multiple_choice,0.5
IEEE,ieee_transactions_on_ultrasonics_ferroelectrics_and_frequency_control,code_reproducibility,14. Code Reproducibility,False,,No mention of dependencies for research code.,2,multiple_choice,0.0
IEEE,ieee_transactions_on_ultrasonics_ferroelectrics_and_frequency_control,code_versioning,15. Versioning and persistent identifiers,False,,No mention of a persistent identifier or specifying a version of developed code.,2,multiple_choice,0.0
IEEE,ieee_transactions_on_ultrasonics_ferroelectrics_and_frequency_control,code_quality,16. Code Quality Standards,False,,The journal policies do not mention any code quality standards.,2,multiple_choice,0.0
IEEE,ieee_transactions_on_ultrasonics_ferroelectrics_and_frequency_control,code_autotest,17. Automatic Testing,False,,No mention of automatic testing to verify code functionality.,2,multiple_choice,0.0
IEEE,ieee_transactions_on_ultrasonics_ferroelectrics_and_frequency_control,code_docs,18. Code Documentation,False,,No mention of standards for code documentation.,2,multiple_choice,0.0
IEEE,ieee_transactions_on_ultrasonics_ferroelectrics_and_frequency_control,code_linting,19. Linting Standards,False,,No mention of linting standards for code.,2,multiple_choice,0.0
IEEE,ieee_transactions_on_ultrasonics_ferroelectrics_and_frequency_control,code_development,20. Code Development,False,,No mention of standards for code development such as continuous integration.,2,multiple_choice,0.0
IEEE,ieee_photonics_journal,rdp_exist,1. Existence of research data policy,False,,Research Data Policy (RDP) exists.,2,multiple_choice,1.0
IEEE,ieee_photonics_journal,data_sharing,3. Data sharing requirements in RDP,False,,Data sharing encouraged but optional.,2,multiple_choice,0.0
IEEE,ieee_photonics_journal,data_fair,4. FAIR data sharing (see https://www.go-fair.org/fair-principles/ for a definition of FAIR),False,,Public data sharing on a FAIR repository not mentioned in RDP.,2,multiple_choice,0.0
IEEE,ieee_photonics_journal,data_availability,2. Data availability statement,True,Text not found,Mentioned in the RDP but optional.,2,multiple_choice,0.5
IEEE,ieee_photonics_journal,data_citability,5. Citability and findability of data ,False,,DOIs or other persistent identifiers recommended for datasets or codes.,2,multiple_choice,0.5
IEEE,ieee_photonics_journal,data_timing,7. Timing of data release,False,,Timing of data availability not adressed in RDP.,2,multiple_choice,
IEEE,ieee_photonics_journal,data_sharing_method,8. Recommended data sharing method,True,Text not found,Multiple data sharing methods equally recommended in RDP.,2,multiple_choice,0.4
IEEE,ieee_photonics_journal,data_licenses,9. Recommended/required licenses,False,,No mention of data/code licenses in RDP.,2,multiple_choice,0.0
IEEE,ieee_photonics_journal,data_referee,10. Referee guidelines concerning research data,False,,Data sharing policy not mentioned in refereeing guidelines.,2,multiple_choice,0.0
IEEE,ieee_photonics_journal,data_recommended,"11. Unique policies for data types
Please name all data types for which unique policies are recommended according to the RDP (Please separate all data types be semicolon, e.g. crystal structures; Protein sequence)",True,Formatting,n.a.,2,open,
IEEE,ieee_photonics_journal,code_required,13. Code sharing requirements,False,,Code sharing encouraged but optional.,2,multiple_choice,0.5
IEEE,ieee_photonics_journal,code_reproducibility,14. Code Reproducibility,False,,No mention of dependencies for research code.,2,multiple_choice,0.0
IEEE,ieee_photonics_journal,code_versioning,15. Versioning and persistent identifiers,False,,No mention of a persistent identifier or specifying a version of developed code.,2,multiple_choice,0.0
IEEE,ieee_photonics_journal,code_quality,16. Code Quality Standards,False,,The journal policies do not mention any code quality standards.,2,multiple_choice,0.0
IEEE,ieee_photonics_journal,code_autotest,17. Automatic Testing,False,,No mention of automatic testing to verify code functionality.,2,multiple_choice,0.0
IEEE,ieee_photonics_journal,code_docs,18. Code Documentation,False,,No mention of standards for code documentation.,2,multiple_choice,0.0
IEEE,ieee_photonics_journal,code_linting,19. Linting Standards,False,,No mention of linting standards for code.,2,multiple_choice,0.0
IEEE,ieee_photonics_journal,code_development,20. Code Development,False,,No mention of standards for code development such as continuous integration.,2,multiple_choice,0.0
IEEE,ieee_transactions_on_industrial_electronics,rdp_exist,1. Existence of research data policy,False,,Research Data Policy (RDP) exists.,2,multiple_choice,1.0
IEEE,ieee_transactions_on_industrial_electronics,data_sharing,3. Data sharing requirements in RDP,False,,Data sharing encouraged but optional.,2,multiple_choice,0.0
IEEE,ieee_transactions_on_industrial_electronics,data_fair,4. FAIR data sharing (see https://www.go-fair.org/fair-principles/ for a definition of FAIR),False,,Public data sharing on a FAIR repository not mentioned in RDP.,2,multiple_choice,0.0
IEEE,ieee_transactions_on_industrial_electronics,data_availability,2. Data availability statement,True,Text not found,Not mentioned in the RDP.,2,multiple_choice,0.0
IEEE,ieee_transactions_on_industrial_electronics,data_citability,5. Citability and findability of data ,False,,DOIs or other persistent identifiers recommended for datasets or codes.,2,multiple_choice,0.5
IEEE,ieee_transactions_on_industrial_electronics,data_timing,7. Timing of data release,False,,Timing of data availability not adressed in RDP.,2,multiple_choice,
IEEE,ieee_transactions_on_industrial_electronics,data_sharing_method,8. Recommended data sharing method,True,Text not found,Public online repositories recommended in RDP.,2,multiple_choice,0.8
IEEE,ieee_transactions_on_industrial_electronics,data_licenses,9. Recommended/required licenses,False,,No mention of data/code licenses in RDP.,2,multiple_choice,0.0
IEEE,ieee_transactions_on_industrial_electronics,data_referee,10. Referee guidelines concerning research data,False,,Data sharing policy not mentioned in refereeing guidelines.,2,multiple_choice,0.0
IEEE,ieee_transactions_on_industrial_electronics,data_recommended,"11. Unique policies for data types
Please name all data types for which unique policies are recommended according to the RDP (Please separate all data types be semicolon, e.g. crystal structures; Protein sequence)",True,Formatting,,2,open,
IEEE,ieee_transactions_on_industrial_electronics,code_required,13. Code sharing requirements,False,,Code sharing encouraged but optional.,2,multiple_choice,0.5
IEEE,ieee_transactions_on_industrial_electronics,code_reproducibility,14. Code Reproducibility,False,,No mention of dependencies for research code.,2,multiple_choice,0.0
IEEE,ieee_transactions_on_industrial_electronics,code_versioning,15. Versioning and persistent identifiers,False,,No mention of a persistent identifier or specifying a version of developed code.,2,multiple_choice,0.0
IEEE,ieee_transactions_on_industrial_electronics,code_quality,16. Code Quality Standards,False,,The journal policies do not mention any code quality standards.,2,multiple_choice,0.0
IEEE,ieee_transactions_on_industrial_electronics,code_autotest,17. Automatic Testing,False,,No mention of automatic testing to verify code functionality.,2,multiple_choice,0.0
IEEE,ieee_transactions_on_industrial_electronics,code_docs,18. Code Documentation,False,,No mention of standards for code documentation.,2,multiple_choice,0.0
IEEE,ieee_transactions_on_industrial_electronics,code_linting,19. Linting Standards,False,,No mention of linting standards for code.,2,multiple_choice,0.0
IEEE,ieee_transactions_on_industrial_electronics,code_development,20. Code Development,False,,No mention of standards for code development such as continuous integration.,2,multiple_choice,0.0
IEEE,ieee_transactions_on_transportation_electrification,rdp_exist,1. Existence of research data policy,False,,Research Data Policy (RDP) exists.,2,multiple_choice,1.0
IEEE,ieee_transactions_on_transportation_electrification,data_sharing,3. Data sharing requirements in RDP,False,,Data sharing encouraged but optional.,2,multiple_choice,0.0
IEEE,ieee_transactions_on_transportation_electrification,data_fair,4. FAIR data sharing (see https://www.go-fair.org/fair-principles/ for a definition of FAIR),False,,Public data sharing on a FAIR repository not mentioned in RDP.,2,multiple_choice,0.0
IEEE,ieee_transactions_on_transportation_electrification,data_availability,2. Data availability statement,True,Text not found,Not mentioned in the RDP.,2,multiple_choice,0.0
IEEE,ieee_transactions_on_transportation_electrification,data_citability,5. Citability and findability of data ,False,,DOIs or other persistent identifiers recommended for datasets or codes.,2,multiple_choice,0.5
IEEE,ieee_transactions_on_transportation_electrification,data_timing,7. Timing of data release,False,,Timing of data availability not adressed in RDP.,2,multiple_choice,
IEEE,ieee_transactions_on_transportation_electrification,data_sharing_method,8. Recommended data sharing method,True,Text not found,Public online repositories recommended in RDP.,2,multiple_choice,0.8
IEEE,ieee_transactions_on_transportation_electrification,data_licenses,9. Recommended/required licenses,False,,No mention of data/code licenses in RDP.,2,multiple_choice,0.0
IEEE,ieee_transactions_on_transportation_electrification,data_referee,10. Referee guidelines concerning research data,False,,Data sharing policy not mentioned in refereeing guidelines.,2,multiple_choice,0.0
IEEE,ieee_transactions_on_transportation_electrification,data_recommended,"11. Unique policies for data types
Please name all data types for which unique policies are recommended according to the RDP (Please separate all data types be semicolon, e.g. crystal structures; Protein sequence)",True,Formatting,,2,open,
IEEE,ieee_transactions_on_transportation_electrification,code_required,13. Code sharing requirements,False,,Code sharing encouraged but optional.,2,multiple_choice,0.5
IEEE,ieee_transactions_on_transportation_electrification,code_reproducibility,14. Code Reproducibility,False,,No mention of dependencies for research code.,2,multiple_choice,0.0
IEEE,ieee_transactions_on_transportation_electrification,code_versioning,15. Versioning and persistent identifiers,False,,No mention of a persistent identifier or specifying a version of developed code.,2,multiple_choice,0.0
IEEE,ieee_transactions_on_transportation_electrification,code_quality,16. Code Quality Standards,False,,The journal policies do not mention any code quality standards.,2,multiple_choice,0.0
IEEE,ieee_transactions_on_transportation_electrification,code_autotest,17. Automatic Testing,False,,No mention of automatic testing to verify code functionality.,2,multiple_choice,0.0
IEEE,ieee_transactions_on_transportation_electrification,code_docs,18. Code Documentation,False,,No mention of standards for code documentation.,2,multiple_choice,0.0
IEEE,ieee_transactions_on_transportation_electrification,code_linting,19. Linting Standards,False,,No mention of linting standards for code.,2,multiple_choice,0.0
IEEE,ieee_transactions_on_transportation_electrification,code_development,20. Code Development,False,,No mention of standards for code development such as continuous integration.,2,multiple_choice,0.0
IEEE,ieee_transactions_on_applied_superconductivity,rdp_exist,1. Existence of research data policy,False,,Research Data Policy (RDP) exists.,2,multiple_choice,1.0
IEEE,ieee_transactions_on_applied_superconductivity,data_sharing,3. Data sharing requirements in RDP,False,,Data sharing encouraged but optional.,2,multiple_choice,0.0
IEEE,ieee_transactions_on_applied_superconductivity,data_fair,4. FAIR data sharing (see https://www.go-fair.org/fair-principles/ for a definition of FAIR),False,,Public data sharing on a FAIR repository not mentioned in RDP.,2,multiple_choice,0.0
IEEE,ieee_transactions_on_applied_superconductivity,data_availability,2. Data availability statement,True,Text not found,Mentioned in the RDP but optional.,2,multiple_choice,0.5
IEEE,ieee_transactions_on_applied_superconductivity,data_citability,5. Citability and findability of data ,False,,DOIs or other persistent identifiers recommended for datasets or codes.,2,multiple_choice,0.5
IEEE,ieee_transactions_on_applied_superconductivity,data_timing,7. Timing of data release,False,,Timing of data availability not adressed in RDP.,2,multiple_choice,
IEEE,ieee_transactions_on_applied_superconductivity,data_sharing_method,8. Recommended data sharing method,True,Text not found,Multiple data sharing methods equally recommended in RDP.,2,multiple_choice,0.4
IEEE,ieee_transactions_on_applied_superconductivity,data_licenses,9. Recommended/required licenses,False,,No mention of data/code licenses in RDP.,2,multiple_choice,0.0
IEEE,ieee_transactions_on_applied_superconductivity,data_referee,10. Referee guidelines concerning research data,False,,Data sharing policy not mentioned in refereeing guidelines.,2,multiple_choice,0.0
IEEE,ieee_transactions_on_applied_superconductivity,data_recommended,"11. Unique policies for data types
Please name all data types for which unique policies are recommended according to the RDP (Please separate all data types be semicolon, e.g. crystal structures; Protein sequence)",True,Formatting,n.a.,2,open,
IEEE,ieee_transactions_on_applied_superconductivity,code_required,13. Code sharing requirements,False,,Code sharing encouraged but optional.,2,multiple_choice,0.5
IEEE,ieee_transactions_on_applied_superconductivity,code_reproducibility,14. Code Reproducibility,False,,No mention of dependencies for research code.,2,multiple_choice,0.0
IEEE,ieee_transactions_on_applied_superconductivity,code_versioning,15. Versioning and persistent identifiers,False,,No mention of a persistent identifier or specifying a version of developed code.,2,multiple_choice,0.0
IEEE,ieee_transactions_on_applied_superconductivity,code_quality,16. Code Quality Standards,False,,The journal policies do not mention any code quality standards.,2,multiple_choice,0.0
IEEE,ieee_transactions_on_applied_superconductivity,code_autotest,17. Automatic Testing,False,,No mention of automatic testing to verify code functionality.,2,multiple_choice,0.0
IEEE,ieee_transactions_on_applied_superconductivity,code_docs,18. Code Documentation,False,,No mention of standards for code documentation.,2,multiple_choice,0.0
IEEE,ieee_transactions_on_applied_superconductivity,code_linting,19. Linting Standards,False,,No mention of linting standards for code.,2,multiple_choice,0.0
IEEE,ieee_transactions_on_applied_superconductivity,code_development,20. Code Development,False,,No mention of standards for code development such as continuous integration.,2,multiple_choice,0.0
IEEE,journal_of_lightwave_technology,rdp_exist,1. Existence of research data policy,False,,Research Data Policy (RDP) exists.,2,multiple_choice,1.0
IEEE,journal_of_lightwave_technology,data_sharing,3. Data sharing requirements in RDP,False,,Data sharing encouraged but optional.,2,multiple_choice,0.0
IEEE,journal_of_lightwave_technology,data_fair,4. FAIR data sharing (see https://www.go-fair.org/fair-principles/ for a definition of FAIR),False,,Public data sharing on a FAIR repository not mentioned in RDP.,2,multiple_choice,0.0
IEEE,journal_of_lightwave_technology,data_availability,2. Data availability statement,True,Text not found,Mentioned in the RDP but optional.,2,multiple_choice,0.5
IEEE,journal_of_lightwave_technology,data_citability,5. Citability and findability of data ,False,,DOIs or other persistent identifiers recommended for datasets or codes.,2,multiple_choice,0.5
IEEE,journal_of_lightwave_technology,data_timing,7. Timing of data release,False,,Timing of data availability not adressed in RDP.,2,multiple_choice,
IEEE,journal_of_lightwave_technology,data_sharing_method,8. Recommended data sharing method,True,Text not found,Multiple data sharing methods equally recommended in RDP.,2,multiple_choice,0.4
IEEE,journal_of_lightwave_technology,data_licenses,9. Recommended/required licenses,False,,No mention of data/code licenses in RDP.,2,multiple_choice,0.0
IEEE,journal_of_lightwave_technology,data_referee,10. Referee guidelines concerning research data,False,,Data sharing policy not mentioned in refereeing guidelines.,2,multiple_choice,0.0
IEEE,journal_of_lightwave_technology,data_recommended,"11. Unique policies for data types
Please name all data types for which unique policies are recommended according to the RDP (Please separate all data types be semicolon, e.g. crystal structures; Protein sequence)",True,Formatting,n.a.,2,open,
IEEE,journal_of_lightwave_technology,code_required,13. Code sharing requirements,False,,Code sharing encouraged but optional.,2,multiple_choice,0.5
IEEE,journal_of_lightwave_technology,code_reproducibility,14. Code Reproducibility,False,,No mention of dependencies for research code.,2,multiple_choice,0.0
IEEE,journal_of_lightwave_technology,code_versioning,15. Versioning and persistent identifiers,False,,No mention of a persistent identifier or specifying a version of developed code.,2,multiple_choice,0.0
IEEE,journal_of_lightwave_technology,code_quality,16. Code Quality Standards,False,,The journal policies do not mention any code quality standards.,2,multiple_choice,0.0
IEEE,journal_of_lightwave_technology,code_autotest,17. Automatic Testing,False,,No mention of automatic testing to verify code functionality.,2,multiple_choice,0.0
IEEE,journal_of_lightwave_technology,code_docs,18. Code Documentation,False,,No mention of standards for code documentation.,2,multiple_choice,0.0
IEEE,journal_of_lightwave_technology,code_linting,19. Linting Standards,False,,No mention of linting standards for code.,2,multiple_choice,0.0
IEEE,journal_of_lightwave_technology,code_development,20. Code Development,False,,No mention of standards for code development such as continuous integration.,2,multiple_choice,0.0
IEEE,ieee_robotics_and_automation_letters,rdp_exist,1. Existence of research data policy,False,,Research Data Policy (RDP) exists.,2,multiple_choice,1.0
IEEE,ieee_robotics_and_automation_letters,data_sharing,3. Data sharing requirements in RDP,False,,Data sharing encouraged but optional.,2,multiple_choice,0.0
IEEE,ieee_robotics_and_automation_letters,data_fair,4. FAIR data sharing (see https://www.go-fair.org/fair-principles/ for a definition of FAIR),False,,Public data sharing on a FAIR repository not mentioned in RDP.,2,multiple_choice,0.0
IEEE,ieee_robotics_and_automation_letters,data_availability,2. Data availability statement,True,Text not found,Not mentioned in the RDP.,2,multiple_choice,0.0
IEEE,ieee_robotics_and_automation_letters,data_citability,5. Citability and findability of data ,False,,DOIs or other persistent identifiers recommended for datasets or codes.,2,multiple_choice,0.5
IEEE,ieee_robotics_and_automation_letters,data_timing,7. Timing of data release,False,,Timing of data availability not adressed in RDP.,2,multiple_choice,
IEEE,ieee_robotics_and_automation_letters,data_sharing_method,8. Recommended data sharing method,True,Text not found,Public online repositories recommended in RDP.,2,multiple_choice,0.8
IEEE,ieee_robotics_and_automation_letters,data_licenses,9. Recommended/required licenses,False,,No mention of data/code licenses in RDP.,2,multiple_choice,0.0
IEEE,ieee_robotics_and_automation_letters,data_referee,10. Referee guidelines concerning research data,False,,Data sharing policy not mentioned in refereeing guidelines.,2,multiple_choice,0.0
IEEE,ieee_robotics_and_automation_letters,data_recommended,"11. Unique policies for data types
Please name all data types for which unique policies are recommended according to the RDP (Please separate all data types be semicolon, e.g. crystal structures; Protein sequence)",True,Formatting,,2,open,
IEEE,ieee_robotics_and_automation_letters,code_required,13. Code sharing requirements,False,,Code sharing encouraged but optional.,2,multiple_choice,0.5
IEEE,ieee_robotics_and_automation_letters,code_reproducibility,14. Code Reproducibility,False,,No mention of dependencies for research code.,2,multiple_choice,0.0
IEEE,ieee_robotics_and_automation_letters,code_versioning,15. Versioning and persistent identifiers,False,,No mention of a persistent identifier or specifying a version of developed code.,2,multiple_choice,0.0
IEEE,ieee_robotics_and_automation_letters,code_quality,16. Code Quality Standards,False,,The journal policies do not mention any code quality standards.,2,multiple_choice,0.0
IEEE,ieee_robotics_and_automation_letters,code_autotest,17. Automatic Testing,False,,No mention of automatic testing to verify code functionality.,2,multiple_choice,0.0
IEEE,ieee_robotics_and_automation_letters,code_docs,18. Code Documentation,False,,No mention of standards for code documentation.,2,multiple_choice,0.0
IEEE,ieee_robotics_and_automation_letters,code_linting,19. Linting Standards,False,,No mention of linting standards for code.,2,multiple_choice,0.0
IEEE,ieee_robotics_and_automation_letters,code_development,20. Code Development,False,,No mention of standards for code development such as continuous integration.,2,multiple_choice,0.0
IEEE,ieee_sensors_letters,rdp_exist,1. Existence of research data policy,False,,Research Data Policy (RDP) exists.,2,multiple_choice,1.0
IEEE,ieee_sensors_letters,data_sharing,3. Data sharing requirements in RDP,False,,Data sharing encouraged but optional.,2,multiple_choice,0.0
IEEE,ieee_sensors_letters,data_fair,4. FAIR data sharing (see https://www.go-fair.org/fair-principles/ for a definition of FAIR),False,,Public data sharing on a FAIR repository not mentioned in RDP.,2,multiple_choice,0.0
IEEE,ieee_sensors_letters,data_availability,2. Data availability statement,True,Text not found,Mentioned in the RDP but optional.,2,multiple_choice,0.5
IEEE,ieee_sensors_letters,data_citability,5. Citability and findability of data ,False,,DOIs or other persistent identifiers recommended for datasets or codes.,2,multiple_choice,0.5
IEEE,ieee_sensors_letters,data_timing,7. Timing of data release,False,,Timing of data availability not adressed in RDP.,2,multiple_choice,
IEEE,ieee_sensors_letters,data_sharing_method,8. Recommended data sharing method,True,Text not found,Multiple data sharing methods equally recommended in RDP.,2,multiple_choice,0.4
IEEE,ieee_sensors_letters,data_licenses,9. Recommended/required licenses,False,,No mention of data/code licenses in RDP.,2,multiple_choice,0.0
IEEE,ieee_sensors_letters,data_referee,10. Referee guidelines concerning research data,False,,Data sharing policy not mentioned in refereeing guidelines.,2,multiple_choice,0.0
IEEE,ieee_sensors_letters,data_recommended,"11. Unique policies for data types
Please name all data types for which unique policies are recommended according to the RDP (Please separate all data types be semicolon, e.g. crystal structures; Protein sequence)",True,Formatting,n.a.,2,open,
IEEE,ieee_sensors_letters,code_required,13. Code sharing requirements,False,,Code sharing encouraged but optional.,2,multiple_choice,0.5
IEEE,ieee_sensors_letters,code_reproducibility,14. Code Reproducibility,False,,No mention of dependencies for research code.,2,multiple_choice,0.0
IEEE,ieee_sensors_letters,code_versioning,15. Versioning and persistent identifiers,False,,No mention of a persistent identifier or specifying a version of developed code.,2,multiple_choice,0.0
IEEE,ieee_sensors_letters,code_quality,16. Code Quality Standards,False,,The journal policies do not mention any code quality standards.,2,multiple_choice,0.0
IEEE,ieee_sensors_letters,code_autotest,17. Automatic Testing,False,,No mention of automatic testing to verify code functionality.,2,multiple_choice,0.0
IEEE,ieee_sensors_letters,code_docs,18. Code Documentation,False,,No mention of standards for code documentation.,2,multiple_choice,0.0
IEEE,ieee_sensors_letters,code_linting,19. Linting Standards,False,,No mention of linting standards for code.,2,multiple_choice,0.0
IEEE,ieee_sensors_letters,code_development,20. Code Development,False,,No mention of standards for code development such as continuous integration.,2,multiple_choice,0.0
IEEE,ieee_journal_of_photovoltaics,rdp_exist,1. Existence of research data policy,False,,Research Data Policy (RDP) exists.,2,multiple_choice,1.0
IEEE,ieee_journal_of_photovoltaics,data_sharing,3. Data sharing requirements in RDP,False,,Data sharing encouraged but optional.,2,multiple_choice,0.0
IEEE,ieee_journal_of_photovoltaics,data_fair,4. FAIR data sharing (see https://www.go-fair.org/fair-principles/ for a definition of FAIR),False,,Public data sharing on a FAIR repository not mentioned in RDP.,2,multiple_choice,0.0
IEEE,ieee_journal_of_photovoltaics,data_availability,2. Data availability statement,True,Text not found,Mentioned in the RDP but optional.,2,multiple_choice,0.5
IEEE,ieee_journal_of_photovoltaics,data_citability,5. Citability and findability of data ,False,,DOIs or other persistent identifiers recommended for datasets or codes.,2,multiple_choice,0.5
IEEE,ieee_journal_of_photovoltaics,data_timing,7. Timing of data release,False,,Timing of data availability not adressed in RDP.,2,multiple_choice,
IEEE,ieee_journal_of_photovoltaics,data_sharing_method,8. Recommended data sharing method,True,Text not found,Multiple data sharing methods equally recommended in RDP.,2,multiple_choice,0.4
IEEE,ieee_journal_of_photovoltaics,data_licenses,9. Recommended/required licenses,False,,No mention of data/code licenses in RDP.,2,multiple_choice,0.0
IEEE,ieee_journal_of_photovoltaics,data_referee,10. Referee guidelines concerning research data,False,,Data sharing policy not mentioned in refereeing guidelines.,2,multiple_choice,0.0
IEEE,ieee_journal_of_photovoltaics,data_recommended,"11. Unique policies for data types
Please name all data types for which unique policies are recommended according to the RDP (Please separate all data types be semicolon, e.g. crystal structures; Protein sequence)",True,Formatting,n.a.,2,open,
IEEE,ieee_journal_of_photovoltaics,code_required,13. Code sharing requirements,False,,Code sharing encouraged but optional.,2,multiple_choice,0.5
IEEE,ieee_journal_of_photovoltaics,code_reproducibility,14. Code Reproducibility,False,,No mention of dependencies for research code.,2,multiple_choice,0.0
IEEE,ieee_journal_of_photovoltaics,code_versioning,15. Versioning and persistent identifiers,False,,No mention of a persistent identifier or specifying a version of developed code.,2,multiple_choice,0.0
IEEE,ieee_journal_of_photovoltaics,code_quality,16. Code Quality Standards,False,,The journal policies do not mention any code quality standards.,2,multiple_choice,0.0
IEEE,ieee_journal_of_photovoltaics,code_autotest,17. Automatic Testing,False,,No mention of automatic testing to verify code functionality.,2,multiple_choice,0.0
IEEE,ieee_journal_of_photovoltaics,code_docs,18. Code Documentation,False,,No mention of standards for code documentation.,2,multiple_choice,0.0
IEEE,ieee_journal_of_photovoltaics,code_linting,19. Linting Standards,False,,No mention of linting standards for code.,2,multiple_choice,0.0
IEEE,ieee_journal_of_photovoltaics,code_development,20. Code Development,False,,No mention of standards for code development such as continuous integration.,2,multiple_choice,0.0
IEEE,ieee_transactions_on_dielectrics_and_electrical_insulation,rdp_exist,1. Existence of research data policy,False,,Research Data Policy (RDP) exists.,2,multiple_choice,1.0
IEEE,ieee_transactions_on_dielectrics_and_electrical_insulation,data_sharing,3. Data sharing requirements in RDP,False,,Data sharing encouraged but optional.,2,multiple_choice,0.0
IEEE,ieee_transactions_on_dielectrics_and_electrical_insulation,data_fair,4. FAIR data sharing (see https://www.go-fair.org/fair-principles/ for a definition of FAIR),False,,Public data sharing on a FAIR repository not mentioned in RDP.,2,multiple_choice,0.0
IEEE,ieee_transactions_on_dielectrics_and_electrical_insulation,data_availability,2. Data availability statement,True,Text not found,Not mentioned in the RDP.,2,multiple_choice,0.0
IEEE,ieee_transactions_on_dielectrics_and_electrical_insulation,data_citability,5. Citability and findability of data ,False,,DOIs or other persistent identifiers recommended for datasets or codes.,2,multiple_choice,0.5
IEEE,ieee_transactions_on_dielectrics_and_electrical_insulation,data_timing,7. Timing of data release,False,,Timing of data availability not adressed in RDP.,2,multiple_choice,
IEEE,ieee_transactions_on_dielectrics_and_electrical_insulation,data_sharing_method,8. Recommended data sharing method,True,Text not found,Public online repositories recommended in RDP.,2,multiple_choice,0.8
IEEE,ieee_transactions_on_dielectrics_and_electrical_insulation,data_licenses,9. Recommended/required licenses,False,,No mention of data/code licenses in RDP.,2,multiple_choice,0.0
IEEE,ieee_transactions_on_dielectrics_and_electrical_insulation,data_referee,10. Referee guidelines concerning research data,False,,Data sharing policy not mentioned in refereeing guidelines.,2,multiple_choice,0.0
IEEE,ieee_transactions_on_dielectrics_and_electrical_insulation,data_recommended,"11. Unique policies for data types
Please name all data types for which unique policies are recommended according to the RDP (Please separate all data types be semicolon, e.g. crystal structures; Protein sequence)",True,Formatting,,2,open,
IEEE,ieee_transactions_on_dielectrics_and_electrical_insulation,code_required,13. Code sharing requirements,False,,Code sharing encouraged but optional.,2,multiple_choice,0.5
IEEE,ieee_transactions_on_dielectrics_and_electrical_insulation,code_reproducibility,14. Code Reproducibility,False,,No mention of dependencies for research code.,2,multiple_choice,0.0
IEEE,ieee_transactions_on_dielectrics_and_electrical_insulation,code_versioning,15. Versioning and persistent identifiers,False,,No mention of a persistent identifier or specifying a version of developed code.,2,multiple_choice,0.0
IEEE,ieee_transactions_on_dielectrics_and_electrical_insulation,code_quality,16. Code Quality Standards,False,,The journal policies do not mention any code quality standards.,2,multiple_choice,0.0
IEEE,ieee_transactions_on_dielectrics_and_electrical_insulation,code_autotest,17. Automatic Testing,False,,No mention of automatic testing to verify code functionality.,2,multiple_choice,0.0
IEEE,ieee_transactions_on_dielectrics_and_electrical_insulation,code_docs,18. Code Documentation,False,,No mention of standards for code documentation.,2,multiple_choice,0.0
IEEE,ieee_transactions_on_dielectrics_and_electrical_insulation,code_linting,19. Linting Standards,False,,No mention of linting standards for code.,2,multiple_choice,0.0
IEEE,ieee_transactions_on_dielectrics_and_electrical_insulation,code_development,20. Code Development,False,,No mention of standards for code development such as continuous integration.,2,multiple_choice,0.0
IEEE,ieee_journal_of_selected_topics_in_quantum_electronics,rdp_exist,1. Existence of research data policy,False,,Research Data Policy (RDP) exists.,2,multiple_choice,1.0
IEEE,ieee_journal_of_selected_topics_in_quantum_electronics,data_sharing,3. Data sharing requirements in RDP,False,,Data sharing encouraged but optional.,2,multiple_choice,0.0
IEEE,ieee_journal_of_selected_topics_in_quantum_electronics,data_fair,4. FAIR data sharing (see https://www.go-fair.org/fair-principles/ for a definition of FAIR),False,,Public data sharing on a FAIR repository not mentioned in RDP.,2,multiple_choice,0.0
IEEE,ieee_journal_of_selected_topics_in_quantum_electronics,data_availability,2. Data availability statement,True,Text not found,Mentioned in the RDP but optional.,2,multiple_choice,0.5
IEEE,ieee_journal_of_selected_topics_in_quantum_electronics,data_citability,5. Citability and findability of data ,False,,DOIs or other persistent identifiers recommended for datasets or codes.,2,multiple_choice,0.5
IEEE,ieee_journal_of_selected_topics_in_quantum_electronics,data_timing,7. Timing of data release,False,,Timing of data availability not adressed in RDP.,2,multiple_choice,
IEEE,ieee_journal_of_selected_topics_in_quantum_electronics,data_sharing_method,8. Recommended data sharing method,True,Text not found,Multiple data sharing methods equally recommended in RDP.,2,multiple_choice,0.4
IEEE,ieee_journal_of_selected_topics_in_quantum_electronics,data_licenses,9. Recommended/required licenses,False,,No mention of data/code licenses in RDP.,2,multiple_choice,0.0
IEEE,ieee_journal_of_selected_topics_in_quantum_electronics,data_referee,10. Referee guidelines concerning research data,False,,Data sharing policy not mentioned in refereeing guidelines.,2,multiple_choice,0.0
IEEE,ieee_journal_of_selected_topics_in_quantum_electronics,data_recommended,"11. Unique policies for data types
Please name all data types for which unique policies are recommended according to the RDP (Please separate all data types be semicolon, e.g. crystal structures; Protein sequence)",True,Formatting,n.a.,2,open,
IEEE,ieee_journal_of_selected_topics_in_quantum_electronics,code_required,13. Code sharing requirements,False,,Code sharing encouraged but optional.,2,multiple_choice,0.5
IEEE,ieee_journal_of_selected_topics_in_quantum_electronics,code_reproducibility,14. Code Reproducibility,False,,No mention of dependencies for research code.,2,multiple_choice,0.0
IEEE,ieee_journal_of_selected_topics_in_quantum_electronics,code_versioning,15. Versioning and persistent identifiers,False,,No mention of a persistent identifier or specifying a version of developed code.,2,multiple_choice,0.0
IEEE,ieee_journal_of_selected_topics_in_quantum_electronics,code_quality,16. Code Quality Standards,False,,The journal policies do not mention any code quality standards.,2,multiple_choice,0.0
IEEE,ieee_journal_of_selected_topics_in_quantum_electronics,code_autotest,17. Automatic Testing,False,,No mention of automatic testing to verify code functionality.,2,multiple_choice,0.0
IEEE,ieee_journal_of_selected_topics_in_quantum_electronics,code_docs,18. Code Documentation,False,,No mention of standards for code documentation.,2,multiple_choice,0.0
IEEE,ieee_journal_of_selected_topics_in_quantum_electronics,code_linting,19. Linting Standards,False,,No mention of linting standards for code.,2,multiple_choice,0.0
IEEE,ieee_journal_of_selected_topics_in_quantum_electronics,code_development,20. Code Development,False,,No mention of standards for code development such as continuous integration.,2,multiple_choice,0.0
IEEE,ieee_transactions_on_electron_devices,rdp_exist,1. Existence of research data policy,False,,Research Data Policy (RDP) exists.,2,multiple_choice,1.0
IEEE,ieee_transactions_on_electron_devices,data_sharing,3. Data sharing requirements in RDP,False,,Data sharing encouraged but optional.,2,multiple_choice,0.0
IEEE,ieee_transactions_on_electron_devices,data_fair,4. FAIR data sharing (see https://www.go-fair.org/fair-principles/ for a definition of FAIR),False,,Public data sharing on a FAIR repository not mentioned in RDP.,2,multiple_choice,0.0
IEEE,ieee_transactions_on_electron_devices,data_availability,2. Data availability statement,True,Text not found,Mentioned in the RDP but optional.,2,multiple_choice,0.5
IEEE,ieee_transactions_on_electron_devices,data_citability,5. Citability and findability of data ,False,,DOIs or other persistent identifiers recommended for datasets or codes.,2,multiple_choice,0.5
IEEE,ieee_transactions_on_electron_devices,data_timing,7. Timing of data release,False,,Timing of data availability not adressed in RDP.,2,multiple_choice,
IEEE,ieee_transactions_on_electron_devices,data_sharing_method,8. Recommended data sharing method,True,Text not found,Multiple data sharing methods equally recommended in RDP.,2,multiple_choice,0.4
IEEE,ieee_transactions_on_electron_devices,data_licenses,9. Recommended/required licenses,False,,No mention of data/code licenses in RDP.,2,multiple_choice,0.0
IEEE,ieee_transactions_on_electron_devices,data_referee,10. Referee guidelines concerning research data,False,,Data sharing policy not mentioned in refereeing guidelines.,2,multiple_choice,0.0
IEEE,ieee_transactions_on_electron_devices,data_recommended,"11. Unique policies for data types
Please name all data types for which unique policies are recommended according to the RDP (Please separate all data types be semicolon, e.g. crystal structures; Protein sequence)",True,Formatting,n.a.,2,open,
IEEE,ieee_transactions_on_electron_devices,code_required,13. Code sharing requirements,False,,Code sharing encouraged but optional.,2,multiple_choice,0.5
IEEE,ieee_transactions_on_electron_devices,code_reproducibility,14. Code Reproducibility,False,,No mention of dependencies for research code.,2,multiple_choice,0.0
IEEE,ieee_transactions_on_electron_devices,code_versioning,15. Versioning and persistent identifiers,False,,No mention of a persistent identifier or specifying a version of developed code.,2,multiple_choice,0.0
IEEE,ieee_transactions_on_electron_devices,code_quality,16. Code Quality Standards,False,,The journal policies do not mention any code quality standards.,2,multiple_choice,0.0
IEEE,ieee_transactions_on_electron_devices,code_autotest,17. Automatic Testing,False,,No mention of automatic testing to verify code functionality.,2,multiple_choice,0.0
IEEE,ieee_transactions_on_electron_devices,code_docs,18. Code Documentation,False,,No mention of standards for code documentation.,2,multiple_choice,0.0
IEEE,ieee_transactions_on_electron_devices,code_linting,19. Linting Standards,False,,No mention of linting standards for code.,2,multiple_choice,0.0
IEEE,ieee_transactions_on_electron_devices,code_development,20. Code Development,False,,No mention of standards for code development such as continuous integration.,2,multiple_choice,0.0
IEEE,ieee_sensors_journal,rdp_exist,1. Existence of research data policy,False,,Research Data Policy (RDP) exists.,2,multiple_choice,1.0
IEEE,ieee_sensors_journal,data_sharing,3. Data sharing requirements in RDP,False,,Data sharing encouraged but optional.,2,multiple_choice,0.0
IEEE,ieee_sensors_journal,data_fair,4. FAIR data sharing (see https://www.go-fair.org/fair-principles/ for a definition of FAIR),False,,Public data sharing on a FAIR repository not mentioned in RDP.,2,multiple_choice,0.0
IEEE,ieee_sensors_journal,data_availability,2. Data availability statement,True,Text not found,Mentioned in the RDP but optional.,2,multiple_choice,0.5
IEEE,ieee_sensors_journal,data_citability,5. Citability and findability of data ,False,,DOIs or other persistent identifiers recommended for datasets or codes.,2,multiple_choice,0.5
IEEE,ieee_sensors_journal,data_timing,7. Timing of data release,False,,Timing of data availability not adressed in RDP.,2,multiple_choice,
IEEE,ieee_sensors_journal,data_sharing_method,8. Recommended data sharing method,True,Text not found,Multiple data sharing methods equally recommended in RDP.,2,multiple_choice,0.4
IEEE,ieee_sensors_journal,data_licenses,9. Recommended/required licenses,False,,No mention of data/code licenses in RDP.,2,multiple_choice,0.0
IEEE,ieee_sensors_journal,data_referee,10. Referee guidelines concerning research data,False,,Data sharing policy not mentioned in refereeing guidelines.,2,multiple_choice,0.0
IEEE,ieee_sensors_journal,data_recommended,"11. Unique policies for data types
Please name all data types for which unique policies are recommended according to the RDP (Please separate all data types be semicolon, e.g. crystal structures; Protein sequence)",True,Formatting,n.a.,2,open,
IEEE,ieee_sensors_journal,code_required,13. Code sharing requirements,False,,Code sharing encouraged but optional.,2,multiple_choice,0.5
IEEE,ieee_sensors_journal,code_reproducibility,14. Code Reproducibility,False,,No mention of dependencies for research code.,2,multiple_choice,0.0
IEEE,ieee_sensors_journal,code_versioning,15. Versioning and persistent identifiers,False,,No mention of a persistent identifier or specifying a version of developed code.,2,multiple_choice,0.0
IEEE,ieee_sensors_journal,code_quality,16. Code Quality Standards,False,,The journal policies do not mention any code quality standards.,2,multiple_choice,0.0
IEEE,ieee_sensors_journal,code_autotest,17. Automatic Testing,False,,No mention of automatic testing to verify code functionality.,2,multiple_choice,0.0
IEEE,ieee_sensors_journal,code_docs,18. Code Documentation,False,,No mention of standards for code documentation.,2,multiple_choice,0.0
IEEE,ieee_sensors_journal,code_linting,19. Linting Standards,False,,No mention of linting standards for code.,2,multiple_choice,0.0
IEEE,ieee_sensors_journal,code_development,20. Code Development,False,,No mention of standards for code development such as continuous integration.,2,multiple_choice,0.0
IEEE,ieee_electron_device_letters,rdp_exist,1. Existence of research data policy,False,,Research Data Policy (RDP) exists.,2,multiple_choice,1.0
IEEE,ieee_electron_device_letters,data_sharing,3. Data sharing requirements in RDP,False,,Data sharing encouraged but optional.,2,multiple_choice,0.0
IEEE,ieee_electron_device_letters,data_fair,4. FAIR data sharing (see https://www.go-fair.org/fair-principles/ for a definition of FAIR),False,,Public data sharing on a FAIR repository not mentioned in RDP.,2,multiple_choice,0.0
IEEE,ieee_electron_device_letters,data_availability,2. Data availability statement,True,Text not found,Mentioned in the RDP but optional.,2,multiple_choice,0.5
IEEE,ieee_electron_device_letters,data_citability,5. Citability and findability of data ,False,,DOIs or other persistent identifiers recommended for datasets or codes.,2,multiple_choice,0.5
IEEE,ieee_electron_device_letters,data_timing,7. Timing of data release,False,,Timing of data availability not adressed in RDP.,2,multiple_choice,
IEEE,ieee_electron_device_letters,data_sharing_method,8. Recommended data sharing method,True,Text not found,Multiple data sharing methods equally recommended in RDP.,2,multiple_choice,0.4
IEEE,ieee_electron_device_letters,data_licenses,9. Recommended/required licenses,False,,No mention of data/code licenses in RDP.,2,multiple_choice,0.0
IEEE,ieee_electron_device_letters,data_referee,10. Referee guidelines concerning research data,False,,Data sharing policy not mentioned in refereeing guidelines.,2,multiple_choice,0.0
IEEE,ieee_electron_device_letters,data_recommended,"11. Unique policies for data types
Please name all data types for which unique policies are recommended according to the RDP (Please separate all data types be semicolon, e.g. crystal structures; Protein sequence)",True,Formatting,n.a.,2,open,
IEEE,ieee_electron_device_letters,code_required,13. Code sharing requirements,False,,Code sharing encouraged but optional.,2,multiple_choice,0.5
IEEE,ieee_electron_device_letters,code_reproducibility,14. Code Reproducibility,False,,No mention of dependencies for research code.,2,multiple_choice,0.0
IEEE,ieee_electron_device_letters,code_versioning,15. Versioning and persistent identifiers,False,,No mention of a persistent identifier or specifying a version of developed code.,2,multiple_choice,0.0
IEEE,ieee_electron_device_letters,code_quality,16. Code Quality Standards,False,,The journal policies do not mention any code quality standards.,2,multiple_choice,0.0
IEEE,ieee_electron_device_letters,code_autotest,17. Automatic Testing,False,,No mention of automatic testing to verify code functionality.,2,multiple_choice,0.0
IEEE,ieee_electron_device_letters,code_docs,18. Code Documentation,False,,No mention of standards for code documentation.,2,multiple_choice,0.0
IEEE,ieee_electron_device_letters,code_linting,19. Linting Standards,False,,No mention of linting standards for code.,2,multiple_choice,0.0
IEEE,ieee_electron_device_letters,code_development,20. Code Development,False,,No mention of standards for code development such as continuous integration.,2,multiple_choice,0.0
IEEE,ieee_access,rdp_exist,1. Existence of research data policy,False,,Research Data Policy (RDP) exists.,2,multiple_choice,1.0
IEEE,ieee_access,data_sharing,3. Data sharing requirements in RDP,False,,Data sharing encouraged but optional.,2,multiple_choice,0.0
IEEE,ieee_access,data_fair,4. FAIR data sharing (see https://www.go-fair.org/fair-principles/ for a definition of FAIR),False,,Public data sharing on a FAIR repository not mentioned in RDP.,2,multiple_choice,0.0
IEEE,ieee_access,data_availability,2. Data availability statement,True,Text not found,Mentioned in the RDP but optional.,2,multiple_choice,0.5
IEEE,ieee_access,data_citability,5. Citability and findability of data ,False,,DOIs or other persistent identifiers recommended for datasets or codes.,2,multiple_choice,0.5
IEEE,ieee_access,data_timing,7. Timing of data release,False,,Timing of data availability not adressed in RDP.,2,multiple_choice,
IEEE,ieee_access,data_sharing_method,8. Recommended data sharing method,True,Text not found,Multiple data sharing methods equally recommended in RDP.,2,multiple_choice,0.4
IEEE,ieee_access,data_licenses,9. Recommended/required licenses,False,,No mention of data/code licenses in RDP.,2,multiple_choice,0.0
IEEE,ieee_access,data_referee,10. Referee guidelines concerning research data,False,,Data sharing policy not mentioned in refereeing guidelines.,2,multiple_choice,0.0
IEEE,ieee_access,data_recommended,"11. Unique policies for data types
Please name all data types for which unique policies are recommended according to the RDP (Please separate all data types be semicolon, e.g. crystal structures; Protein sequence)",True,Formatting,n.a.,2,open,
IEEE,ieee_access,code_required,13. Code sharing requirements,False,,Code sharing encouraged but optional.,2,multiple_choice,0.5
IEEE,ieee_access,code_reproducibility,14. Code Reproducibility,False,,No mention of dependencies for research code.,2,multiple_choice,0.0
IEEE,ieee_access,code_versioning,15. Versioning and persistent identifiers,False,,No mention of a persistent identifier or specifying a version of developed code.,2,multiple_choice,0.0
IEEE,ieee_access,code_quality,16. Code Quality Standards,False,,The journal policies do not mention any code quality standards.,2,multiple_choice,0.0
IEEE,ieee_access,code_autotest,17. Automatic Testing,False,,No mention of automatic testing to verify code functionality.,2,multiple_choice,0.0
IEEE,ieee_access,code_docs,18. Code Documentation,False,,No mention of standards for code documentation.,2,multiple_choice,0.0
IEEE,ieee_access,code_linting,19. Linting Standards,False,,No mention of linting standards for code.,2,multiple_choice,0.0
IEEE,ieee_access,code_development,20. Code Development,False,,No mention of standards for code development such as continuous integration.,2,multiple_choice,0.0
IOP,journal_of_semiconductors,rdp_exist,1. Existence of research data policy,False,,Research Data Policy (RDP) exists.,2,multiple_choice,1.0
IOP,journal_of_semiconductors,data_sharing,3. Data sharing requirements in RDP,False,,Data sharing encouraged but optional.,2,multiple_choice,0.0
IOP,journal_of_semiconductors,data_fair,4. FAIR data sharing (see https://www.go-fair.org/fair-principles/ for a definition of FAIR),False,,Public data sharing on a FAIR repository encouraged.,2,multiple_choice,0.33
IOP,journal_of_semiconductors,data_availability,2. Data availability statement,False,,Mentioned in the RDP but optional.,2,multiple_choice,0.5
IOP,journal_of_semiconductors,data_citability,5. Citability and findability of data ,False,,DOIs or other persistent identifiers recommended for datasets or codes.,2,multiple_choice,0.5
IOP,journal_of_semiconductors,data_timing,7. Timing of data release,False,,Timing of data availability not adressed in RDP.,2,multiple_choice,
IOP,journal_of_semiconductors,data_sharing_method,8. Recommended data sharing method,False,,Public online repositories recommended in RDP.,2,multiple_choice,0.8
IOP,journal_of_semiconductors,data_licenses,9. Recommended/required licenses,False,,Explicit mention of a certain license/license type in RDP.,2,multiple_choice,
IOP,journal_of_semiconductors,data_referee,10. Referee guidelines concerning research data,False,,Data sharing policy not mentioned in refereeing guidelines.,2,multiple_choice,0.0
IOP,journal_of_semiconductors,code_required,13. Code sharing requirements,False,,Code sharing encouraged but optional.,2,multiple_choice,0.5
IOP,journal_of_semiconductors,code_reproducibility,14. Code Reproducibility,False,,No mention of dependencies for research code.,2,multiple_choice,0.0
IOP,journal_of_semiconductors,code_versioning,15. Versioning and persistent identifiers,False,,No mention of a persistent identifier or specifying a version of developed code.,2,multiple_choice,0.0
IOP,journal_of_semiconductors,code_quality,16. Code Quality Standards,False,,The journal policies do not mention any code quality standards.,2,multiple_choice,0.0
IOP,journal_of_semiconductors,code_autotest,17. Automatic Testing,False,,No mention of automatic testing to verify code functionality.,2,multiple_choice,0.0
IOP,journal_of_semiconductors,code_docs,18. Code Documentation,False,,No mention of standards for code documentation.,2,multiple_choice,0.0
IOP,journal_of_semiconductors,code_linting,19. Linting Standards,False,,No mention of linting standards for code.,2,multiple_choice,0.0
IOP,journal_of_semiconductors,code_development,20. Code Development,False,,No mention of standards for code development such as continuous integration.,2,multiple_choice,0.0
IOP,nanotechnology,rdp_exist,1. Existence of research data policy,False,,Research Data Policy (RDP) exists.,2,multiple_choice,1.0
IOP,nanotechnology,data_sharing,3. Data sharing requirements in RDP,False,,Data sharing encouraged but optional.,2,multiple_choice,0.0
IOP,nanotechnology,data_fair,4. FAIR data sharing (see https://www.go-fair.org/fair-principles/ for a definition of FAIR),False,,Public data sharing on a FAIR repository encouraged.,2,multiple_choice,0.33
IOP,nanotechnology,data_availability,2. Data availability statement,False,,Required according to the RDP.,2,multiple_choice,1.0
IOP,nanotechnology,data_citability,5. Citability and findability of data ,False,,DOIs or other persistent identifiers recommended for datasets or codes.,2,multiple_choice,0.5
IOP,nanotechnology,data_timing,7. Timing of data release,True,language understanding,Required data must be available prior to official publication.,2,multiple_choice,0.75
IOP,nanotechnology,data_sharing_method,8. Recommended data sharing method,False,,Public online repositories recommended in RDP.,2,multiple_choice,0.8
IOP,nanotechnology,data_licenses,9. Recommended/required licenses,False,,Explicit mention of a certain license/license type in RDP.,2,multiple_choice,
IOP,nanotechnology,data_referee,10. Referee guidelines concerning research data,False,,Data sharing policy not mentioned in refereeing guidelines.,2,multiple_choice,0.0
IOP,nanotechnology,code_required,13. Code sharing requirements,False,,Code sharing encouraged but optional.,2,multiple_choice,0.5
IOP,nanotechnology,code_reproducibility,14. Code Reproducibility,False,,No mention of dependencies for research code.,2,multiple_choice,0.0
IOP,nanotechnology,code_versioning,15. Versioning and persistent identifiers,False,,Journal policies encourage/recommend a persistent identifier or specifying a version of developed code.,2,multiple_choice,0.5
IOP,nanotechnology,code_quality,16. Code Quality Standards,False,,The journal policies do not mention any code quality standards.,2,multiple_choice,0.0
IOP,nanotechnology,code_autotest,17. Automatic Testing,False,,No mention of automatic testing to verify code functionality.,2,multiple_choice,0.0
IOP,nanotechnology,code_docs,18. Code Documentation,False,,No mention of standards for code documentation.,2,multiple_choice,0.0
IOP,nanotechnology,code_linting,19. Linting Standards,False,,No mention of linting standards for code.,2,multiple_choice,0.0
IOP,nanotechnology,code_development,20. Code Development,True,language understanding,No mention of standards for code development such as continuous integration.,2,multiple_choice,0.0
IOP,journal_of_physics_energy,rdp_exist,1. Existence of research data policy,False,,Research Data Policy (RDP) exists.,2,multiple_choice,1.0
IOP,journal_of_physics_energy,data_sharing,3. Data sharing requirements in RDP,False,,Data sharing encouraged but optional.,2,multiple_choice,0.0
IOP,journal_of_physics_energy,data_fair,4. FAIR data sharing (see https://www.go-fair.org/fair-principles/ for a definition of FAIR),False,,Public data sharing on a FAIR repository encouraged.,2,multiple_choice,0.33
IOP,journal_of_physics_energy,data_availability,2. Data availability statement,False,,Required according to the RDP.,2,multiple_choice,1.0
IOP,journal_of_physics_energy,data_citability,5. Citability and findability of data ,False,,DOIs or other persistent identifiers recommended for datasets or codes.,2,multiple_choice,0.5
IOP,journal_of_physics_energy,data_timing,7. Timing of data release,True,language understanding,Required data must be available prior to official publication.,2,multiple_choice,0.75
IOP,journal_of_physics_energy,data_sharing_method,8. Recommended data sharing method,False,,Public online repositories recommended in RDP.,2,multiple_choice,0.8
IOP,journal_of_physics_energy,data_licenses,9. Recommended/required licenses,False,,Explicit mention of a certain license/license type in RDP.,2,multiple_choice,
IOP,journal_of_physics_energy,data_referee,10. Referee guidelines concerning research data,False,,Data sharing policy not mentioned in refereeing guidelines.,2,multiple_choice,0.0
IOP,journal_of_physics_energy,code_required,13. Code sharing requirements,False,,Code sharing encouraged but optional.,2,multiple_choice,0.5
IOP,journal_of_physics_energy,code_reproducibility,14. Code Reproducibility,False,,No mention of dependencies for research code.,2,multiple_choice,0.0
IOP,journal_of_physics_energy,code_versioning,15. Versioning and persistent identifiers,False,,Journal policies encourage/recommend a persistent identifier or specifying a version of developed code.,2,multiple_choice,0.5
IOP,journal_of_physics_energy,code_quality,16. Code Quality Standards,False,,The journal policies do not mention any code quality standards.,2,multiple_choice,0.0
IOP,journal_of_physics_energy,code_autotest,17. Automatic Testing,False,,No mention of automatic testing to verify code functionality.,2,multiple_choice,0.0
IOP,journal_of_physics_energy,code_docs,18. Code Documentation,False,,No mention of standards for code documentation.,2,multiple_choice,0.0
IOP,journal_of_physics_energy,code_linting,19. Linting Standards,False,,No mention of linting standards for code.,2,multiple_choice,0.0
IOP,journal_of_physics_energy,code_development,20. Code Development,True,language understanding,No mention of standards for code development such as continuous integration.,2,multiple_choice,0.0
IOP,journal_of_physics_photonics,rdp_exist,1. Existence of research data policy,False,,Research Data Policy (RDP) exists.,2,multiple_choice,1.0
IOP,journal_of_physics_photonics,data_sharing,3. Data sharing requirements in RDP,False,,Data sharing encouraged but optional.,2,multiple_choice,0.0
IOP,journal_of_physics_photonics,data_fair,4. FAIR data sharing (see https://www.go-fair.org/fair-principles/ for a definition of FAIR),False,,Public data sharing on a FAIR repository encouraged.,2,multiple_choice,0.33
IOP,journal_of_physics_photonics,data_availability,2. Data availability statement,False,,Required according to the RDP.,2,multiple_choice,1.0
IOP,journal_of_physics_photonics,data_citability,5. Citability and findability of data ,False,,DOIs or other persistent identifiers recommended for datasets or codes.,2,multiple_choice,0.5
IOP,journal_of_physics_photonics,data_timing,7. Timing of data release,True,language understanding,Required data must be available prior to official publication.,2,multiple_choice,0.75
IOP,journal_of_physics_photonics,data_sharing_method,8. Recommended data sharing method,False,,Public online repositories recommended in RDP.,2,multiple_choice,0.8
IOP,journal_of_physics_photonics,data_licenses,9. Recommended/required licenses,False,,Explicit mention of a certain license/license type in RDP.,2,multiple_choice,
IOP,journal_of_physics_photonics,data_referee,10. Referee guidelines concerning research data,False,,Data sharing policy not mentioned in refereeing guidelines.,2,multiple_choice,0.0
IOP,journal_of_physics_photonics,code_required,13. Code sharing requirements,False,,Code sharing encouraged but optional.,2,multiple_choice,0.5
IOP,journal_of_physics_photonics,code_reproducibility,14. Code Reproducibility,False,,No mention of dependencies for research code.,2,multiple_choice,0.0
IOP,journal_of_physics_photonics,code_versioning,15. Versioning and persistent identifiers,False,,Journal policies encourage/recommend a persistent identifier or specifying a version of developed code.,2,multiple_choice,0.5
IOP,journal_of_physics_photonics,code_quality,16. Code Quality Standards,False,,The journal policies do not mention any code quality standards.,2,multiple_choice,0.0
IOP,journal_of_physics_photonics,code_autotest,17. Automatic Testing,False,,No mention of automatic testing to verify code functionality.,2,multiple_choice,0.0
IOP,journal_of_physics_photonics,code_docs,18. Code Documentation,False,,No mention of standards for code documentation.,2,multiple_choice,0.0
IOP,journal_of_physics_photonics,code_linting,19. Linting Standards,False,,No mention of linting standards for code.,2,multiple_choice,0.0
IOP,journal_of_physics_photonics,code_development,20. Code Development,True,language understanding,No mention of standards for code development such as continuous integration.,2,multiple_choice,0.0
IOP,iop_conference_series_materials_science_and_engineering,rdp_exist,1. Existence of research data policy,False,,Research Data Policy (RDP) does not exists.,2,multiple_choice,
IOP,iop_conference_series_materials_science_and_engineering,data_sharing,3. Data sharing requirements in RDP,False,,Data sharing only with editors and referees (no public sharing),2,multiple_choice,0.25
IOP,iop_conference_series_materials_science_and_engineering,data_fair,4. FAIR data sharing (see https://www.go-fair.org/fair-principles/ for a definition of FAIR),False,,Public data sharing on a FAIR repository not mentioned in RDP.,2,multiple_choice,0.0
IOP,iop_conference_series_materials_science_and_engineering,data_availability,2. Data availability statement,False,,Not mentioned in the RDP.,2,multiple_choice,0.0
IOP,iop_conference_series_materials_science_and_engineering,data_citability,5. Citability and findability of data ,False,,No mention of DOIs or other persistent identifiers for datasets or codes.,2,multiple_choice,0.0
IOP,iop_conference_series_materials_science_and_engineering,data_timing,7. Timing of data release,False,,Timing of data availability not adressed in RDP.,2,multiple_choice,
IOP,iop_conference_series_materials_science_and_engineering,data_sharing_method,8. Recommended data sharing method,False,,No data sharing method recommended in RDP.,2,multiple_choice,0.0
IOP,iop_conference_series_materials_science_and_engineering,data_licenses,9. Recommended/required licenses,False,,No mention of data/code licenses in RDP.,2,multiple_choice,0.0
IOP,iop_conference_series_materials_science_and_engineering,data_referee,10. Referee guidelines concerning research data,False,,Data sharing policy not mentioned in refereeing guidelines.,2,multiple_choice,0.0
IOP,iop_conference_series_materials_science_and_engineering,code_required,13. Code sharing requirements,False,,Code sharing not mentioned.,2,multiple_choice,0.0
IOP,iop_conference_series_materials_science_and_engineering,code_reproducibility,14. Code Reproducibility,False,,No mention of dependencies for research code.,2,multiple_choice,0.0
IOP,iop_conference_series_materials_science_and_engineering,code_versioning,15. Versioning and persistent identifiers,False,,No mention of a persistent identifier or specifying a version of developed code.,2,multiple_choice,0.0
IOP,iop_conference_series_materials_science_and_engineering,code_quality,16. Code Quality Standards,False,,The journal policies do not mention any code quality standards.,2,multiple_choice,0.0
IOP,iop_conference_series_materials_science_and_engineering,code_autotest,17. Automatic Testing,False,,No mention of automatic testing to verify code functionality.,2,multiple_choice,0.0
IOP,iop_conference_series_materials_science_and_engineering,code_docs,18. Code Documentation,False,,No mention of standards for code documentation.,2,multiple_choice,0.0
IOP,iop_conference_series_materials_science_and_engineering,code_linting,19. Linting Standards,False,,No mention of linting standards for code.,2,multiple_choice,0.0
IOP,iop_conference_series_materials_science_and_engineering,code_development,20. Code Development,False,,No mention of standards for code development such as continuous integration.,2,multiple_choice,0.0
IOP,smart_materials_and_structures,rdp_exist,1. Existence of research data policy,False,,Research Data Policy (RDP) exists.,2,multiple_choice,1.0
IOP,smart_materials_and_structures,data_sharing,3. Data sharing requirements in RDP,False,,Data sharing encouraged but optional.,2,multiple_choice,0.0
IOP,smart_materials_and_structures,data_fair,4. FAIR data sharing (see https://www.go-fair.org/fair-principles/ for a definition of FAIR),False,,Public data sharing on a FAIR repository encouraged.,2,multiple_choice,0.33
IOP,smart_materials_and_structures,data_availability,2. Data availability statement,False,,Required according to the RDP.,2,multiple_choice,1.0
IOP,smart_materials_and_structures,data_citability,5. Citability and findability of data ,False,,DOIs or other persistent identifiers recommended for datasets or codes.,2,multiple_choice,0.5
IOP,smart_materials_and_structures,data_timing,7. Timing of data release,True,language understanding,Required data must be available prior to official publication.,2,multiple_choice,0.75
IOP,smart_materials_and_structures,data_sharing_method,8. Recommended data sharing method,False,,Public online repositories recommended in RDP.,2,multiple_choice,0.8
IOP,smart_materials_and_structures,data_licenses,9. Recommended/required licenses,False,,Explicit mention of a certain license/license type in RDP.,2,multiple_choice,
IOP,smart_materials_and_structures,data_referee,10. Referee guidelines concerning research data,False,,Data sharing policy not mentioned in refereeing guidelines.,2,multiple_choice,0.0
IOP,smart_materials_and_structures,code_required,13. Code sharing requirements,False,,Code sharing encouraged but optional.,2,multiple_choice,0.5
IOP,smart_materials_and_structures,code_reproducibility,14. Code Reproducibility,False,,No mention of dependencies for research code.,2,multiple_choice,0.0
IOP,smart_materials_and_structures,code_versioning,15. Versioning and persistent identifiers,False,,Journal policies encourage/recommend a persistent identifier or specifying a version of developed code.,2,multiple_choice,0.5
IOP,smart_materials_and_structures,code_quality,16. Code Quality Standards,False,,The journal policies do not mention any code quality standards.,2,multiple_choice,0.0
IOP,smart_materials_and_structures,code_autotest,17. Automatic Testing,False,,No mention of automatic testing to verify code functionality.,2,multiple_choice,0.0
IOP,smart_materials_and_structures,code_docs,18. Code Documentation,False,,No mention of standards for code documentation.,2,multiple_choice,0.0
IOP,smart_materials_and_structures,code_linting,19. Linting Standards,False,,No mention of linting standards for code.,2,multiple_choice,0.0
IOP,smart_materials_and_structures,code_development,20. Code Development,True,language understanding,No mention of standards for code development such as continuous integration.,2,multiple_choice,0.0
IOP,quantum_science_and_technology,rdp_exist,1. Existence of research data policy,False,,Research Data Policy (RDP) exists.,2,multiple_choice,1.0
IOP,quantum_science_and_technology,data_sharing,3. Data sharing requirements in RDP,False,,Data sharing encouraged but optional.,2,multiple_choice,0.0
IOP,quantum_science_and_technology,data_fair,4. FAIR data sharing (see https://www.go-fair.org/fair-principles/ for a definition of FAIR),False,,Public data sharing on a FAIR repository encouraged.,2,multiple_choice,0.33
IOP,quantum_science_and_technology,data_availability,2. Data availability statement,False,,Required according to the RDP.,2,multiple_choice,1.0
IOP,quantum_science_and_technology,data_citability,5. Citability and findability of data ,False,,DOIs or other persistent identifiers recommended for datasets or codes.,2,multiple_choice,0.5
IOP,quantum_science_and_technology,data_timing,7. Timing of data release,True,language understanding,Required data must be available prior to official publication.,2,multiple_choice,0.75
IOP,quantum_science_and_technology,data_sharing_method,8. Recommended data sharing method,False,,Public online repositories recommended in RDP.,2,multiple_choice,0.8
IOP,quantum_science_and_technology,data_licenses,9. Recommended/required licenses,False,,Explicit mention of a certain license/license type in RDP.,2,multiple_choice,
IOP,quantum_science_and_technology,data_referee,10. Referee guidelines concerning research data,False,,Data sharing policy not mentioned in refereeing guidelines.,2,multiple_choice,0.0
IOP,quantum_science_and_technology,code_required,13. Code sharing requirements,False,,Code sharing encouraged but optional.,2,multiple_choice,0.5
IOP,quantum_science_and_technology,code_reproducibility,14. Code Reproducibility,False,,No mention of dependencies for research code.,2,multiple_choice,0.0
IOP,quantum_science_and_technology,code_versioning,15. Versioning and persistent identifiers,False,,Journal policies encourage/recommend a persistent identifier or specifying a version of developed code.,2,multiple_choice,0.5
IOP,quantum_science_and_technology,code_quality,16. Code Quality Standards,False,,The journal policies do not mention any code quality standards.,2,multiple_choice,0.0
IOP,quantum_science_and_technology,code_autotest,17. Automatic Testing,False,,No mention of automatic testing to verify code functionality.,2,multiple_choice,0.0
IOP,quantum_science_and_technology,code_docs,18. Code Documentation,False,,No mention of standards for code documentation.,2,multiple_choice,0.0
IOP,quantum_science_and_technology,code_linting,19. Linting Standards,False,,No mention of linting standards for code.,2,multiple_choice,0.0
IOP,quantum_science_and_technology,code_development,20. Code Development,True,language understanding,No mention of standards for code development such as continuous integration.,2,multiple_choice,0.0
IOP,2d_materials,rdp_exist,1. Existence of research data policy,False,,Research Data Policy (RDP) exists.,2,multiple_choice,1.0
IOP,2d_materials,data_sharing,3. Data sharing requirements in RDP,False,,Data sharing encouraged but optional.,2,multiple_choice,0.0
IOP,2d_materials,data_fair,4. FAIR data sharing (see https://www.go-fair.org/fair-principles/ for a definition of FAIR),False,,Public data sharing on a FAIR repository encouraged.,2,multiple_choice,0.33
IOP,2d_materials,data_availability,2. Data availability statement,False,,Required according to the RDP.,2,multiple_choice,1.0
IOP,2d_materials,data_citability,5. Citability and findability of data ,False,,DOIs or other persistent identifiers recommended for datasets or codes.,2,multiple_choice,0.5
IOP,2d_materials,data_timing,7. Timing of data release,True,language understanding,Required data must be available prior to official publication.,2,multiple_choice,0.75
IOP,2d_materials,data_sharing_method,8. Recommended data sharing method,False,,Public online repositories recommended in RDP.,2,multiple_choice,0.8
IOP,2d_materials,data_licenses,9. Recommended/required licenses,False,,Explicit mention of a certain license/license type in RDP.,2,multiple_choice,
IOP,2d_materials,data_referee,10. Referee guidelines concerning research data,False,,Data sharing policy not mentioned in refereeing guidelines.,2,multiple_choice,0.0
IOP,2d_materials,code_required,13. Code sharing requirements,False,,Code sharing encouraged but optional.,2,multiple_choice,0.5
IOP,2d_materials,code_reproducibility,14. Code Reproducibility,False,,No mention of dependencies for research code.,2,multiple_choice,0.0
IOP,2d_materials,code_versioning,15. Versioning and persistent identifiers,False,,Journal policies encourage/recommend a persistent identifier or specifying a version of developed code.,2,multiple_choice,0.5
IOP,2d_materials,code_quality,16. Code Quality Standards,False,,The journal policies do not mention any code quality standards.,2,multiple_choice,0.0
IOP,2d_materials,code_autotest,17. Automatic Testing,False,,No mention of automatic testing to verify code functionality.,2,multiple_choice,0.0
IOP,2d_materials,code_docs,18. Code Documentation,False,,No mention of standards for code documentation.,2,multiple_choice,0.0
IOP,2d_materials,code_linting,19. Linting Standards,False,,No mention of linting standards for code.,2,multiple_choice,0.0
IOP,2d_materials,code_development,20. Code Development,True,language understanding,No mention of standards for code development such as continuous integration.,2,multiple_choice,0.0
IOP,journal_of_physics_condensed_matter,rdp_exist,1. Existence of research data policy,False,,Research Data Policy (RDP) exists.,2,multiple_choice,1.0
IOP,journal_of_physics_condensed_matter,data_sharing,3. Data sharing requirements in RDP,False,,Data sharing encouraged but optional.,2,multiple_choice,0.0
IOP,journal_of_physics_condensed_matter,data_fair,4. FAIR data sharing (see https://www.go-fair.org/fair-principles/ for a definition of FAIR),False,,Public data sharing on a FAIR repository encouraged.,2,multiple_choice,0.33
IOP,journal_of_physics_condensed_matter,data_availability,2. Data availability statement,False,,Required according to the RDP.,2,multiple_choice,1.0
IOP,journal_of_physics_condensed_matter,data_citability,5. Citability and findability of data ,False,,DOIs or other persistent identifiers recommended for datasets or codes.,2,multiple_choice,0.5
IOP,journal_of_physics_condensed_matter,data_timing,7. Timing of data release,True,language understanding,Required data must be available prior to official publication.,2,multiple_choice,0.75
IOP,journal_of_physics_condensed_matter,data_sharing_method,8. Recommended data sharing method,False,,Public online repositories recommended in RDP.,2,multiple_choice,0.8
IOP,journal_of_physics_condensed_matter,data_licenses,9. Recommended/required licenses,False,,Explicit mention of a certain license/license type in RDP.,2,multiple_choice,
IOP,journal_of_physics_condensed_matter,data_referee,10. Referee guidelines concerning research data,False,,Data sharing policy not mentioned in refereeing guidelines.,2,multiple_choice,0.0
IOP,journal_of_physics_condensed_matter,code_required,13. Code sharing requirements,False,,Code sharing encouraged but optional.,2,multiple_choice,0.5
IOP,journal_of_physics_condensed_matter,code_reproducibility,14. Code Reproducibility,False,,No mention of dependencies for research code.,2,multiple_choice,0.0
IOP,journal_of_physics_condensed_matter,code_versioning,15. Versioning and persistent identifiers,False,,Journal policies encourage/recommend a persistent identifier or specifying a version of developed code.,2,multiple_choice,0.5
IOP,journal_of_physics_condensed_matter,code_quality,16. Code Quality Standards,False,,The journal policies do not mention any code quality standards.,2,multiple_choice,0.0
IOP,journal_of_physics_condensed_matter,code_autotest,17. Automatic Testing,False,,No mention of automatic testing to verify code functionality.,2,multiple_choice,0.0
IOP,journal_of_physics_condensed_matter,code_docs,18. Code Documentation,False,,No mention of standards for code documentation.,2,multiple_choice,0.0
IOP,journal_of_physics_condensed_matter,code_linting,19. Linting Standards,False,,No mention of linting standards for code.,2,multiple_choice,0.0
IOP,journal_of_physics_condensed_matter,code_development,20. Code Development,True,language understanding,No mention of standards for code development such as continuous integration.,2,multiple_choice,0.0
MDPI,coatings,rdp_exist,1. Existence of research data policy,False,,Research Data Policy (RDP) exists.,2,multiple_choice,1.0
MDPI,coatings,data_sharing,3. Data sharing requirements in RDP,False,,Data sharing encouraged but optional.,2,multiple_choice,0.0
MDPI,coatings,data_fair,4. FAIR data sharing (see https://www.go-fair.org/fair-principles/ for a definition of FAIR),False,,Public data sharing on a FAIR repository encouraged.,2,multiple_choice,0.33
MDPI,coatings,data_availability,2. Data availability statement,False,,Required according to the RDP.,2,multiple_choice,1.0
MDPI,coatings,data_citability,5. Citability and findability of data ,False,,DOIs or other persistent identifiers recommended for datasets or codes.,2,multiple_choice,0.5
MDPI,coatings,data_timing,7. Timing of data release,True,Language understanding,Timing of data availability not adressed in RDP.,2,multiple_choice,
MDPI,coatings,data_sharing_method,8. Recommended data sharing method,True,Language understanding,Public online repositories recommended in RDP.,2,multiple_choice,0.8
MDPI,coatings,data_licenses,9. Recommended/required licenses,True,Language understanding,Explicit mention of a certain license/license type in RDP.,2,multiple_choice,
MDPI,coatings,data_referee,10. Referee guidelines concerning research data,False,,Data sharing policy mentioned in refereeing guidelines.,2,multiple_choice,0.33
MDPI,coatings,data_recommended,"11. Unique policies for data types
Please name all data types for which unique policies are recommended according to the RDP (Please separate all data types be semicolon, e.g. crystal structures; Protein sequence)",True,Text not found,Proteomics Data,2,open,
MDPI,coatings,data_required,"12. Unique policies for data types
Please name all data types for which unique policies are required according to the RDP (Please separate all data types be semicolon, e.g. crystal structures; Protein sequence)",True,Text not found,"nucleic acid sequences; high throughput sequencing (HTS) datasets (RNA-seq, ChIP-Seq, degradome analysis, …); microarray data; protein sequences; mass spectrometry raw proteomics data",2,open,
MDPI,coatings,code_required,13. Code sharing requirements,False,,Code sharing encouraged but optional.,2,multiple_choice,0.5
MDPI,coatings,code_reproducibility,14. Code Reproducibility,False,,Journal policies encourage/recommend stating all dependencies and their versions that were used to run computational experiments.,2,multiple_choice,0.25
MDPI,coatings,code_versioning,15. Versioning and persistent identifiers,False,,Journal policies encourage/recommend a persistent identifier or specifying a version of developed code.,2,multiple_choice,0.5
MDPI,coatings,code_quality,16. Code Quality Standards,True,Language understanding,The journal policies do not mention any code quality standards.,2,multiple_choice,0.0
MDPI,coatings,code_autotest,17. Automatic Testing,False,,No mention of automatic testing to verify code functionality.,2,multiple_choice,0.0
MDPI,coatings,code_docs,18. Code Documentation,True,Language understanding,No mention of standards for code documentation.,2,multiple_choice,0.0
MDPI,coatings,code_linting,19. Linting Standards,False,,No mention of linting standards for code.,2,multiple_choice,0.0
MDPI,coatings,code_development,20. Code Development,True,Language understanding,No mention of standards for code development such as continuous integration.,2,multiple_choice,0.0
MDPI,nanomaterials,rdp_exist,1. Existence of research data policy,False,,Research Data Policy (RDP) exists.,4,multiple_choice,1.0
MDPI,nanomaterials,data_sharing,3. Data sharing requirements in RDP,True,Language understanding,Public data sharing of all data required.,4,multiple_choice,1.0
MDPI,nanomaterials,data_fair,4. FAIR data sharing (see https://www.go-fair.org/fair-principles/ for a definition of FAIR),True,Language understanding,Public data sharing of all data on a FAIR repository required.,4,multiple_choice,1.0
MDPI,nanomaterials,data_availability,2. Data availability statement,False,,Required according to the RDP.,4,multiple_choice,1.0
MDPI,nanomaterials,data_citability,5. Citability and findability of data ,True,Language understanding,DOIs or other persistent identifiers required for datasets or codes.,4,multiple_choice,1.0
MDPI,nanomaterials,data_timing,7. Timing of data release,True,Language understanding,Timing of data availability not adressed in RDP.,4,multiple_choice,
MDPI,nanomaterials,data_sharing_method,8. Recommended data sharing method,True,Language understanding,Multiple data sharing methods equally recommended in RDP.,4,multiple_choice,0.4
MDPI,nanomaterials,data_licenses,9. Recommended/required licenses,True,Language understanding,Open access license required for shared data.,4,multiple_choice,
MDPI,nanomaterials,data_referee,10. Referee guidelines concerning research data,False,,Data sharing policy mentioned in refereeing guidelines.,4,multiple_choice,0.33
MDPI,nanomaterials,data_recommended,"11. Unique policies for data types
Please name all data types for which unique policies are recommended according to the RDP (Please separate all data types be semicolon, e.g. crystal structures; Protein sequence)",True,Text not found,Proteomics Data,4,open,
MDPI,nanomaterials,data_required,"12. Unique policies for data types
Please name all data types for which unique policies are required according to the RDP (Please separate all data types be semicolon, e.g. crystal structures; Protein sequence)",True,Text not found,"nucleic acid sequences; high throughput sequencing (HTS) datasets (RNA-seq, ChIP-Seq, degradome analysis, …); microarray data; protein sequences; mass spectrometry raw proteomics data",4,open,
MDPI,nanomaterials,code_required,13. Code sharing requirements,True,Language understanding,Code sharing encouraged but optional.,4,multiple_choice,0.5
MDPI,nanomaterials,code_reproducibility,14. Code Reproducibility,True,Language understanding,Journal policies encourage/recommend stating all dependencies and their versions that were used to run computational experiments.,4,multiple_choice,0.25
MDPI,nanomaterials,code_versioning,15. Versioning and persistent identifiers,True,Language understanding,Journal policies encourage/recommend a persistent identifier or specifying a version of developed code.,4,multiple_choice,0.5
MDPI,nanomaterials,code_quality,16. Code Quality Standards,True,Language understanding,The journal policies do not mention any code quality standards.,4,multiple_choice,0.0
MDPI,nanomaterials,code_autotest,17. Automatic Testing,False,,No mention of automatic testing to verify code functionality.,4,multiple_choice,0.0
MDPI,nanomaterials,code_docs,18. Code Documentation,True,Language understanding,No mention of standards for code documentation.,4,multiple_choice,0.0
MDPI,nanomaterials,code_linting,19. Linting Standards,False,,No mention of linting standards for code.,4,multiple_choice,0.0
MDPI,nanomaterials,code_development,20. Code Development,True,Language understanding,No mention of standards for code development such as continuous integration.,4,multiple_choice,0.0
MDPI,marine_drugs,rdp_exist,1. Existence of research data policy,False,,Research Data Policy (RDP) exists.,2,multiple_choice,1.0
MDPI,marine_drugs,data_sharing,3. Data sharing requirements in RDP,False,,Data sharing encouraged but optional.,2,multiple_choice,0.0
MDPI,marine_drugs,data_fair,4. FAIR data sharing (see https://www.go-fair.org/fair-principles/ for a definition of FAIR),False,,Public data sharing on a FAIR repository encouraged.,2,multiple_choice,0.33
MDPI,marine_drugs,data_availability,2. Data availability statement,False,,Required according to the RDP.,2,multiple_choice,1.0
MDPI,marine_drugs,data_citability,5. Citability and findability of data ,False,,DOIs or other persistent identifiers recommended for datasets or codes.,2,multiple_choice,0.5
MDPI,marine_drugs,data_timing,7. Timing of data release,True,Language understanding,Timing of data availability not adressed in RDP.,2,multiple_choice,
MDPI,marine_drugs,data_sharing_method,8. Recommended data sharing method,True,Language understanding,Public online repositories recommended in RDP.,2,multiple_choice,0.8
MDPI,marine_drugs,data_licenses,9. Recommended/required licenses,True,Language understanding,Explicit mention of a certain license/license type in RDP.,2,multiple_choice,
MDPI,marine_drugs,data_referee,10. Referee guidelines concerning research data,False,,Data sharing policy mentioned in refereeing guidelines.,2,multiple_choice,0.33
MDPI,marine_drugs,data_recommended,"11. Unique policies for data types
Please name all data types for which unique policies are recommended according to the RDP (Please separate all data types be semicolon, e.g. crystal structures; Protein sequence)",True,Text not found,Proteomics Data,2,open,
MDPI,marine_drugs,data_required,"12. Unique policies for data types
Please name all data types for which unique policies are required according to the RDP (Please separate all data types be semicolon, e.g. crystal structures; Protein sequence)",True,Text not found,"nucleic acid sequences; high throughput sequencing (HTS) datasets (RNA-seq, ChIP-Seq, degradome analysis, …); microarray data; protein sequences; mass spectrometry raw proteomics data",2,open,
MDPI,marine_drugs,code_required,13. Code sharing requirements,False,,Code sharing encouraged but optional.,2,multiple_choice,0.5
MDPI,marine_drugs,code_reproducibility,14. Code Reproducibility,False,,Journal policies encourage/recommend stating all dependencies and their versions that were used to run computational experiments.,2,multiple_choice,0.25
MDPI,marine_drugs,code_versioning,15. Versioning and persistent identifiers,False,,Journal policies encourage/recommend a persistent identifier or specifying a version of developed code.,2,multiple_choice,0.5
MDPI,marine_drugs,code_quality,16. Code Quality Standards,True,Language understanding,The journal policies do not mention any code quality standards.,2,multiple_choice,0.0
MDPI,marine_drugs,code_autotest,17. Automatic Testing,False,,No mention of automatic testing to verify code functionality.,2,multiple_choice,0.0
MDPI,marine_drugs,code_docs,18. Code Documentation,True,Language understanding,No mention of standards for code documentation.,2,multiple_choice,0.0
MDPI,marine_drugs,code_linting,19. Linting Standards,False,,No mention of linting standards for code.,2,multiple_choice,0.0
MDPI,marine_drugs,code_development,20. Code Development,True,Language understanding,No mention of standards for code development such as continuous integration.,2,multiple_choice,0.0
MDPI,crystals,rdp_exist,1. Existence of research data policy,False,,Research Data Policy (RDP) exists.,2,multiple_choice,1.0
MDPI,crystals,data_sharing,3. Data sharing requirements in RDP,False,,Data sharing encouraged but optional.,2,multiple_choice,0.0
MDPI,crystals,data_fair,4. FAIR data sharing (see https://www.go-fair.org/fair-principles/ for a definition of FAIR),False,,Public data sharing on a FAIR repository encouraged.,2,multiple_choice,0.33
MDPI,crystals,data_availability,2. Data availability statement,False,,Required according to the RDP.,2,multiple_choice,1.0
MDPI,crystals,data_citability,5. Citability and findability of data ,False,,DOIs or other persistent identifiers recommended for datasets or codes.,2,multiple_choice,0.5
MDPI,crystals,data_timing,7. Timing of data release,True,Language understanding,Timing of data availability not adressed in RDP.,2,multiple_choice,
MDPI,crystals,data_sharing_method,8. Recommended data sharing method,True,Language understanding,Public online repositories recommended in RDP.,2,multiple_choice,0.8
MDPI,crystals,data_licenses,9. Recommended/required licenses,True,Language understanding,Explicit mention of a certain license/license type in RDP.,2,multiple_choice,
MDPI,crystals,data_referee,10. Referee guidelines concerning research data,False,,Data sharing policy mentioned in refereeing guidelines.,2,multiple_choice,0.33
MDPI,crystals,data_recommended,"11. Unique policies for data types
Please name all data types for which unique policies are recommended according to the RDP (Please separate all data types be semicolon, e.g. crystal structures; Protein sequence)",True,Text not found,Proteomics Data,2,open,
MDPI,crystals,data_required,"12. Unique policies for data types
Please name all data types for which unique policies are required according to the RDP (Please separate all data types be semicolon, e.g. crystal structures; Protein sequence)",True,Text not found,"nucleic acid sequences; high throughput sequencing (HTS) datasets (RNA-seq, ChIP-Seq, degradome analysis, …); microarray data; protein sequences; mass spectrometry raw proteomics data",2,open,
MDPI,crystals,code_required,13. Code sharing requirements,False,,Code sharing encouraged but optional.,2,multiple_choice,0.5
MDPI,crystals,code_reproducibility,14. Code Reproducibility,False,,Journal policies encourage/recommend stating all dependencies and their versions that were used to run computational experiments.,2,multiple_choice,0.25
MDPI,crystals,code_versioning,15. Versioning and persistent identifiers,False,,Journal policies encourage/recommend a persistent identifier or specifying a version of developed code.,2,multiple_choice,0.5
MDPI,crystals,code_quality,16. Code Quality Standards,True,Language understanding,The journal policies do not mention any code quality standards.,2,multiple_choice,0.0
MDPI,crystals,code_autotest,17. Automatic Testing,False,,No mention of automatic testing to verify code functionality.,2,multiple_choice,0.0
MDPI,crystals,code_docs,18. Code Documentation,True,Language understanding,No mention of standards for code documentation.,2,multiple_choice,0.0
MDPI,crystals,code_linting,19. Linting Standards,False,,No mention of linting standards for code.,2,multiple_choice,0.0
MDPI,crystals,code_development,20. Code Development,True,Language understanding,No mention of standards for code development such as continuous integration.,2,multiple_choice,0.0
MDPI,materials,rdp_exist,1. Existence of research data policy,False,,Research Data Policy (RDP) exists.,3,multiple_choice,1.0
MDPI,materials,data_sharing,3. Data sharing requirements in RDP,True,Language understanding,Data sharing encouraged but optional.,3,multiple_choice,0.0
MDPI,materials,data_fair,4. FAIR data sharing (see https://www.go-fair.org/fair-principles/ for a definition of FAIR),True,Language understanding,Public data sharing on a FAIR repository encouraged.,3,multiple_choice,0.33
MDPI,materials,data_availability,2. Data availability statement,False,,Required according to the RDP.,3,multiple_choice,1.0
MDPI,materials,data_citability,5. Citability and findability of data ,True,Language understanding,DOIs or other persistent identifiers recommended for datasets or codes.,3,multiple_choice,0.5
MDPI,materials,data_timing,7. Timing of data release,True,Language understanding,Timing of data availability not adressed in RDP.,3,multiple_choice,
MDPI,materials,data_sharing_method,8. Recommended data sharing method,True,Language understanding,Multiple data sharing methods equally recommended in RDP.,3,multiple_choice,0.4
MDPI,materials,data_licenses,9. Recommended/required licenses,True,Language understanding,Open access license required for shared data.,3,multiple_choice,
MDPI,materials,data_referee,10. Referee guidelines concerning research data,False,,Data sharing policy mentioned in refereeing guidelines.,3,multiple_choice,0.33
MDPI,materials,data_recommended,"11. Unique policies for data types
Please name all data types for which unique policies are recommended according to the RDP (Please separate all data types be semicolon, e.g. crystal structures; Protein sequence)",True,Text not found,Proteomics Data,3,open,
MDPI,materials,data_required,"12. Unique policies for data types
Please name all data types for which unique policies are required according to the RDP (Please separate all data types be semicolon, e.g. crystal structures; Protein sequence)",True,Text not found,"nucleic acid sequences; high throughput sequencing (HTS) datasets (RNA-seq, ChIP-Seq, degradome analysis, …); microarray data; protein sequences; mass spectrometry raw proteomics data",3,open,
MDPI,materials,code_required,13. Code sharing requirements,True,Language understanding,Code sharing encouraged but optional.,3,multiple_choice,0.5
MDPI,materials,code_reproducibility,14. Code Reproducibility,True,Language understanding,Journal policies encourage/recommend stating all dependencies and their versions that were used to run computational experiments.,3,multiple_choice,0.25
MDPI,materials,code_versioning,15. Versioning and persistent identifiers,True,Language understanding,Journal policies encourage/recommend a persistent identifier or specifying a version of developed code.,3,multiple_choice,0.5
MDPI,materials,code_quality,16. Code Quality Standards,True,Language understanding,The journal policies encourage/recommend certain standards for code.,3,multiple_choice,0.33
MDPI,materials,code_autotest,17. Automatic Testing,False,,No mention of automatic testing to verify code functionality.,3,multiple_choice,0.0
MDPI,materials,code_docs,18. Code Documentation,True,Language understanding,The journal policies encourage/recommend standards for code documentation.,3,multiple_choice,0.5
MDPI,materials,code_linting,19. Linting Standards,False,,No mention of linting standards for code.,3,multiple_choice,0.0
MDPI,materials,code_development,20. Code Development,True,Language understanding,The journal policies encourage/recommend standards for code development such as continuous integration.,3,multiple_choice,0.5
MDPI,polymers,rdp_exist,1. Existence of research data policy,False,,Research Data Policy (RDP) exists.,4,multiple_choice,1.0
MDPI,polymers,data_sharing,3. Data sharing requirements in RDP,True,Language understanding,Public data sharing of all data required.,4,multiple_choice,1.0
MDPI,polymers,data_fair,4. FAIR data sharing (see https://www.go-fair.org/fair-principles/ for a definition of FAIR),True,Language understanding,Public data sharing of all data on a FAIR repository required.,4,multiple_choice,1.0
MDPI,polymers,data_availability,2. Data availability statement,False,,Required according to the RDP.,4,multiple_choice,1.0
MDPI,polymers,data_citability,5. Citability and findability of data ,True,Language understanding,DOIs or other persistent identifiers required for datasets or codes.,4,multiple_choice,1.0
MDPI,polymers,data_timing,7. Timing of data release,True,Language understanding,Timing of data availability not adressed in RDP.,4,multiple_choice,
MDPI,polymers,data_sharing_method,8. Recommended data sharing method,True,Language understanding,Multiple data sharing methods equally recommended in RDP.,4,multiple_choice,0.4
MDPI,polymers,data_licenses,9. Recommended/required licenses,True,Language understanding,Open access license required for shared data.,4,multiple_choice,
MDPI,polymers,data_referee,10. Referee guidelines concerning research data,False,,Data sharing policy mentioned in refereeing guidelines.,4,multiple_choice,0.33
MDPI,polymers,data_recommended,"11. Unique policies for data types
Please name all data types for which unique policies are recommended according to the RDP (Please separate all data types be semicolon, e.g. crystal structures; Protein sequence)",True,Text not found,Proteomics Data,4,open,
MDPI,polymers,data_required,"12. Unique policies for data types
Please name all data types for which unique policies are required according to the RDP (Please separate all data types be semicolon, e.g. crystal structures; Protein sequence)",True,Text not found,"nucleic acid sequences; high throughput sequencing (HTS) datasets (RNA-seq, ChIP-Seq, degradome analysis, …); microarray data; protein sequences; mass spectrometry raw proteomics data",4,open,
MDPI,polymers,code_required,13. Code sharing requirements,True,Language understanding,Code sharing encouraged but optional.,4,multiple_choice,0.5
MDPI,polymers,code_reproducibility,14. Code Reproducibility,True,Language understanding,Journal policies encourage/recommend stating all dependencies and their versions that were used to run computational experiments.,4,multiple_choice,0.25
MDPI,polymers,code_versioning,15. Versioning and persistent identifiers,True,Language understanding,Journal policies encourage/recommend a persistent identifier or specifying a version of developed code.,4,multiple_choice,0.5
MDPI,polymers,code_quality,16. Code Quality Standards,True,Language understanding,The journal policies do not mention any code quality standards.,4,multiple_choice,0.0
MDPI,polymers,code_autotest,17. Automatic Testing,False,,No mention of automatic testing to verify code functionality.,4,multiple_choice,0.0
MDPI,polymers,code_docs,18. Code Documentation,True,Language understanding,No mention of standards for code documentation.,4,multiple_choice,0.0
MDPI,polymers,code_linting,19. Linting Standards,True,Formatting,No mention of linting standards for code.,4,multiple_choice,0.0
MDPI,polymers,code_development,20. Code Development,True,Language understanding,No mention of standards for code development such as continuous integration.,4,multiple_choice,0.0
MDPI,photonics,rdp_exist,1. Existence of research data policy,False,,Research Data Policy (RDP) exists.,2,multiple_choice,1.0
MDPI,photonics,data_sharing,3. Data sharing requirements in RDP,False,,Data sharing encouraged but optional.,2,multiple_choice,0.0
MDPI,photonics,data_fair,4. FAIR data sharing (see https://www.go-fair.org/fair-principles/ for a definition of FAIR),False,,Public data sharing on a FAIR repository encouraged.,2,multiple_choice,0.33
MDPI,photonics,data_availability,2. Data availability statement,False,,Required according to the RDP.,2,multiple_choice,1.0
MDPI,photonics,data_citability,5. Citability and findability of data ,False,,DOIs or other persistent identifiers recommended for datasets or codes.,2,multiple_choice,0.5
MDPI,photonics,data_timing,7. Timing of data release,True,Language understanding,Timing of data availability not adressed in RDP.,2,multiple_choice,
MDPI,photonics,data_sharing_method,8. Recommended data sharing method,True,Language understanding,Public online repositories recommended in RDP.,2,multiple_choice,0.8
MDPI,photonics,data_licenses,9. Recommended/required licenses,True,Language understanding,Explicit mention of a certain license/license type in RDP.,2,multiple_choice,
MDPI,photonics,data_referee,10. Referee guidelines concerning research data,False,,Data sharing policy mentioned in refereeing guidelines.,2,multiple_choice,0.33
MDPI,photonics,data_recommended,"11. Unique policies for data types
Please name all data types for which unique policies are recommended according to the RDP (Please separate all data types be semicolon, e.g. crystal structures; Protein sequence)",True,Text not found,Proteomics Data,2,open,
MDPI,photonics,data_required,"12. Unique policies for data types
Please name all data types for which unique policies are required according to the RDP (Please separate all data types be semicolon, e.g. crystal structures; Protein sequence)",True,Text not found,"nucleic acid sequences; high throughput sequencing (HTS) datasets (RNA-seq, ChIP-Seq, degradome analysis, …); microarray data; protein sequences; mass spectrometry raw proteomics data",2,open,
MDPI,photonics,code_required,13. Code sharing requirements,False,,Code sharing encouraged but optional.,2,multiple_choice,0.5
MDPI,photonics,code_reproducibility,14. Code Reproducibility,False,,Journal policies encourage/recommend stating all dependencies and their versions that were used to run computational experiments.,2,multiple_choice,0.25
MDPI,photonics,code_versioning,15. Versioning and persistent identifiers,False,,Journal policies encourage/recommend a persistent identifier or specifying a version of developed code.,2,multiple_choice,0.5
MDPI,photonics,code_quality,16. Code Quality Standards,True,Language understanding,The journal policies do not mention any code quality standards.,2,multiple_choice,0.0
MDPI,photonics,code_autotest,17. Automatic Testing,False,,No mention of automatic testing to verify code functionality.,2,multiple_choice,0.0
MDPI,photonics,code_docs,18. Code Documentation,True,Language understanding,No mention of standards for code documentation.,2,multiple_choice,0.0
MDPI,photonics,code_linting,19. Linting Standards,False,,No mention of linting standards for code.,2,multiple_choice,0.0
MDPI,photonics,code_development,20. Code Development,True,Language understanding,No mention of standards for code development such as continuous integration.,2,multiple_choice,0.0
MDPI,molbank,rdp_exist,1. Existence of research data policy,False,,Research Data Policy (RDP) exists.,2,multiple_choice,1.0
MDPI,molbank,data_sharing,3. Data sharing requirements in RDP,False,,Data sharing encouraged but optional.,2,multiple_choice,0.0
MDPI,molbank,data_fair,4. FAIR data sharing (see https://www.go-fair.org/fair-principles/ for a definition of FAIR),False,,Public data sharing on a FAIR repository encouraged.,2,multiple_choice,0.33
MDPI,molbank,data_availability,2. Data availability statement,False,,Required according to the RDP.,2,multiple_choice,1.0
MDPI,molbank,data_citability,5. Citability and findability of data ,False,,DOIs or other persistent identifiers recommended for datasets or codes.,2,multiple_choice,0.5
MDPI,molbank,data_timing,7. Timing of data release,True,Language understanding,Timing of data availability not adressed in RDP.,2,multiple_choice,
MDPI,molbank,data_sharing_method,8. Recommended data sharing method,True,Language understanding,Public online repositories recommended in RDP.,2,multiple_choice,0.8
MDPI,molbank,data_licenses,9. Recommended/required licenses,True,Language understanding,Explicit mention of a certain license/license type in RDP.,2,multiple_choice,
MDPI,molbank,data_referee,10. Referee guidelines concerning research data,False,,Data sharing policy mentioned in refereeing guidelines.,2,multiple_choice,0.33
MDPI,molbank,data_recommended,"11. Unique policies for data types
Please name all data types for which unique policies are recommended according to the RDP (Please separate all data types be semicolon, e.g. crystal structures; Protein sequence)",True,Text not found,Proteomics Data,2,open,
MDPI,molbank,data_required,"12. Unique policies for data types
Please name all data types for which unique policies are required according to the RDP (Please separate all data types be semicolon, e.g. crystal structures; Protein sequence)",True,Text not found,"nucleic acid sequences; high throughput sequencing (HTS) datasets (RNA-seq, ChIP-Seq, degradome analysis, …); microarray data; protein sequences; mass spectrometry raw proteomics data",2,open,
MDPI,molbank,code_required,13. Code sharing requirements,False,,Code sharing encouraged but optional.,2,multiple_choice,0.5
MDPI,molbank,code_reproducibility,14. Code Reproducibility,False,,Journal policies encourage/recommend stating all dependencies and their versions that were used to run computational experiments.,2,multiple_choice,0.25
MDPI,molbank,code_versioning,15. Versioning and persistent identifiers,False,,Journal policies encourage/recommend a persistent identifier or specifying a version of developed code.,2,multiple_choice,0.5
MDPI,molbank,code_quality,16. Code Quality Standards,True,Language understanding,The journal policies do not mention any code quality standards.,2,multiple_choice,0.0
MDPI,molbank,code_autotest,17. Automatic Testing,False,,No mention of automatic testing to verify code functionality.,2,multiple_choice,0.0
MDPI,molbank,code_docs,18. Code Documentation,True,Language understanding,No mention of standards for code documentation.,2,multiple_choice,0.0
MDPI,molbank,code_linting,19. Linting Standards,False,,No mention of linting standards for code.,2,multiple_choice,0.0
MDPI,molbank,code_development,20. Code Development,True,Language understanding,No mention of standards for code development such as continuous integration.,2,multiple_choice,0.0
MDPI,batteries,rdp_exist,1. Existence of research data policy,False,,Research Data Policy (RDP) exists.,2,multiple_choice,1.0
MDPI,batteries,data_sharing,3. Data sharing requirements in RDP,False,,Data sharing encouraged but optional.,2,multiple_choice,0.0
MDPI,batteries,data_fair,4. FAIR data sharing (see https://www.go-fair.org/fair-principles/ for a definition of FAIR),False,,Public data sharing on a FAIR repository encouraged.,2,multiple_choice,0.33
MDPI,batteries,data_availability,2. Data availability statement,False,,Required according to the RDP.,2,multiple_choice,1.0
MDPI,batteries,data_citability,5. Citability and findability of data ,False,,DOIs or other persistent identifiers recommended for datasets or codes.,2,multiple_choice,0.5
MDPI,batteries,data_timing,7. Timing of data release,True,Language understanding,Timing of data availability not adressed in RDP.,2,multiple_choice,
MDPI,batteries,data_sharing_method,8. Recommended data sharing method,True,Language understanding,Public online repositories recommended in RDP.,2,multiple_choice,0.8
MDPI,batteries,data_licenses,9. Recommended/required licenses,True,Language understanding,Explicit mention of a certain license/license type in RDP.,2,multiple_choice,
MDPI,batteries,data_referee,10. Referee guidelines concerning research data,False,,Data sharing policy mentioned in refereeing guidelines.,2,multiple_choice,0.33
MDPI,batteries,data_recommended,"11. Unique policies for data types
Please name all data types for which unique policies are recommended according to the RDP (Please separate all data types be semicolon, e.g. crystal structures; Protein sequence)",True,Text not found,Proteomics Data,2,open,
MDPI,batteries,data_required,"12. Unique policies for data types
Please name all data types for which unique policies are required according to the RDP (Please separate all data types be semicolon, e.g. crystal structures; Protein sequence)",True,Text not found,"nucleic acid sequences; high throughput sequencing (HTS) datasets (RNA-seq, ChIP-Seq, degradome analysis, …); microarray data; protein sequences; mass spectrometry raw proteomics data",2,open,
MDPI,batteries,code_required,13. Code sharing requirements,False,,Code sharing encouraged but optional.,2,multiple_choice,0.5
MDPI,batteries,code_reproducibility,14. Code Reproducibility,False,,Journal policies encourage/recommend stating all dependencies and their versions that were used to run computational experiments.,2,multiple_choice,0.25
MDPI,batteries,code_versioning,15. Versioning and persistent identifiers,False,,Journal policies encourage/recommend a persistent identifier or specifying a version of developed code.,2,multiple_choice,0.5
MDPI,batteries,code_quality,16. Code Quality Standards,True,Language understanding,The journal policies do not mention any code quality standards.,2,multiple_choice,0.0
MDPI,batteries,code_autotest,17. Automatic Testing,False,,No mention of automatic testing to verify code functionality.,2,multiple_choice,0.0
MDPI,batteries,code_docs,18. Code Documentation,True,Language understanding,No mention of standards for code documentation.,2,multiple_choice,0.0
MDPI,batteries,code_linting,19. Linting Standards,False,,No mention of linting standards for code.,2,multiple_choice,0.0
MDPI,batteries,code_development,20. Code Development,True,Language understanding,No mention of standards for code development such as continuous integration.,2,multiple_choice,0.0
MDPI,membranes,rdp_exist,1. Existence of research data policy,False,,Research Data Policy (RDP) exists.,2,multiple_choice,1.0
MDPI,membranes,data_sharing,3. Data sharing requirements in RDP,False,,Data sharing encouraged but optional.,2,multiple_choice,0.0
MDPI,membranes,data_fair,4. FAIR data sharing (see https://www.go-fair.org/fair-principles/ for a definition of FAIR),False,,Public data sharing on a FAIR repository encouraged.,2,multiple_choice,0.33
MDPI,membranes,data_availability,2. Data availability statement,False,,Required according to the RDP.,2,multiple_choice,1.0
MDPI,membranes,data_citability,5. Citability and findability of data ,False,,DOIs or other persistent identifiers recommended for datasets or codes.,2,multiple_choice,0.5
MDPI,membranes,data_timing,7. Timing of data release,True,Language understanding,Timing of data availability not adressed in RDP.,2,multiple_choice,
MDPI,membranes,data_sharing_method,8. Recommended data sharing method,True,Language understanding,Public online repositories recommended in RDP.,2,multiple_choice,0.8
MDPI,membranes,data_licenses,9. Recommended/required licenses,True,Language understanding,Explicit mention of a certain license/license type in RDP.,2,multiple_choice,
MDPI,membranes,data_referee,10. Referee guidelines concerning research data,False,,Data sharing policy mentioned in refereeing guidelines.,2,multiple_choice,0.33
MDPI,membranes,data_recommended,"11. Unique policies for data types
Please name all data types for which unique policies are recommended according to the RDP (Please separate all data types be semicolon, e.g. crystal structures; Protein sequence)",True,Text not found,Proteomics Data,2,open,
MDPI,membranes,data_required,"12. Unique policies for data types
Please name all data types for which unique policies are required according to the RDP (Please separate all data types be semicolon, e.g. crystal structures; Protein sequence)",True,Text not found,"nucleic acid sequences; high throughput sequencing (HTS) datasets (RNA-seq, ChIP-Seq, degradome analysis, …); microarray data; protein sequences; mass spectrometry raw proteomics data",2,open,
MDPI,membranes,code_required,13. Code sharing requirements,False,,Code sharing encouraged but optional.,2,multiple_choice,0.5
MDPI,membranes,code_reproducibility,14. Code Reproducibility,False,,Journal policies encourage/recommend stating all dependencies and their versions that were used to run computational experiments.,2,multiple_choice,0.25
MDPI,membranes,code_versioning,15. Versioning and persistent identifiers,False,,Journal policies encourage/recommend a persistent identifier or specifying a version of developed code.,2,multiple_choice,0.5
MDPI,membranes,code_quality,16. Code Quality Standards,True,Language understanding,The journal policies do not mention any code quality standards.,2,multiple_choice,0.0
MDPI,membranes,code_autotest,17. Automatic Testing,False,,No mention of automatic testing to verify code functionality.,2,multiple_choice,0.0
MDPI,membranes,code_docs,18. Code Documentation,True,Language understanding,No mention of standards for code documentation.,2,multiple_choice,0.0
MDPI,membranes,code_linting,19. Linting Standards,False,,No mention of linting standards for code.,2,multiple_choice,0.0
MDPI,membranes,code_development,20. Code Development,True,Language understanding,No mention of standards for code development such as continuous integration.,2,multiple_choice,0.0
MDPI,actuators,rdp_exist,1. Existence of research data policy,False,,Research Data Policy (RDP) exists.,2,multiple_choice,1.0
MDPI,actuators,data_sharing,3. Data sharing requirements in RDP,False,,Data sharing encouraged but optional.,2,multiple_choice,0.0
MDPI,actuators,data_fair,4. FAIR data sharing (see https://www.go-fair.org/fair-principles/ for a definition of FAIR),False,,Public data sharing on a FAIR repository encouraged.,2,multiple_choice,0.33
MDPI,actuators,data_availability,2. Data availability statement,False,,Required according to the RDP.,2,multiple_choice,1.0
MDPI,actuators,data_citability,5. Citability and findability of data ,False,,DOIs or other persistent identifiers recommended for datasets or codes.,2,multiple_choice,0.5
MDPI,actuators,data_timing,7. Timing of data release,True,Language understanding,Timing of data availability not adressed in RDP.,2,multiple_choice,
MDPI,actuators,data_sharing_method,8. Recommended data sharing method,True,Language understanding,Public online repositories recommended in RDP.,2,multiple_choice,0.8
MDPI,actuators,data_licenses,9. Recommended/required licenses,True,Language understanding,Explicit mention of a certain license/license type in RDP.,2,multiple_choice,
MDPI,actuators,data_referee,10. Referee guidelines concerning research data,False,,Data sharing policy mentioned in refereeing guidelines.,2,multiple_choice,0.33
MDPI,actuators,data_recommended,"11. Unique policies for data types
Please name all data types for which unique policies are recommended according to the RDP (Please separate all data types be semicolon, e.g. crystal structures; Protein sequence)",True,Text not found,Proteomics Data,2,open,
MDPI,actuators,data_required,"12. Unique policies for data types
Please name all data types for which unique policies are required according to the RDP (Please separate all data types be semicolon, e.g. crystal structures; Protein sequence)",True,Text not found,"nucleic acid sequences; high throughput sequencing (HTS) datasets (RNA-seq, ChIP-Seq, degradome analysis, …); microarray data; protein sequences; mass spectrometry raw proteomics data",2,open,
MDPI,actuators,code_required,13. Code sharing requirements,False,,Code sharing encouraged but optional.,2,multiple_choice,0.5
MDPI,actuators,code_reproducibility,14. Code Reproducibility,False,,Journal policies encourage/recommend stating all dependencies and their versions that were used to run computational experiments.,2,multiple_choice,0.25
MDPI,actuators,code_versioning,15. Versioning and persistent identifiers,False,,Journal policies encourage/recommend a persistent identifier or specifying a version of developed code.,2,multiple_choice,0.5
MDPI,actuators,code_quality,16. Code Quality Standards,True,Language understanding,The journal policies do not mention any code quality standards.,2,multiple_choice,0.0
MDPI,actuators,code_autotest,17. Automatic Testing,False,,No mention of automatic testing to verify code functionality.,2,multiple_choice,0.0
MDPI,actuators,code_docs,18. Code Documentation,True,Language understanding,No mention of standards for code documentation.,2,multiple_choice,0.0
MDPI,actuators,code_linting,19. Linting Standards,False,,No mention of linting standards for code.,2,multiple_choice,0.0
MDPI,actuators,code_development,20. Code Development,True,Language understanding,No mention of standards for code development such as continuous integration.,2,multiple_choice,0.0
MDPI,sensors,rdp_exist,1. Existence of research data policy,False,,Research Data Policy (RDP) exists.,3,multiple_choice,1.0
MDPI,sensors,data_sharing,3. Data sharing requirements in RDP,True,Language understanding,Data sharing encouraged but optional.,3,multiple_choice,0.0
MDPI,sensors,data_fair,4. FAIR data sharing (see https://www.go-fair.org/fair-principles/ for a definition of FAIR),True,Language understanding,Public data sharing on a FAIR repository encouraged.,3,multiple_choice,0.33
MDPI,sensors,data_availability,2. Data availability statement,False,,Required according to the RDP.,3,multiple_choice,1.0
MDPI,sensors,data_citability,5. Citability and findability of data ,True,Language understanding,DOIs or other persistent identifiers recommended for datasets or codes.,3,multiple_choice,0.5
MDPI,sensors,data_timing,7. Timing of data release,True,Language understanding,Timing of data availability not adressed in RDP.,3,multiple_choice,
MDPI,sensors,data_sharing_method,8. Recommended data sharing method,True,Language understanding,Multiple data sharing methods equally recommended in RDP.,3,multiple_choice,0.4
MDPI,sensors,data_licenses,9. Recommended/required licenses,True,Language understanding,Open access license required for shared data.,3,multiple_choice,
MDPI,sensors,data_referee,10. Referee guidelines concerning research data,False,,Data sharing policy mentioned in refereeing guidelines.,3,multiple_choice,0.33
MDPI,sensors,data_recommended,"11. Unique policies for data types
Please name all data types for which unique policies are recommended according to the RDP (Please separate all data types be semicolon, e.g. crystal structures; Protein sequence)",True,Text not found,Proteomics Data,3,open,
MDPI,sensors,data_required,"12. Unique policies for data types
Please name all data types for which unique policies are required according to the RDP (Please separate all data types be semicolon, e.g. crystal structures; Protein sequence)",True,Text not found,"nucleic acid sequences; high throughput sequencing (HTS) datasets (RNA-seq, ChIP-Seq, degradome analysis, …); microarray data; protein sequences; mass spectrometry raw proteomics data",3,open,
MDPI,sensors,code_required,13. Code sharing requirements,True,Language understanding,Code sharing encouraged but optional.,3,multiple_choice,0.5
MDPI,sensors,code_reproducibility,14. Code Reproducibility,True,Language understanding,Journal policies encourage/recommend stating all dependencies and their versions that were used to run computational experiments.,3,multiple_choice,0.25
MDPI,sensors,code_versioning,15. Versioning and persistent identifiers,True,Language understanding,Journal policies encourage/recommend a persistent identifier or specifying a version of developed code.,3,multiple_choice,0.5
MDPI,sensors,code_quality,16. Code Quality Standards,True,Language understanding,The journal policies encourage/recommend certain standards for code.,3,multiple_choice,0.33
MDPI,sensors,code_autotest,17. Automatic Testing,False,,No mention of automatic testing to verify code functionality.,3,multiple_choice,0.0
MDPI,sensors,code_docs,18. Code Documentation,True,Language understanding,The journal policies encourage/recommend standards for code documentation.,3,multiple_choice,0.5
MDPI,sensors,code_linting,19. Linting Standards,False,,No mention of linting standards for code.,3,multiple_choice,0.0
MDPI,sensors,code_development,20. Code Development,True,Language understanding,The journal policies encourage/recommend standards for code development such as continuous integration.,3,multiple_choice,0.5
MDPI,catalysts,rdp_exist,1. Existence of research data policy,False,,Research Data Policy (RDP) exists.,2,multiple_choice,1.0
MDPI,catalysts,data_sharing,3. Data sharing requirements in RDP,False,,Data sharing encouraged but optional.,2,multiple_choice,0.0
MDPI,catalysts,data_fair,4. FAIR data sharing (see https://www.go-fair.org/fair-principles/ for a definition of FAIR),False,,Public data sharing on a FAIR repository encouraged.,2,multiple_choice,0.33
MDPI,catalysts,data_availability,2. Data availability statement,False,,Required according to the RDP.,2,multiple_choice,1.0
MDPI,catalysts,data_citability,5. Citability and findability of data ,False,,DOIs or other persistent identifiers recommended for datasets or codes.,2,multiple_choice,0.5
MDPI,catalysts,data_timing,7. Timing of data release,True,Language understanding,Timing of data availability not adressed in RDP.,2,multiple_choice,
MDPI,catalysts,data_sharing_method,8. Recommended data sharing method,True,Language understanding,Public online repositories recommended in RDP.,2,multiple_choice,0.8
MDPI,catalysts,data_licenses,9. Recommended/required licenses,True,Language understanding,Explicit mention of a certain license/license type in RDP.,2,multiple_choice,
MDPI,catalysts,data_referee,10. Referee guidelines concerning research data,False,,Data sharing policy mentioned in refereeing guidelines.,2,multiple_choice,0.33
MDPI,catalysts,data_recommended,"11. Unique policies for data types
Please name all data types for which unique policies are recommended according to the RDP (Please separate all data types be semicolon, e.g. crystal structures; Protein sequence)",True,Text not found,Proteomics Data,2,open,
MDPI,catalysts,data_required,"12. Unique policies for data types
Please name all data types for which unique policies are required according to the RDP (Please separate all data types be semicolon, e.g. crystal structures; Protein sequence)",True,Text not found,"nucleic acid sequences; high throughput sequencing (HTS) datasets (RNA-seq, ChIP-Seq, degradome analysis, …); microarray data; protein sequences; mass spectrometry raw proteomics data",2,open,
MDPI,catalysts,code_required,13. Code sharing requirements,False,,Code sharing encouraged but optional.,2,multiple_choice,0.5
MDPI,catalysts,code_reproducibility,14. Code Reproducibility,False,,Journal policies encourage/recommend stating all dependencies and their versions that were used to run computational experiments.,2,multiple_choice,0.25
MDPI,catalysts,code_versioning,15. Versioning and persistent identifiers,False,,Journal policies encourage/recommend a persistent identifier or specifying a version of developed code.,2,multiple_choice,0.5
MDPI,catalysts,code_quality,16. Code Quality Standards,True,Language understanding,The journal policies do not mention any code quality standards.,2,multiple_choice,0.0
MDPI,catalysts,code_autotest,17. Automatic Testing,False,,No mention of automatic testing to verify code functionality.,2,multiple_choice,0.0
MDPI,catalysts,code_docs,18. Code Documentation,True,Language understanding,No mention of standards for code documentation.,2,multiple_choice,0.0
MDPI,catalysts,code_linting,19. Linting Standards,False,,No mention of linting standards for code.,2,multiple_choice,0.0
MDPI,catalysts,code_development,20. Code Development,True,Language understanding,No mention of standards for code development such as continuous integration.,2,multiple_choice,0.0
MDPI,molecules,rdp_exist,1. Existence of research data policy,False,,Research Data Policy (RDP) exists.,2,multiple_choice,1.0
MDPI,molecules,data_sharing,3. Data sharing requirements in RDP,False,,Data sharing encouraged but optional.,2,multiple_choice,0.0
MDPI,molecules,data_fair,4. FAIR data sharing (see https://www.go-fair.org/fair-principles/ for a definition of FAIR),False,,Public data sharing on a FAIR repository encouraged.,2,multiple_choice,0.33
MDPI,molecules,data_availability,2. Data availability statement,False,,Required according to the RDP.,2,multiple_choice,1.0
MDPI,molecules,data_citability,5. Citability and findability of data ,False,,DOIs or other persistent identifiers recommended for datasets or codes.,2,multiple_choice,0.5
MDPI,molecules,data_timing,7. Timing of data release,True,Language understanding,Timing of data availability not adressed in RDP.,2,multiple_choice,
MDPI,molecules,data_sharing_method,8. Recommended data sharing method,True,Language understanding,Public online repositories recommended in RDP.,2,multiple_choice,0.8
MDPI,molecules,data_licenses,9. Recommended/required licenses,True,Language understanding,Explicit mention of a certain license/license type in RDP.,2,multiple_choice,
MDPI,molecules,data_referee,10. Referee guidelines concerning research data,False,,Data sharing policy mentioned in refereeing guidelines.,2,multiple_choice,0.33
MDPI,molecules,data_recommended,"11. Unique policies for data types
Please name all data types for which unique policies are recommended according to the RDP (Please separate all data types be semicolon, e.g. crystal structures; Protein sequence)",True,Text not found,Proteomics Data,2,open,
MDPI,molecules,data_required,"12. Unique policies for data types
Please name all data types for which unique policies are required according to the RDP (Please separate all data types be semicolon, e.g. crystal structures; Protein sequence)",True,Text not found,"nucleic acid sequences; high throughput sequencing (HTS) datasets (RNA-seq, ChIP-Seq, degradome analysis, …); microarray data; protein sequences; mass spectrometry raw proteomics data",2,open,
MDPI,molecules,code_required,13. Code sharing requirements,False,,Code sharing encouraged but optional.,2,multiple_choice,0.5
MDPI,molecules,code_reproducibility,14. Code Reproducibility,False,,Journal policies encourage/recommend stating all dependencies and their versions that were used to run computational experiments.,2,multiple_choice,0.25
MDPI,molecules,code_versioning,15. Versioning and persistent identifiers,False,,Journal policies encourage/recommend a persistent identifier or specifying a version of developed code.,2,multiple_choice,0.5
MDPI,molecules,code_quality,16. Code Quality Standards,True,Language understanding,The journal policies do not mention any code quality standards.,2,multiple_choice,0.0
MDPI,molecules,code_autotest,17. Automatic Testing,False,,No mention of automatic testing to verify code functionality.,2,multiple_choice,0.0
MDPI,molecules,code_docs,18. Code Documentation,True,Language understanding,No mention of standards for code documentation.,2,multiple_choice,0.0
MDPI,molecules,code_linting,19. Linting Standards,False,,No mention of linting standards for code.,2,multiple_choice,0.0
MDPI,molecules,code_development,20. Code Development,True,Language understanding,No mention of standards for code development such as continuous integration.,2,multiple_choice,0.0
MDPI,reactions,rdp_exist,1. Existence of research data policy,False,,Research Data Policy (RDP) exists.,2,multiple_choice,1.0
MDPI,reactions,data_sharing,3. Data sharing requirements in RDP,False,,Data sharing encouraged but optional.,2,multiple_choice,0.0
MDPI,reactions,data_fair,4. FAIR data sharing (see https://www.go-fair.org/fair-principles/ for a definition of FAIR),False,,Public data sharing on a FAIR repository encouraged.,2,multiple_choice,0.33
MDPI,reactions,data_availability,2. Data availability statement,False,,Required according to the RDP.,2,multiple_choice,1.0
MDPI,reactions,data_citability,5. Citability and findability of data ,False,,DOIs or other persistent identifiers recommended for datasets or codes.,2,multiple_choice,0.5
MDPI,reactions,data_timing,7. Timing of data release,True,Language understanding,Timing of data availability not adressed in RDP.,2,multiple_choice,
MDPI,reactions,data_sharing_method,8. Recommended data sharing method,True,Language understanding,Public online repositories recommended in RDP.,2,multiple_choice,0.8
MDPI,reactions,data_licenses,9. Recommended/required licenses,True,Language understanding,Explicit mention of a certain license/license type in RDP.,2,multiple_choice,
MDPI,reactions,data_referee,10. Referee guidelines concerning research data,False,,Data sharing policy mentioned in refereeing guidelines.,2,multiple_choice,0.33
MDPI,reactions,data_recommended,"11. Unique policies for data types
Please name all data types for which unique policies are recommended according to the RDP (Please separate all data types be semicolon, e.g. crystal structures; Protein sequence)",True,Text not found,Proteomics Data,2,open,
MDPI,reactions,data_required,"12. Unique policies for data types
Please name all data types for which unique policies are required according to the RDP (Please separate all data types be semicolon, e.g. crystal structures; Protein sequence)",True,Text not found,"nucleic acid sequences; high throughput sequencing (HTS) datasets (RNA-seq, ChIP-Seq, degradome analysis, …); microarray data; protein sequences; mass spectrometry raw proteomics data",2,open,
MDPI,reactions,code_required,13. Code sharing requirements,False,,Code sharing encouraged but optional.,2,multiple_choice,0.5
MDPI,reactions,code_reproducibility,14. Code Reproducibility,False,,Journal policies encourage/recommend stating all dependencies and their versions that were used to run computational experiments.,2,multiple_choice,0.25
MDPI,reactions,code_versioning,15. Versioning and persistent identifiers,False,,Journal policies encourage/recommend a persistent identifier or specifying a version of developed code.,2,multiple_choice,0.5
MDPI,reactions,code_quality,16. Code Quality Standards,True,Language understanding,The journal policies do not mention any code quality standards.,2,multiple_choice,0.0
MDPI,reactions,code_autotest,17. Automatic Testing,False,,No mention of automatic testing to verify code functionality.,2,multiple_choice,0.0
MDPI,reactions,code_docs,18. Code Documentation,True,Language understanding,No mention of standards for code documentation.,2,multiple_choice,0.0
MDPI,reactions,code_linting,19. Linting Standards,False,,No mention of linting standards for code.,2,multiple_choice,0.0
MDPI,reactions,code_development,20. Code Development,True,Language understanding,No mention of standards for code development such as continuous integration.,2,multiple_choice,0.0
Optica,photonics_research,rdp_exist,1. Existence of research data policy,False,,Research Data Policy (RDP) exists.,2,multiple_choice,1.0
Optica,photonics_research,data_sharing,3. Data sharing requirements in RDP,False,,Data sharing encouraged but optional.,2,multiple_choice,0.0
Optica,photonics_research,data_fair,4. FAIR data sharing (see https://www.go-fair.org/fair-principles/ for a definition of FAIR),False,,Public data sharing on a FAIR repository not mentioned in RDP.,2,multiple_choice,0.0
Optica,photonics_research,data_availability,2. Data availability statement,True,Selected answer is better interpretation of RDP.,Required according to the RDP.,2,multiple_choice,1.0
Optica,photonics_research,data_citability,5. Citability and findability of data ,False,,DOIs or other persistent identifiers recommended for datasets or codes.,2,multiple_choice,0.5
Optica,photonics_research,data_timing,7. Timing of data release,False,,Required data must be available prior to review process.,2,multiple_choice,1.0
Optica,photonics_research,data_sharing_method,8. Recommended data sharing method,True,Selected answer is better interpretation of RDP.,Multiple data sharing methods equally recommended in RDP.,2,multiple_choice,0.4
Optica,photonics_research,data_licenses,9. Recommended/required licenses,False,,No mention of data/code licenses in RDP.,2,multiple_choice,0.0
Optica,photonics_research,data_referee,10. Referee guidelines concerning research data,False,,Data sharing policy not mentioned in refereeing guidelines.,2,multiple_choice,0.0
Optica,photonics_research,data_recommended,"11. Unique policies for data types
Please name all data types for which unique policies are recommended according to the RDP (Please separate all data types be semicolon, e.g. crystal structures; Protein sequence)",True,Inconsistent formatting.,no text.,2,open,
Optica,photonics_research,data_required,"12. Unique policies for data types
Please name all data types for which unique policies are required according to the RDP (Please separate all data types be semicolon, e.g. crystal structures; Protein sequence)",True,Inconsistent formatting.,no text.,2,open,
Optica,photonics_research,code_required,13. Code sharing requirements,False,,Code sharing encouraged but optional.,2,multiple_choice,0.5
Optica,photonics_research,code_reproducibility,14. Code Reproducibility,False,,No mention of dependencies for research code.,2,multiple_choice,0.0
Optica,photonics_research,code_versioning,15. Versioning and persistent identifiers,False,,No mention of a persistent identifier or specifying a version of developed code.,2,multiple_choice,0.0
Optica,photonics_research,code_quality,16. Code Quality Standards,False,,The journal policies do not mention any code quality standards.,2,multiple_choice,0.0
Optica,photonics_research,code_autotest,17. Automatic Testing,False,,No mention of automatic testing to verify code functionality.,2,multiple_choice,0.0
Optica,photonics_research,code_docs,18. Code Documentation,False,,No mention of standards for code documentation.,2,multiple_choice,0.0
Optica,photonics_research,code_linting,19. Linting Standards,False,,No mention of linting standards for code.,2,multiple_choice,0.0
Optica,photonics_research,code_development,20. Code Development,False,,No mention of standards for code development such as continuous integration.,2,multiple_choice,0.0
Optica,applied_optics,rdp_exist,1. Existence of research data policy,False,,Research Data Policy (RDP) exists.,1,multiple_choice,1.0
Optica,applied_optics,data_sharing,3. Data sharing requirements in RDP,False,,Data sharing encouraged but optional.,1,multiple_choice,0.0
Optica,applied_optics,data_fair,4. FAIR data sharing (see https://www.go-fair.org/fair-principles/ for a definition of FAIR),False,,Public data sharing on a FAIR repository not mentioned in RDP.,1,multiple_choice,0.0
Optica,applied_optics,data_availability,2. Data availability statement,False,,Required according to the RDP.,1,multiple_choice,1.0
Optica,applied_optics,data_citability,5. Citability and findability of data ,False,,DOIs or other persistent identifiers recommended for datasets or codes.,1,multiple_choice,0.5
Optica,applied_optics,data_timing,7. Timing of data release,False,,Required data must be available prior to review process.,1,multiple_choice,1.0
Optica,applied_optics,data_sharing_method,8. Recommended data sharing method,False,,Data sharing in supplementary material or hosting by journal recommended in RDP.,1,multiple_choice,0.6
Optica,applied_optics,data_licenses,9. Recommended/required licenses,False,,No mention of data/code licenses in RDP.,1,multiple_choice,0.0
Optica,applied_optics,data_referee,10. Referee guidelines concerning research data,False,,Data sharing policy not mentioned in refereeing guidelines.,1,multiple_choice,0.0
Optica,applied_optics,data_recommended,"11. Unique policies for data types
Please name all data types for which unique policies are recommended according to the RDP (Please separate all data types be semicolon, e.g. crystal structures; Protein sequence)",False,,no text.,1,open,
Optica,applied_optics,data_required,"12. Unique policies for data types
Please name all data types for which unique policies are required according to the RDP (Please separate all data types be semicolon, e.g. crystal structures; Protein sequence)",False,,no text.,1,open,
Optica,applied_optics,code_required,13. Code sharing requirements,False,,Code sharing encouraged but optional.,1,multiple_choice,0.5
Optica,applied_optics,code_reproducibility,14. Code Reproducibility,False,,No mention of dependencies for research code.,1,multiple_choice,0.0
Optica,applied_optics,code_versioning,15. Versioning and persistent identifiers,False,,No mention of a persistent identifier or specifying a version of developed code.,1,multiple_choice,0.0
Optica,applied_optics,code_quality,16. Code Quality Standards,False,,The journal policies do not mention any code quality standards.,1,multiple_choice,0.0
Optica,applied_optics,code_autotest,17. Automatic Testing,False,,No mention of automatic testing to verify code functionality.,1,multiple_choice,0.0
Optica,applied_optics,code_docs,18. Code Documentation,False,,No mention of standards for code documentation.,1,multiple_choice,0.0
Optica,applied_optics,code_linting,19. Linting Standards,False,,No mention of linting standards for code.,1,multiple_choice,0.0
Optica,applied_optics,code_development,20. Code Development,False,,No mention of standards for code development such as continuous integration.,1,multiple_choice,0.0
Optica,optics_express,rdp_exist,1. Existence of research data policy,False,,Research Data Policy (RDP) exists.,2,multiple_choice,1.0
Optica,optics_express,data_sharing,3. Data sharing requirements in RDP,False,,Data sharing encouraged but optional.,2,multiple_choice,0.0
Optica,optics_express,data_fair,4. FAIR data sharing (see https://www.go-fair.org/fair-principles/ for a definition of FAIR),False,,Public data sharing on a FAIR repository not mentioned in RDP.,2,multiple_choice,0.0
Optica,optics_express,data_availability,2. Data availability statement,True,Selected answer is better interpretation of RDP.,Required according to the RDP.,2,multiple_choice,1.0
Optica,optics_express,data_citability,5. Citability and findability of data ,False,,DOIs or other persistent identifiers recommended for datasets or codes.,2,multiple_choice,0.5
Optica,optics_express,data_timing,7. Timing of data release,False,,Required data must be available prior to review process.,2,multiple_choice,1.0
Optica,optics_express,data_sharing_method,8. Recommended data sharing method,True,Selected answer is better interpretation of RDP.,Multiple data sharing methods equally recommended in RDP.,2,multiple_choice,0.4
Optica,optics_express,data_licenses,9. Recommended/required licenses,False,,No mention of data/code licenses in RDP.,2,multiple_choice,0.0
Optica,optics_express,data_referee,10. Referee guidelines concerning research data,False,,Data sharing policy not mentioned in refereeing guidelines.,2,multiple_choice,0.0
Optica,optics_express,data_recommended,"11. Unique policies for data types
Please name all data types for which unique policies are recommended according to the RDP (Please separate all data types be semicolon, e.g. crystal structures; Protein sequence)",True,Inconsistent formatting.,no text.,2,open,
Optica,optics_express,data_required,"12. Unique policies for data types
Please name all data types for which unique policies are required according to the RDP (Please separate all data types be semicolon, e.g. crystal structures; Protein sequence)",True,Inconsistent formatting.,no text.,2,open,
Optica,optics_express,code_required,13. Code sharing requirements,False,,Code sharing encouraged but optional.,2,multiple_choice,0.5
Optica,optics_express,code_reproducibility,14. Code Reproducibility,False,,No mention of dependencies for research code.,2,multiple_choice,0.0
Optica,optics_express,code_versioning,15. Versioning and persistent identifiers,False,,No mention of a persistent identifier or specifying a version of developed code.,2,multiple_choice,0.0
Optica,optics_express,code_quality,16. Code Quality Standards,False,,The journal policies do not mention any code quality standards.,2,multiple_choice,0.0
Optica,optics_express,code_autotest,17. Automatic Testing,False,,No mention of automatic testing to verify code functionality.,2,multiple_choice,0.0
Optica,optics_express,code_docs,18. Code Documentation,False,,No mention of standards for code documentation.,2,multiple_choice,0.0
Optica,optics_express,code_linting,19. Linting Standards,False,,No mention of linting standards for code.,2,multiple_choice,0.0
Optica,optics_express,code_development,20. Code Development,False,,No mention of standards for code development such as continuous integration.,2,multiple_choice,0.0
Optica,optica,rdp_exist,1. Existence of research data policy,False,,Research Data Policy (RDP) exists.,2,multiple_choice,1.0
Optica,optica,data_sharing,3. Data sharing requirements in RDP,False,,Data sharing encouraged but optional.,2,multiple_choice,0.0
Optica,optica,data_fair,4. FAIR data sharing (see https://www.go-fair.org/fair-principles/ for a definition of FAIR),False,,Public data sharing on a FAIR repository not mentioned in RDP.,2,multiple_choice,0.0
Optica,optica,data_availability,2. Data availability statement,True,Selected answer is better interpretation of RDP.,Required according to the RDP.,2,multiple_choice,1.0
Optica,optica,data_citability,5. Citability and findability of data ,False,,DOIs or other persistent identifiers recommended for datasets or codes.,2,multiple_choice,0.5
Optica,optica,data_timing,7. Timing of data release,False,,Required data must be available prior to review process.,2,multiple_choice,1.0
Optica,optica,data_sharing_method,8. Recommended data sharing method,True,Selected answer is better interpretation of RDP.,Multiple data sharing methods equally recommended in RDP.,2,multiple_choice,0.4
Optica,optica,data_licenses,9. Recommended/required licenses,False,,No mention of data/code licenses in RDP.,2,multiple_choice,0.0
Optica,optica,data_referee,10. Referee guidelines concerning research data,False,,Data sharing policy not mentioned in refereeing guidelines.,2,multiple_choice,0.0
Optica,optica,data_recommended,"11. Unique policies for data types
Please name all data types for which unique policies are recommended according to the RDP (Please separate all data types be semicolon, e.g. crystal structures; Protein sequence)",True,Inconsistent formatting.,no text.,2,open,
Optica,optica,data_required,"12. Unique policies for data types
Please name all data types for which unique policies are required according to the RDP (Please separate all data types be semicolon, e.g. crystal structures; Protein sequence)",True,Inconsistent formatting.,no text.,2,open,
Optica,optica,code_required,13. Code sharing requirements,False,,Code sharing encouraged but optional.,2,multiple_choice,0.5
Optica,optica,code_reproducibility,14. Code Reproducibility,False,,No mention of dependencies for research code.,2,multiple_choice,0.0
Optica,optica,code_versioning,15. Versioning and persistent identifiers,False,,No mention of a persistent identifier or specifying a version of developed code.,2,multiple_choice,0.0
Optica,optica,code_quality,16. Code Quality Standards,False,,The journal policies do not mention any code quality standards.,2,multiple_choice,0.0
Optica,optica,code_autotest,17. Automatic Testing,False,,No mention of automatic testing to verify code functionality.,2,multiple_choice,0.0
Optica,optica,code_docs,18. Code Documentation,False,,No mention of standards for code documentation.,2,multiple_choice,0.0
Optica,optica,code_linting,19. Linting Standards,False,,No mention of linting standards for code.,2,multiple_choice,0.0
Optica,optica,code_development,20. Code Development,False,,No mention of standards for code development such as continuous integration.,2,multiple_choice,0.0
Optica,optical_materials_express,rdp_exist,1. Existence of research data policy,False,,Research Data Policy (RDP) exists.,1,multiple_choice,1.0
Optica,optical_materials_express,data_sharing,3. Data sharing requirements in RDP,False,,Data sharing encouraged but optional.,1,multiple_choice,0.0
Optica,optical_materials_express,data_fair,4. FAIR data sharing (see https://www.go-fair.org/fair-principles/ for a definition of FAIR),False,,Public data sharing on a FAIR repository not mentioned in RDP.,1,multiple_choice,0.0
Optica,optical_materials_express,data_availability,2. Data availability statement,False,,Required according to the RDP.,1,multiple_choice,1.0
Optica,optical_materials_express,data_citability,5. Citability and findability of data ,False,,DOIs or other persistent identifiers recommended for datasets or codes.,1,multiple_choice,0.5
Optica,optical_materials_express,data_timing,7. Timing of data release,False,,Required data must be available prior to review process.,1,multiple_choice,1.0
Optica,optical_materials_express,data_sharing_method,8. Recommended data sharing method,False,,Data sharing in supplementary material or hosting by journal recommended in RDP.,1,multiple_choice,0.6
Optica,optical_materials_express,data_licenses,9. Recommended/required licenses,False,,No mention of data/code licenses in RDP.,1,multiple_choice,0.0
Optica,optical_materials_express,data_referee,10. Referee guidelines concerning research data,False,,Data sharing policy not mentioned in refereeing guidelines.,1,multiple_choice,0.0
Optica,optical_materials_express,data_recommended,"11. Unique policies for data types
Please name all data types for which unique policies are recommended according to the RDP (Please separate all data types be semicolon, e.g. crystal structures; Protein sequence)",False,,no text.,1,open,
Optica,optical_materials_express,data_required,"12. Unique policies for data types
Please name all data types for which unique policies are required according to the RDP (Please separate all data types be semicolon, e.g. crystal structures; Protein sequence)",False,,no text.,1,open,
Optica,optical_materials_express,code_required,13. Code sharing requirements,False,,Code sharing encouraged but optional.,1,multiple_choice,0.5
Optica,optical_materials_express,code_reproducibility,14. Code Reproducibility,False,,No mention of dependencies for research code.,1,multiple_choice,0.0
Optica,optical_materials_express,code_versioning,15. Versioning and persistent identifiers,False,,No mention of a persistent identifier or specifying a version of developed code.,1,multiple_choice,0.0
Optica,optical_materials_express,code_quality,16. Code Quality Standards,False,,The journal policies do not mention any code quality standards.,1,multiple_choice,0.0
Optica,optical_materials_express,code_autotest,17. Automatic Testing,False,,No mention of automatic testing to verify code functionality.,1,multiple_choice,0.0
Optica,optical_materials_express,code_docs,18. Code Documentation,False,,No mention of standards for code documentation.,1,multiple_choice,0.0
Optica,optical_materials_express,code_linting,19. Linting Standards,False,,No mention of linting standards for code.,1,multiple_choice,0.0
Optica,optical_materials_express,code_development,20. Code Development,False,,No mention of standards for code development such as continuous integration.,1,multiple_choice,0.0
Optica,optics_continuum,rdp_exist,1. Existence of research data policy,False,,Research Data Policy (RDP) exists.,1,multiple_choice,1.0
Optica,optics_continuum,data_sharing,3. Data sharing requirements in RDP,False,,Data sharing encouraged but optional.,1,multiple_choice,0.0
Optica,optics_continuum,data_fair,4. FAIR data sharing (see https://www.go-fair.org/fair-principles/ for a definition of FAIR),False,,Public data sharing on a FAIR repository not mentioned in RDP.,1,multiple_choice,0.0
Optica,optics_continuum,data_availability,2. Data availability statement,False,,Required according to the RDP.,1,multiple_choice,1.0
Optica,optics_continuum,data_citability,5. Citability and findability of data ,False,,DOIs or other persistent identifiers recommended for datasets or codes.,1,multiple_choice,0.5
Optica,optics_continuum,data_timing,7. Timing of data release,False,,Required data must be available prior to review process.,1,multiple_choice,1.0
Optica,optics_continuum,data_sharing_method,8. Recommended data sharing method,False,,Data sharing in supplementary material or hosting by journal recommended in RDP.,1,multiple_choice,0.6
Optica,optics_continuum,data_licenses,9. Recommended/required licenses,False,,No mention of data/code licenses in RDP.,1,multiple_choice,0.0
Optica,optics_continuum,data_referee,10. Referee guidelines concerning research data,False,,Data sharing policy not mentioned in refereeing guidelines.,1,multiple_choice,0.0
Optica,optics_continuum,data_recommended,"11. Unique policies for data types
Please name all data types for which unique policies are recommended according to the RDP (Please separate all data types be semicolon, e.g. crystal structures; Protein sequence)",False,,no text.,1,open,
Optica,optics_continuum,data_required,"12. Unique policies for data types
Please name all data types for which unique policies are required according to the RDP (Please separate all data types be semicolon, e.g. crystal structures; Protein sequence)",False,,no text.,1,open,
Optica,optics_continuum,code_required,13. Code sharing requirements,False,,Code sharing encouraged but optional.,1,multiple_choice,0.5
Optica,optics_continuum,code_reproducibility,14. Code Reproducibility,False,,No mention of dependencies for research code.,1,multiple_choice,0.0
Optica,optics_continuum,code_versioning,15. Versioning and persistent identifiers,False,,No mention of a persistent identifier or specifying a version of developed code.,1,multiple_choice,0.0
Optica,optics_continuum,code_quality,16. Code Quality Standards,False,,The journal policies do not mention any code quality standards.,1,multiple_choice,0.0
Optica,optics_continuum,code_autotest,17. Automatic Testing,False,,No mention of automatic testing to verify code functionality.,1,multiple_choice,0.0
Optica,optics_continuum,code_docs,18. Code Documentation,False,,No mention of standards for code documentation.,1,multiple_choice,0.0
Optica,optics_continuum,code_linting,19. Linting Standards,False,,No mention of linting standards for code.,1,multiple_choice,0.0
Optica,optics_continuum,code_development,20. Code Development,False,,No mention of standards for code development such as continuous integration.,1,multiple_choice,0.0
Optica,biomedical_optics_express,rdp_exist,1. Existence of research data policy,False,,Research Data Policy (RDP) exists.,2,multiple_choice,1.0
Optica,biomedical_optics_express,data_sharing,3. Data sharing requirements in RDP,False,,Data sharing encouraged but optional.,2,multiple_choice,0.0
Optica,biomedical_optics_express,data_fair,4. FAIR data sharing (see https://www.go-fair.org/fair-principles/ for a definition of FAIR),False,,Public data sharing on a FAIR repository not mentioned in RDP.,2,multiple_choice,0.0
Optica,biomedical_optics_express,data_availability,2. Data availability statement,True,Selected answer is better interpretation of RDP.,Required according to the RDP.,2,multiple_choice,1.0
Optica,biomedical_optics_express,data_citability,5. Citability and findability of data ,False,,DOIs or other persistent identifiers recommended for datasets or codes.,2,multiple_choice,0.5
Optica,biomedical_optics_express,data_timing,7. Timing of data release,False,,Required data must be available prior to review process.,2,multiple_choice,1.0
Optica,biomedical_optics_express,data_sharing_method,8. Recommended data sharing method,True,Selected answer is better interpretation of RDP.,Multiple data sharing methods equally recommended in RDP.,2,multiple_choice,0.4
Optica,biomedical_optics_express,data_licenses,9. Recommended/required licenses,False,,No mention of data/code licenses in RDP.,2,multiple_choice,0.0
Optica,biomedical_optics_express,data_referee,10. Referee guidelines concerning research data,False,,Data sharing policy not mentioned in refereeing guidelines.,2,multiple_choice,0.0
Optica,biomedical_optics_express,data_recommended,"11. Unique policies for data types
Please name all data types for which unique policies are recommended according to the RDP (Please separate all data types be semicolon, e.g. crystal structures; Protein sequence)",True,Inconsistent formatting.,no text.,2,open,
Optica,biomedical_optics_express,data_required,"12. Unique policies for data types
Please name all data types for which unique policies are required according to the RDP (Please separate all data types be semicolon, e.g. crystal structures; Protein sequence)",True,Inconsistent formatting.,no text.,2,open,
Optica,biomedical_optics_express,code_required,13. Code sharing requirements,False,,Code sharing encouraged but optional.,2,multiple_choice,0.5
Optica,biomedical_optics_express,code_reproducibility,14. Code Reproducibility,False,,No mention of dependencies for research code.,2,multiple_choice,0.0
Optica,biomedical_optics_express,code_versioning,15. Versioning and persistent identifiers,False,,No mention of a persistent identifier or specifying a version of developed code.,2,multiple_choice,0.0
Optica,biomedical_optics_express,code_quality,16. Code Quality Standards,False,,The journal policies do not mention any code quality standards.,2,multiple_choice,0.0
Optica,biomedical_optics_express,code_autotest,17. Automatic Testing,False,,No mention of automatic testing to verify code functionality.,2,multiple_choice,0.0
Optica,biomedical_optics_express,code_docs,18. Code Documentation,False,,No mention of standards for code documentation.,2,multiple_choice,0.0
Optica,biomedical_optics_express,code_linting,19. Linting Standards,False,,No mention of linting standards for code.,2,multiple_choice,0.0
Optica,biomedical_optics_express,code_development,20. Code Development,False,,No mention of standards for code development such as continuous integration.,2,multiple_choice,0.0
Optica,journal_of_the_optical_society_of_america_b,rdp_exist,1. Existence of research data policy,False,,Research Data Policy (RDP) exists.,1,multiple_choice,1.0
Optica,journal_of_the_optical_society_of_america_b,data_sharing,3. Data sharing requirements in RDP,False,,Data sharing encouraged but optional.,1,multiple_choice,0.0
Optica,journal_of_the_optical_society_of_america_b,data_fair,4. FAIR data sharing (see https://www.go-fair.org/fair-principles/ for a definition of FAIR),False,,Public data sharing on a FAIR repository not mentioned in RDP.,1,multiple_choice,0.0
Optica,journal_of_the_optical_society_of_america_b,data_availability,2. Data availability statement,False,,Required according to the RDP.,1,multiple_choice,1.0
Optica,journal_of_the_optical_society_of_america_b,data_citability,5. Citability and findability of data ,False,,DOIs or other persistent identifiers recommended for datasets or codes.,1,multiple_choice,0.5
Optica,journal_of_the_optical_society_of_america_b,data_timing,7. Timing of data release,False,,Required data must be available prior to review process.,1,multiple_choice,1.0
Optica,journal_of_the_optical_society_of_america_b,data_sharing_method,8. Recommended data sharing method,False,,Data sharing in supplementary material or hosting by journal recommended in RDP.,1,multiple_choice,0.6
Optica,journal_of_the_optical_society_of_america_b,data_licenses,9. Recommended/required licenses,False,,No mention of data/code licenses in RDP.,1,multiple_choice,0.0
Optica,journal_of_the_optical_society_of_america_b,data_referee,10. Referee guidelines concerning research data,False,,Data sharing policy not mentioned in refereeing guidelines.,1,multiple_choice,0.0
Optica,journal_of_the_optical_society_of_america_b,data_recommended,"11. Unique policies for data types
Please name all data types for which unique policies are recommended according to the RDP (Please separate all data types be semicolon, e.g. crystal structures; Protein sequence)",False,,no text.,1,open,
Optica,journal_of_the_optical_society_of_america_b,data_required,"12. Unique policies for data types
Please name all data types for which unique policies are required according to the RDP (Please separate all data types be semicolon, e.g. crystal structures; Protein sequence)",False,,no text.,1,open,
Optica,journal_of_the_optical_society_of_america_b,code_required,13. Code sharing requirements,False,,Code sharing encouraged but optional.,1,multiple_choice,0.5
Optica,journal_of_the_optical_society_of_america_b,code_reproducibility,14. Code Reproducibility,False,,No mention of dependencies for research code.,1,multiple_choice,0.0
Optica,journal_of_the_optical_society_of_america_b,code_versioning,15. Versioning and persistent identifiers,False,,No mention of a persistent identifier or specifying a version of developed code.,1,multiple_choice,0.0
Optica,journal_of_the_optical_society_of_america_b,code_quality,16. Code Quality Standards,False,,The journal policies do not mention any code quality standards.,1,multiple_choice,0.0
Optica,journal_of_the_optical_society_of_america_b,code_autotest,17. Automatic Testing,False,,No mention of automatic testing to verify code functionality.,1,multiple_choice,0.0
Optica,journal_of_the_optical_society_of_america_b,code_docs,18. Code Documentation,False,,No mention of standards for code documentation.,1,multiple_choice,0.0
Optica,journal_of_the_optical_society_of_america_b,code_linting,19. Linting Standards,False,,No mention of linting standards for code.,1,multiple_choice,0.0
Optica,journal_of_the_optical_society_of_america_b,code_development,20. Code Development,False,,No mention of standards for code development such as continuous integration.,1,multiple_choice,0.0
Optica,optics_letters,rdp_exist,1. Existence of research data policy,False,,Research Data Policy (RDP) exists.,2,multiple_choice,1.0
Optica,optics_letters,data_sharing,3. Data sharing requirements in RDP,False,,Data sharing encouraged but optional.,2,multiple_choice,0.0
Optica,optics_letters,data_fair,4. FAIR data sharing (see https://www.go-fair.org/fair-principles/ for a definition of FAIR),False,,Public data sharing on a FAIR repository not mentioned in RDP.,2,multiple_choice,0.0
Optica,optics_letters,data_availability,2. Data availability statement,True,Selected answer is better interpretation of RDP.,Required according to the RDP.,2,multiple_choice,1.0
Optica,optics_letters,data_citability,5. Citability and findability of data ,False,,DOIs or other persistent identifiers recommended for datasets or codes.,2,multiple_choice,0.5
Optica,optics_letters,data_timing,7. Timing of data release,False,,Required data must be available prior to review process.,2,multiple_choice,1.0
Optica,optics_letters,data_sharing_method,8. Recommended data sharing method,True,Selected answer is better interpretation of RDP.,Multiple data sharing methods equally recommended in RDP.,2,multiple_choice,0.4
Optica,optics_letters,data_licenses,9. Recommended/required licenses,False,,No mention of data/code licenses in RDP.,2,multiple_choice,0.0
Optica,optics_letters,data_referee,10. Referee guidelines concerning research data,False,,Data sharing policy not mentioned in refereeing guidelines.,2,multiple_choice,0.0
Optica,optics_letters,data_recommended,"11. Unique policies for data types
Please name all data types for which unique policies are recommended according to the RDP (Please separate all data types be semicolon, e.g. crystal structures; Protein sequence)",True,Inconsistent formatting.,no text.,2,open,
Optica,optics_letters,data_required,"12. Unique policies for data types
Please name all data types for which unique policies are required according to the RDP (Please separate all data types be semicolon, e.g. crystal structures; Protein sequence)",True,Inconsistent formatting.,no text.,2,open,
Optica,optics_letters,code_required,13. Code sharing requirements,False,,Code sharing encouraged but optional.,2,multiple_choice,0.5
Optica,optics_letters,code_reproducibility,14. Code Reproducibility,False,,No mention of dependencies for research code.,2,multiple_choice,0.0
Optica,optics_letters,code_versioning,15. Versioning and persistent identifiers,False,,No mention of a persistent identifier or specifying a version of developed code.,2,multiple_choice,0.0
Optica,optics_letters,code_quality,16. Code Quality Standards,False,,The journal policies do not mention any code quality standards.,2,multiple_choice,0.0
Optica,optics_letters,code_autotest,17. Automatic Testing,False,,No mention of automatic testing to verify code functionality.,2,multiple_choice,0.0
Optica,optics_letters,code_docs,18. Code Documentation,False,,No mention of standards for code documentation.,2,multiple_choice,0.0
Optica,optics_letters,code_linting,19. Linting Standards,False,,No mention of linting standards for code.,2,multiple_choice,0.0
Optica,optics_letters,code_development,20. Code Development,False,,No mention of standards for code development such as continuous integration.,2,multiple_choice,0.0
Pleiades Publishing,russian_journal_of_organic_chemistry,rdp_exist,1. Existence of research data policy,False,,Research Data Policy (RDP) exists.,2,multiple_choice,1.0
Pleiades Publishing,russian_journal_of_organic_chemistry,data_sharing,3. Data sharing requirements in RDP,False,,Data sharing encouraged but optional.,2,multiple_choice,0.0
Pleiades Publishing,russian_journal_of_organic_chemistry,data_fair,4. FAIR data sharing (see https://www.go-fair.org/fair-principles/ for a definition of FAIR),True,Language understanding,Public data sharing on a FAIR repository not mentioned in RDP.,2,multiple_choice,0.0
Pleiades Publishing,russian_journal_of_organic_chemistry,data_availability,2. Data availability statement,True,Text not found,Required according to the RDP.,2,multiple_choice,1.0
Pleiades Publishing,russian_journal_of_organic_chemistry,data_citability,5. Citability and findability of data ,True,Text not found,DOIs or other persistent identifiers recommended for datasets or codes.,2,multiple_choice,0.5
Pleiades Publishing,russian_journal_of_organic_chemistry,data_timing,7. Timing of data release,False,,Timing of data availability not adressed in RDP.,2,multiple_choice,
Pleiades Publishing,russian_journal_of_organic_chemistry,data_sharing_method,8. Recommended data sharing method,True,Text not found,Public online repositories recommended in RDP.,2,multiple_choice,0.8
Pleiades Publishing,russian_journal_of_organic_chemistry,data_licenses,9. Recommended/required licenses,False,,No mention of data/code licenses in RDP.,2,multiple_choice,0.0
Pleiades Publishing,russian_journal_of_organic_chemistry,data_referee,10. Referee guidelines concerning research data,False,,Data sharing policy mentioned in refereeing guidelines.,2,multiple_choice,0.33
Pleiades Publishing,russian_journal_of_organic_chemistry,data_recommended,"11. Unique policies for data types
Please name all data types for which unique policies are recommended according to the RDP (Please separate all data types be semicolon, e.g. crystal structures; Protein sequence)",True,Text not found,"Supply all supplementary material in standard file formats. Specialized format such as .pdb (chemical), .wrl (VRML), .nb (Mathematica notebook), and .tex can also be supplied.
-XRD data are presented as the structural formula of a molecule with numbered atoms or as a crystal lattice and tables. Along with crystallographic data (cell parameters, space group, etc.), in the experimental part, authors should specify the device with which the measurements were performed and the methods (programs) used for decrypting structures and for calculations
It is recommended to present spectroscopic data as follows: 
- In electron spectra, wavelengths (in nm) or wavenumbers (in cm–1 ) are given on the abscissa in ascending order from left to right. The logarithm of the molar absorption coefficient or, if needed, molar absorption coefficient is presented on the ordinate axis. In the text and tables, the positions of extrema are designated as λmax and λmin  IR and Raman spectra themselves are usually not presented. They are described in order of decreasing wavenumbers. An example of such a description is as follows. IR spectrum, ν, cm –1 : 3350 br (NH, NOH), 2100 o.s (C≡N), 1700–1600 s (C=O, C=N). If the spectra are given, the wavenumbers (cm–1 ) (in descending order from left to right) or frequencies in accordance with the scale of the spectrometer are placed along the lower abscissa axis; the upper abscissa axis can reflect wavelength data (µm). The left ordinate axis presents transmittance (%) or absorbance (for IR spectra) or intensity (for Raman spectra)  In NMR spectra, millionths of a field (ppm) are given on the abscissa axis; the maximum signal of a solvent or a reference sample may be outside the graph field. It is recommended to present scaled-down photocopies of the experimental spectra. In describing spectra, signal types are indicated in abbreviated form: s, singlet; d, doublet; t, triplet; q, quartet; quint, quintet; and m, multiplet. Proton chemical shifts are given in the δ scale, for example, δ 5.24 m. Chemical shifts of nuclei 13C, 31P, etc., are given in accordance with IUPAC recommendations: a shift into the weak field with a “+;” and into a strong field, with a “–.” Signals are recorded in order of increasing δ values
-Mass spectra are presented as numerical values m/z and relative intensities of ion currents in a row, in order of decreasing ion mass, 
- In the case of GC, the brand and model of instrument, detector, and recording conditions, i.e., temperature, length and diameter of the column, column packing, solid inert carrier, and carrier gas, should be specified in the experimental part. For HPLC, it is necessary to indicate the brand and model of the instrument, the detector, temperature, length and diameter of the column, the brand and particle size of the sorbent, and the composition of the eluent. For TLC, the adsorbent, eluent, and developing reagent should be given.
",2,open,
Pleiades Publishing,russian_journal_of_organic_chemistry,data_required,"12. Unique policies for data types
Please name all data types for which unique policies are required according to the RDP (Please separate all data types be semicolon, e.g. crystal structures; Protein sequence)",True,Text not found,"For all newly synthesized compounds, the elemental analysis data or high-resolution mass spectra should be provided",2,open,
Pleiades Publishing,russian_journal_of_organic_chemistry,code_required,13. Code sharing requirements,True,Language understanding,Code sharing not mentioned.,2,multiple_choice,0.0
Pleiades Publishing,russian_journal_of_organic_chemistry,code_reproducibility,14. Code Reproducibility,True,Language understanding,No mention of dependencies for research code.,2,multiple_choice,0.0
Pleiades Publishing,russian_journal_of_organic_chemistry,code_versioning,15. Versioning and persistent identifiers,True,Language understanding,No mention of a persistent identifier or specifying a version of developed code.,2,multiple_choice,0.0
Pleiades Publishing,russian_journal_of_organic_chemistry,code_quality,16. Code Quality Standards,False,,The journal policies do not mention any code quality standards.,2,multiple_choice,0.0
Pleiades Publishing,russian_journal_of_organic_chemistry,code_autotest,17. Automatic Testing,False,,No mention of automatic testing to verify code functionality.,2,multiple_choice,0.0
Pleiades Publishing,russian_journal_of_organic_chemistry,code_docs,18. Code Documentation,False,,No mention of standards for code documentation.,2,multiple_choice,0.0
Pleiades Publishing,russian_journal_of_organic_chemistry,code_linting,19. Linting Standards,False,,No mention of linting standards for code.,2,multiple_choice,0.0
Pleiades Publishing,russian_journal_of_organic_chemistry,code_development,20. Code Development,False,,No mention of standards for code development such as continuous integration.,2,multiple_choice,0.0
Pleiades Publishing,physical_mesomechanics,rdp_exist,1. Existence of research data policy,False,,Research Data Policy (RDP) exists.,2,multiple_choice,1.0
Pleiades Publishing,physical_mesomechanics,data_sharing,3. Data sharing requirements in RDP,False,,Data sharing encouraged but optional.,2,multiple_choice,0.0
Pleiades Publishing,physical_mesomechanics,data_fair,4. FAIR data sharing (see https://www.go-fair.org/fair-principles/ for a definition of FAIR),False,,Public data sharing on a FAIR repository not mentioned in RDP.,2,multiple_choice,0.0
Pleiades Publishing,physical_mesomechanics,data_availability,2. Data availability statement,False,,Mentioned in the RDP but optional.,2,multiple_choice,0.5
Pleiades Publishing,physical_mesomechanics,data_citability,5. Citability and findability of data ,True,Text not found,DOIs or other persistent identifiers recommended for datasets or codes.,2,multiple_choice,0.5
Pleiades Publishing,physical_mesomechanics,data_timing,7. Timing of data release,False,,Timing of data availability not adressed in RDP.,2,multiple_choice,
Pleiades Publishing,physical_mesomechanics,data_sharing_method,8. Recommended data sharing method,True,Language understanding,Public online repositories recommended in RDP.,2,multiple_choice,0.8
Pleiades Publishing,physical_mesomechanics,data_licenses,9. Recommended/required licenses,False,,No mention of data/code licenses in RDP.,2,multiple_choice,0.0
Pleiades Publishing,physical_mesomechanics,data_referee,10. Referee guidelines concerning research data,False,,Data sharing policy mentioned in refereeing guidelines.,2,multiple_choice,0.33
Pleiades Publishing,physical_mesomechanics,data_recommended,"11. Unique policies for data types
Please name all data types for which unique policies are recommended according to the RDP (Please separate all data types be semicolon, e.g. crystal structures; Protein sequence)",True,Formatting,no text,2,open,
Pleiades Publishing,physical_mesomechanics,data_required,"12. Unique policies for data types
Please name all data types for which unique policies are required according to the RDP (Please separate all data types be semicolon, e.g. crystal structures; Protein sequence)",True,Formatting,no text,2,open,
Pleiades Publishing,physical_mesomechanics,code_required,13. Code sharing requirements,False,,Code sharing encouraged but optional.,2,multiple_choice,0.5
Pleiades Publishing,physical_mesomechanics,code_reproducibility,14. Code Reproducibility,False,,No mention of dependencies for research code.,2,multiple_choice,0.0
Pleiades Publishing,physical_mesomechanics,code_versioning,15. Versioning and persistent identifiers,True,Language understanding,No mention of a persistent identifier or specifying a version of developed code.,2,multiple_choice,0.0
Pleiades Publishing,physical_mesomechanics,code_quality,16. Code Quality Standards,True,Language understanding,The journal policies do not mention any code quality standards.,2,multiple_choice,0.0
Pleiades Publishing,physical_mesomechanics,code_autotest,17. Automatic Testing,False,,No mention of automatic testing to verify code functionality.,2,multiple_choice,0.0
Pleiades Publishing,physical_mesomechanics,code_docs,18. Code Documentation,False,,No mention of standards for code documentation.,2,multiple_choice,0.0
Pleiades Publishing,physical_mesomechanics,code_linting,19. Linting Standards,False,,No mention of linting standards for code.,2,multiple_choice,0.0
Pleiades Publishing,physical_mesomechanics,code_development,20. Code Development,False,,No mention of standards for code development such as continuous integration.,2,multiple_choice,0.0
Pleiades Publishing,russian_journal_of_physical_chemistry_a,rdp_exist,1. Existence of research data policy,False,,Research Data Policy (RDP) exists.,2,multiple_choice,1.0
Pleiades Publishing,russian_journal_of_physical_chemistry_a,data_sharing,3. Data sharing requirements in RDP,False,,Data sharing encouraged but optional.,2,multiple_choice,0.0
Pleiades Publishing,russian_journal_of_physical_chemistry_a,data_fair,4. FAIR data sharing (see https://www.go-fair.org/fair-principles/ for a definition of FAIR),False,,Public data sharing on a FAIR repository not mentioned in RDP.,2,multiple_choice,0.0
Pleiades Publishing,russian_journal_of_physical_chemistry_a,data_availability,2. Data availability statement,True,Text not found,Required according to the RDP.,2,multiple_choice,1.0
Pleiades Publishing,russian_journal_of_physical_chemistry_a,data_citability,5. Citability and findability of data ,False,,DOIs or other persistent identifiers recommended for datasets or codes.,2,multiple_choice,0.5
Pleiades Publishing,russian_journal_of_physical_chemistry_a,data_timing,7. Timing of data release,False,,Timing of data availability not adressed in RDP.,2,multiple_choice,
Pleiades Publishing,russian_journal_of_physical_chemistry_a,data_sharing_method,8. Recommended data sharing method,True,Language understanding,No data sharing method recommended in RDP.,2,multiple_choice,0.0
Pleiades Publishing,russian_journal_of_physical_chemistry_a,data_licenses,9. Recommended/required licenses,False,,No mention of data/code licenses in RDP.,2,multiple_choice,0.0
Pleiades Publishing,russian_journal_of_physical_chemistry_a,data_referee,10. Referee guidelines concerning research data,True,Text not found,Data sharing policy mentioned in refereeing guidelines.,2,multiple_choice,0.33
Pleiades Publishing,russian_journal_of_physical_chemistry_a,data_recommended,"11. Unique policies for data types
Please name all data types for which unique policies are recommended according to the RDP (Please separate all data types be semicolon, e.g. crystal structures; Protein sequence)",True,Text not found,"Supply all supplementary material in standard file formats. Specialized format such as .pdb (chemical), .wrl (VRML), .nb (Mathematica notebook), and .tex can also be supplied.",2,open,
Pleiades Publishing,russian_journal_of_physical_chemistry_a,data_required,"12. Unique policies for data types
Please name all data types for which unique policies are required according to the RDP (Please separate all data types be semicolon, e.g. crystal structures; Protein sequence)",True,Formatting,n.a.,2,open,
Pleiades Publishing,russian_journal_of_physical_chemistry_a,code_required,13. Code sharing requirements,False,,Code sharing encouraged but optional.,2,multiple_choice,0.5
Pleiades Publishing,russian_journal_of_physical_chemistry_a,code_reproducibility,14. Code Reproducibility,False,,No mention of dependencies for research code.,2,multiple_choice,0.0
Pleiades Publishing,russian_journal_of_physical_chemistry_a,code_versioning,15. Versioning and persistent identifiers,True,Language understanding,No mention of a persistent identifier or specifying a version of developed code.,2,multiple_choice,0.0
Pleiades Publishing,russian_journal_of_physical_chemistry_a,code_quality,16. Code Quality Standards,True,Language understanding,The journal policies do not mention any code quality standards.,2,multiple_choice,0.0
Pleiades Publishing,russian_journal_of_physical_chemistry_a,code_autotest,17. Automatic Testing,False,,No mention of automatic testing to verify code functionality.,2,multiple_choice,0.0
Pleiades Publishing,russian_journal_of_physical_chemistry_a,code_docs,18. Code Documentation,False,,No mention of standards for code documentation.,2,multiple_choice,0.0
Pleiades Publishing,russian_journal_of_physical_chemistry_a,code_linting,19. Linting Standards,False,,No mention of linting standards for code.,2,multiple_choice,0.0
Pleiades Publishing,russian_journal_of_physical_chemistry_a,code_development,20. Code Development,False,,No mention of standards for code development such as continuous integration.,2,multiple_choice,0.0
Pleiades Publishing,membranes_and_membrane_technologies,rdp_exist,1. Existence of research data policy,False,,Research Data Policy (RDP) exists.,2,multiple_choice,1.0
Pleiades Publishing,membranes_and_membrane_technologies,data_sharing,3. Data sharing requirements in RDP,False,,Data sharing encouraged but optional.,2,multiple_choice,0.0
Pleiades Publishing,membranes_and_membrane_technologies,data_fair,4. FAIR data sharing (see https://www.go-fair.org/fair-principles/ for a definition of FAIR),False,,Public data sharing on a FAIR repository not mentioned in RDP.,2,multiple_choice,0.0
Pleiades Publishing,membranes_and_membrane_technologies,data_availability,2. Data availability statement,False,,Mentioned in the RDP but optional.,2,multiple_choice,0.5
Pleiades Publishing,membranes_and_membrane_technologies,data_citability,5. Citability and findability of data ,True,Text not found,DOIs or other persistent identifiers recommended for datasets or codes.,2,multiple_choice,0.5
Pleiades Publishing,membranes_and_membrane_technologies,data_timing,7. Timing of data release,False,,Timing of data availability not adressed in RDP.,2,multiple_choice,
Pleiades Publishing,membranes_and_membrane_technologies,data_sharing_method,8. Recommended data sharing method,True,Language understanding,Public online repositories recommended in RDP.,2,multiple_choice,0.8
Pleiades Publishing,membranes_and_membrane_technologies,data_licenses,9. Recommended/required licenses,False,,No mention of data/code licenses in RDP.,2,multiple_choice,0.0
Pleiades Publishing,membranes_and_membrane_technologies,data_referee,10. Referee guidelines concerning research data,True,Text not found,Data sharing policy mentioned in refereeing guidelines.,2,multiple_choice,0.33
Pleiades Publishing,membranes_and_membrane_technologies,data_recommended,"11. Unique policies for data types
Please name all data types for which unique policies are recommended according to the RDP (Please separate all data types be semicolon, e.g. crystal structures; Protein sequence)",True,Formatting,no text,2,open,
Pleiades Publishing,membranes_and_membrane_technologies,data_required,"12. Unique policies for data types
Please name all data types for which unique policies are required according to the RDP (Please separate all data types be semicolon, e.g. crystal structures; Protein sequence)",True,Formatting,no text,2,open,
Pleiades Publishing,membranes_and_membrane_technologies,code_required,13. Code sharing requirements,True,Text not found,Code sharing encouraged but optional.,2,multiple_choice,0.5
Pleiades Publishing,membranes_and_membrane_technologies,code_reproducibility,14. Code Reproducibility,False,,No mention of dependencies for research code.,2,multiple_choice,0.0
Pleiades Publishing,membranes_and_membrane_technologies,code_versioning,15. Versioning and persistent identifiers,True,Language understanding,No mention of a persistent identifier or specifying a version of developed code.,2,multiple_choice,0.0
Pleiades Publishing,membranes_and_membrane_technologies,code_quality,16. Code Quality Standards,True,Language understanding,The journal policies do not mention any code quality standards.,2,multiple_choice,0.0
Pleiades Publishing,membranes_and_membrane_technologies,code_autotest,17. Automatic Testing,False,,No mention of automatic testing to verify code functionality.,2,multiple_choice,0.0
Pleiades Publishing,membranes_and_membrane_technologies,code_docs,18. Code Documentation,False,,No mention of standards for code documentation.,2,multiple_choice,0.0
Pleiades Publishing,membranes_and_membrane_technologies,code_linting,19. Linting Standards,False,,No mention of linting standards for code.,2,multiple_choice,0.0
Pleiades Publishing,membranes_and_membrane_technologies,code_development,20. Code Development,False,,No mention of standards for code development such as continuous integration.,2,multiple_choice,0.0
Pleiades Publishing,atmospheric_and_oceanic_optics,rdp_exist,1. Existence of research data policy,False,,Research Data Policy (RDP) exists.,2,multiple_choice,1.0
Pleiades Publishing,atmospheric_and_oceanic_optics,data_sharing,3. Data sharing requirements in RDP,False,,Data sharing encouraged but optional.,2,multiple_choice,0.0
Pleiades Publishing,atmospheric_and_oceanic_optics,data_fair,4. FAIR data sharing (see https://www.go-fair.org/fair-principles/ for a definition of FAIR),False,,Public data sharing on a FAIR repository not mentioned in RDP.,2,multiple_choice,0.0
Pleiades Publishing,atmospheric_and_oceanic_optics,data_availability,2. Data availability statement,False,,Mentioned in the RDP but optional.,2,multiple_choice,0.5
Pleiades Publishing,atmospheric_and_oceanic_optics,data_citability,5. Citability and findability of data ,True,Text not found,DOIs or other persistent identifiers recommended for datasets or codes.,2,multiple_choice,0.5
Pleiades Publishing,atmospheric_and_oceanic_optics,data_timing,7. Timing of data release,False,,Timing of data availability not adressed in RDP.,2,multiple_choice,
Pleiades Publishing,atmospheric_and_oceanic_optics,data_sharing_method,8. Recommended data sharing method,True,Language understanding,Public online repositories recommended in RDP.,2,multiple_choice,0.8
Pleiades Publishing,atmospheric_and_oceanic_optics,data_licenses,9. Recommended/required licenses,False,,No mention of data/code licenses in RDP.,2,multiple_choice,0.0
Pleiades Publishing,atmospheric_and_oceanic_optics,data_referee,10. Referee guidelines concerning research data,True,Text not found,Data sharing policy mentioned in refereeing guidelines.,2,multiple_choice,0.33
Pleiades Publishing,atmospheric_and_oceanic_optics,data_recommended,"11. Unique policies for data types
Please name all data types for which unique policies are recommended according to the RDP (Please separate all data types be semicolon, e.g. crystal structures; Protein sequence)",True,Formatting,no text,2,open,
Pleiades Publishing,atmospheric_and_oceanic_optics,data_required,"12. Unique policies for data types
Please name all data types for which unique policies are required according to the RDP (Please separate all data types be semicolon, e.g. crystal structures; Protein sequence)",True,Formatting,no text,2,open,
Pleiades Publishing,atmospheric_and_oceanic_optics,code_required,13. Code sharing requirements,True,Text not found,Code sharing encouraged but optional.,2,multiple_choice,0.5
Pleiades Publishing,atmospheric_and_oceanic_optics,code_reproducibility,14. Code Reproducibility,False,,No mention of dependencies for research code.,2,multiple_choice,0.0
Pleiades Publishing,atmospheric_and_oceanic_optics,code_versioning,15. Versioning and persistent identifiers,True,Language understanding,No mention of a persistent identifier or specifying a version of developed code.,2,multiple_choice,0.0
Pleiades Publishing,atmospheric_and_oceanic_optics,code_quality,16. Code Quality Standards,True,Language understanding,The journal policies do not mention any code quality standards.,2,multiple_choice,0.0
Pleiades Publishing,atmospheric_and_oceanic_optics,code_autotest,17. Automatic Testing,False,,No mention of automatic testing to verify code functionality.,2,multiple_choice,0.0
Pleiades Publishing,atmospheric_and_oceanic_optics,code_docs,18. Code Documentation,False,,No mention of standards for code documentation.,2,multiple_choice,0.0
Pleiades Publishing,atmospheric_and_oceanic_optics,code_linting,19. Linting Standards,False,,No mention of linting standards for code.,2,multiple_choice,0.0
Pleiades Publishing,atmospheric_and_oceanic_optics,code_development,20. Code Development,False,,No mention of standards for code development such as continuous integration.,2,multiple_choice,0.0
Pleiades Publishing,russian_journal_of_general_chemistry,rdp_exist,1. Existence of research data policy,False,,Research Data Policy (RDP) exists.,2,multiple_choice,1.0
Pleiades Publishing,russian_journal_of_general_chemistry,data_sharing,3. Data sharing requirements in RDP,False,,Data sharing encouraged but optional.,2,multiple_choice,0.0
Pleiades Publishing,russian_journal_of_general_chemistry,data_fair,4. FAIR data sharing (see https://www.go-fair.org/fair-principles/ for a definition of FAIR),True,Language understanding,Public data sharing on a FAIR repository not mentioned in RDP.,2,multiple_choice,0.0
Pleiades Publishing,russian_journal_of_general_chemistry,data_availability,2. Data availability statement,False,,Mentioned in the RDP but optional.,2,multiple_choice,0.5
Pleiades Publishing,russian_journal_of_general_chemistry,data_citability,5. Citability and findability of data ,True,Text not found,DOIs or other persistent identifiers recommended for datasets or codes.,2,multiple_choice,0.5
Pleiades Publishing,russian_journal_of_general_chemistry,data_timing,7. Timing of data release,False,,Timing of data availability not adressed in RDP.,2,multiple_choice,
Pleiades Publishing,russian_journal_of_general_chemistry,data_sharing_method,8. Recommended data sharing method,True,Text not found,Public online repositories recommended in RDP.,2,multiple_choice,0.8
Pleiades Publishing,russian_journal_of_general_chemistry,data_licenses,9. Recommended/required licenses,False,,No mention of data/code licenses in RDP.,2,multiple_choice,0.0
Pleiades Publishing,russian_journal_of_general_chemistry,data_referee,10. Referee guidelines concerning research data,False,,Data sharing policy mentioned in refereeing guidelines.,2,multiple_choice,0.33
Pleiades Publishing,russian_journal_of_general_chemistry,data_recommended,"11. Unique policies for data types
Please name all data types for which unique policies are recommended according to the RDP (Please separate all data types be semicolon, e.g. crystal structures; Protein sequence)",True,Text not found,"Supply all supplementary material in standard file formats. Specialized format such as .pdb (chemical), .wrl (VRML), .nb (Mathematica notebook), and .tex can also be supplied.",2,open,
Pleiades Publishing,russian_journal_of_general_chemistry,data_required,"12. Unique policies for data types
Please name all data types for which unique policies are required according to the RDP (Please separate all data types be semicolon, e.g. crystal structures; Protein sequence)",True,Formatting,n.a.,2,open,
Pleiades Publishing,russian_journal_of_general_chemistry,code_required,13. Code sharing requirements,True,Language understanding,Code sharing encouraged but optional.,2,multiple_choice,0.5
Pleiades Publishing,russian_journal_of_general_chemistry,code_reproducibility,14. Code Reproducibility,False,,No mention of dependencies for research code.,2,multiple_choice,0.0
Pleiades Publishing,russian_journal_of_general_chemistry,code_versioning,15. Versioning and persistent identifiers,True,Language understanding,No mention of a persistent identifier or specifying a version of developed code.,2,multiple_choice,0.0
Pleiades Publishing,russian_journal_of_general_chemistry,code_quality,16. Code Quality Standards,True,Language understanding,The journal policies do not mention any code quality standards.,2,multiple_choice,0.0
Pleiades Publishing,russian_journal_of_general_chemistry,code_autotest,17. Automatic Testing,False,,No mention of automatic testing to verify code functionality.,2,multiple_choice,0.0
Pleiades Publishing,russian_journal_of_general_chemistry,code_docs,18. Code Documentation,False,,No mention of standards for code documentation.,2,multiple_choice,0.0
Pleiades Publishing,russian_journal_of_general_chemistry,code_linting,19. Linting Standards,False,,No mention of linting standards for code.,2,multiple_choice,0.0
Pleiades Publishing,russian_journal_of_general_chemistry,code_development,20. Code Development,False,,No mention of standards for code development such as continuous integration.,2,multiple_choice,0.0
Pleiades Publishing,journal_of_experimental_and_theoretical_physics,rdp_exist,1. Existence of research data policy,False,,Research Data Policy (RDP) exists.,2,multiple_choice,1.0
Pleiades Publishing,journal_of_experimental_and_theoretical_physics,data_sharing,3. Data sharing requirements in RDP,False,,Data sharing encouraged but optional.,2,multiple_choice,0.0
Pleiades Publishing,journal_of_experimental_and_theoretical_physics,data_fair,4. FAIR data sharing (see https://www.go-fair.org/fair-principles/ for a definition of FAIR),False,,Public data sharing on a FAIR repository not mentioned in RDP.,2,multiple_choice,0.0
Pleiades Publishing,journal_of_experimental_and_theoretical_physics,data_availability,2. Data availability statement,False,,Mentioned in the RDP but optional.,2,multiple_choice,0.5
Pleiades Publishing,journal_of_experimental_and_theoretical_physics,data_citability,5. Citability and findability of data ,True,Text not found,DOIs or other persistent identifiers recommended for datasets or codes.,2,multiple_choice,0.5
Pleiades Publishing,journal_of_experimental_and_theoretical_physics,data_timing,7. Timing of data release,False,,Timing of data availability not adressed in RDP.,2,multiple_choice,
Pleiades Publishing,journal_of_experimental_and_theoretical_physics,data_sharing_method,8. Recommended data sharing method,True,Language understanding,Public online repositories recommended in RDP.,2,multiple_choice,0.8
Pleiades Publishing,journal_of_experimental_and_theoretical_physics,data_licenses,9. Recommended/required licenses,False,,No mention of data/code licenses in RDP.,2,multiple_choice,0.0
Pleiades Publishing,journal_of_experimental_and_theoretical_physics,data_referee,10. Referee guidelines concerning research data,True,Text not found,Data sharing policy mentioned in refereeing guidelines.,2,multiple_choice,0.33
Pleiades Publishing,journal_of_experimental_and_theoretical_physics,data_recommended,"11. Unique policies for data types
Please name all data types for which unique policies are recommended according to the RDP (Please separate all data types be semicolon, e.g. crystal structures; Protein sequence)",True,Formatting,no text,2,open,
Pleiades Publishing,journal_of_experimental_and_theoretical_physics,data_required,"12. Unique policies for data types
Please name all data types for which unique policies are required according to the RDP (Please separate all data types be semicolon, e.g. crystal structures; Protein sequence)",True,Formatting,no text,2,open,
Pleiades Publishing,journal_of_experimental_and_theoretical_physics,code_required,13. Code sharing requirements,True,Text not found,Code sharing encouraged but optional.,2,multiple_choice,0.5
Pleiades Publishing,journal_of_experimental_and_theoretical_physics,code_reproducibility,14. Code Reproducibility,False,,No mention of dependencies for research code.,2,multiple_choice,0.0
Pleiades Publishing,journal_of_experimental_and_theoretical_physics,code_versioning,15. Versioning and persistent identifiers,True,Language understanding,No mention of a persistent identifier or specifying a version of developed code.,2,multiple_choice,0.0
Pleiades Publishing,journal_of_experimental_and_theoretical_physics,code_quality,16. Code Quality Standards,True,Language understanding,The journal policies do not mention any code quality standards.,2,multiple_choice,0.0
Pleiades Publishing,journal_of_experimental_and_theoretical_physics,code_autotest,17. Automatic Testing,False,,No mention of automatic testing to verify code functionality.,2,multiple_choice,0.0
Pleiades Publishing,journal_of_experimental_and_theoretical_physics,code_docs,18. Code Documentation,False,,No mention of standards for code documentation.,2,multiple_choice,0.0
Pleiades Publishing,journal_of_experimental_and_theoretical_physics,code_linting,19. Linting Standards,False,,No mention of linting standards for code.,2,multiple_choice,0.0
Pleiades Publishing,journal_of_experimental_and_theoretical_physics,code_development,20. Code Development,False,,No mention of standards for code development such as continuous integration.,2,multiple_choice,0.0
Pleiades Publishing,physics_of_metals_and_metallography,rdp_exist,1. Existence of research data policy,False,,Research Data Policy (RDP) exists.,2,multiple_choice,1.0
Pleiades Publishing,physics_of_metals_and_metallography,data_sharing,3. Data sharing requirements in RDP,False,,Data sharing encouraged but optional.,2,multiple_choice,0.0
Pleiades Publishing,physics_of_metals_and_metallography,data_fair,4. FAIR data sharing (see https://www.go-fair.org/fair-principles/ for a definition of FAIR),False,,Public data sharing on a FAIR repository not mentioned in RDP.,2,multiple_choice,0.0
Pleiades Publishing,physics_of_metals_and_metallography,data_availability,2. Data availability statement,False,,Mentioned in the RDP but optional.,2,multiple_choice,0.5
Pleiades Publishing,physics_of_metals_and_metallography,data_citability,5. Citability and findability of data ,True,Text not found,DOIs or other persistent identifiers recommended for datasets or codes.,2,multiple_choice,0.5
Pleiades Publishing,physics_of_metals_and_metallography,data_timing,7. Timing of data release,False,,Timing of data availability not adressed in RDP.,2,multiple_choice,
Pleiades Publishing,physics_of_metals_and_metallography,data_sharing_method,8. Recommended data sharing method,True,Language understanding,Public online repositories recommended in RDP.,2,multiple_choice,0.8
Pleiades Publishing,physics_of_metals_and_metallography,data_licenses,9. Recommended/required licenses,False,,No mention of data/code licenses in RDP.,2,multiple_choice,0.0
Pleiades Publishing,physics_of_metals_and_metallography,data_referee,10. Referee guidelines concerning research data,True,Text not found,Data sharing policy mentioned in refereeing guidelines.,2,multiple_choice,0.33
Pleiades Publishing,physics_of_metals_and_metallography,data_recommended,"11. Unique policies for data types
Please name all data types for which unique policies are recommended according to the RDP (Please separate all data types be semicolon, e.g. crystal structures; Protein sequence)",True,Formatting,no text,2,open,
Pleiades Publishing,physics_of_metals_and_metallography,data_required,"12. Unique policies for data types
Please name all data types for which unique policies are required according to the RDP (Please separate all data types be semicolon, e.g. crystal structures; Protein sequence)",True,Formatting,"This journal encourages authors to adopt RRIDs when reporting
key biological resources (antibodies, cell lines, model organisms and tools) in their manuscripts.",2,open,
Pleiades Publishing,physics_of_metals_and_metallography,code_required,13. Code sharing requirements,True,Text not found,Code sharing encouraged but optional.,2,multiple_choice,0.5
Pleiades Publishing,physics_of_metals_and_metallography,code_reproducibility,14. Code Reproducibility,False,,No mention of dependencies for research code.,2,multiple_choice,0.0
Pleiades Publishing,physics_of_metals_and_metallography,code_versioning,15. Versioning and persistent identifiers,False,,Journal policies encourage/recommend a persistent identifier or specifying a version of developed code.,2,multiple_choice,0.5
Pleiades Publishing,physics_of_metals_and_metallography,code_quality,16. Code Quality Standards,True,Language understanding,The journal policies do not mention any code quality standards.,2,multiple_choice,0.0
Pleiades Publishing,physics_of_metals_and_metallography,code_autotest,17. Automatic Testing,False,,No mention of automatic testing to verify code functionality.,2,multiple_choice,0.0
Pleiades Publishing,physics_of_metals_and_metallography,code_docs,18. Code Documentation,False,,No mention of standards for code documentation.,2,multiple_choice,0.0
Pleiades Publishing,physics_of_metals_and_metallography,code_linting,19. Linting Standards,False,,No mention of linting standards for code.,2,multiple_choice,0.0
Pleiades Publishing,physics_of_metals_and_metallography,code_development,20. Code Development,False,,No mention of standards for code development such as continuous integration.,2,multiple_choice,0.0
Pleiades Publishing,russian_journal_of_inorganic_chemistry,rdp_exist,1. Existence of research data policy,False,,Research Data Policy (RDP) exists.,2,multiple_choice,1.0
Pleiades Publishing,russian_journal_of_inorganic_chemistry,data_sharing,3. Data sharing requirements in RDP,False,,Data sharing encouraged but optional.,2,multiple_choice,0.0
Pleiades Publishing,russian_journal_of_inorganic_chemistry,data_fair,4. FAIR data sharing (see https://www.go-fair.org/fair-principles/ for a definition of FAIR),True,Language understanding,Public data sharing on a FAIR repository not mentioned in RDP.,2,multiple_choice,0.0
Pleiades Publishing,russian_journal_of_inorganic_chemistry,data_availability,2. Data availability statement,False,,Mentioned in the RDP but optional.,2,multiple_choice,0.5
Pleiades Publishing,russian_journal_of_inorganic_chemistry,data_citability,5. Citability and findability of data ,True,Text not found,DOIs or other persistent identifiers recommended for datasets or codes.,2,multiple_choice,0.5
Pleiades Publishing,russian_journal_of_inorganic_chemistry,data_timing,7. Timing of data release,False,,Timing of data availability not adressed in RDP.,2,multiple_choice,
Pleiades Publishing,russian_journal_of_inorganic_chemistry,data_sharing_method,8. Recommended data sharing method,True,Text not found,Public online repositories recommended in RDP.,2,multiple_choice,0.8
Pleiades Publishing,russian_journal_of_inorganic_chemistry,data_licenses,9. Recommended/required licenses,False,,No mention of data/code licenses in RDP.,2,multiple_choice,0.0
Pleiades Publishing,russian_journal_of_inorganic_chemistry,data_referee,10. Referee guidelines concerning research data,False,,Data sharing policy mentioned in refereeing guidelines.,2,multiple_choice,0.33
Pleiades Publishing,russian_journal_of_inorganic_chemistry,data_recommended,"11. Unique policies for data types
Please name all data types for which unique policies are recommended according to the RDP (Please separate all data types be semicolon, e.g. crystal structures; Protein sequence)",True,Text not found,"Supply all supplementary material in standard file formats. Specialized format such as .pdb (chemical), .wrl (VRML), .nb (Mathematica notebook), and .tex can also be supplied.",2,open,
Pleiades Publishing,russian_journal_of_inorganic_chemistry,data_required,"12. Unique policies for data types
Please name all data types for which unique policies are required according to the RDP (Please separate all data types be semicolon, e.g. crystal structures; Protein sequence)",True,Formatting,n.a.,2,open,
Pleiades Publishing,russian_journal_of_inorganic_chemistry,code_required,13. Code sharing requirements,True,Language understanding,Code sharing encouraged but optional.,2,multiple_choice,0.5
Pleiades Publishing,russian_journal_of_inorganic_chemistry,code_reproducibility,14. Code Reproducibility,False,,No mention of dependencies for research code.,2,multiple_choice,0.0
Pleiades Publishing,russian_journal_of_inorganic_chemistry,code_versioning,15. Versioning and persistent identifiers,True,Language understanding,No mention of a persistent identifier or specifying a version of developed code.,2,multiple_choice,0.0
Pleiades Publishing,russian_journal_of_inorganic_chemistry,code_quality,16. Code Quality Standards,True,Language understanding,The journal policies do not mention any code quality standards.,2,multiple_choice,0.0
Pleiades Publishing,russian_journal_of_inorganic_chemistry,code_autotest,17. Automatic Testing,False,,No mention of automatic testing to verify code functionality.,2,multiple_choice,0.0
Pleiades Publishing,russian_journal_of_inorganic_chemistry,code_docs,18. Code Documentation,False,,No mention of standards for code documentation.,2,multiple_choice,0.0
Pleiades Publishing,russian_journal_of_inorganic_chemistry,code_linting,19. Linting Standards,False,,No mention of linting standards for code.,2,multiple_choice,0.0
Pleiades Publishing,russian_journal_of_inorganic_chemistry,code_development,20. Code Development,False,,No mention of standards for code development such as continuous integration.,2,multiple_choice,0.0
RSC,energy_advances,rdp_exist,1. Existence of research data policy,False,,Research Data Policy (RDP) exists.,2,multiple_choice,1.0
RSC,energy_advances,data_sharing,3. Data sharing requirements in RDP,True,Text missing and language understanding,Public data sharing required only for specific types of data.,2,multiple_choice,0.75
RSC,energy_advances,data_fair,4. FAIR data sharing (see https://www.go-fair.org/fair-principles/ for a definition of FAIR),True,Text missing,Public data sharing on a FAIR repository required only for specific types of data (e.g. genetic data has to be shared on a FAIR repository but no other data).,2,multiple_choice,0.66
RSC,energy_advances,data_availability,2. Data availability statement,False,,Required according to the RDP.,2,multiple_choice,1.0
RSC,energy_advances,data_citability,5. Citability and findability of data ,False,,DOIs or other persistent identifiers recommended for datasets or codes.,2,multiple_choice,0.5
RSC,energy_advances,data_timing,7. Timing of data release,False,,Required data must be available prior to review process.,2,multiple_choice,1.0
RSC,energy_advances,data_sharing_method,8. Recommended data sharing method,False,,Multiple data sharing methods equally recommended in RDP.,2,multiple_choice,0.4
RSC,energy_advances,data_licenses,9. Recommended/required licenses,False,,No mention of data/code licenses in RDP.,2,multiple_choice,0.0
RSC,energy_advances,data_referee,10. Referee guidelines concerning research data,True,Text missing,Data sharing policy mentioned in refereeing guidelines.,2,multiple_choice,0.33
RSC,energy_advances,data_recommended,"11. Unique policies for data types
Please name all data types for which unique policies are recommended according to the RDP (Please separate all data types be semicolon, e.g. crystal structures; Protein sequence)",True,Text missing,"Crystal structure (organic / organometallic / metal organic); Crystal structure (biological); Crystal structure (inorganic);Crystal structure (powder); CryoEM; bio-NMR, Software / code; Models of biochemical reaction networks; Atomic coordinates; Input/configuration files and program output; Materials simulation data including electronic structure and molecular dynamics; Computational materials science; Computational chemistry files; NMR; IR / Raman; UV-vis; EPR; bio-NMR; Mass spectral data for small chemical molecules, metabolomics, exposomics; Electrophoretic gels and blots; Microscopy (e.g. SEM, TEM, STM); Coherent X-ray images; Bioimages, multidimensional life sciences image data (cell and tissue); Materials (Various); Materials simulation data including electronic structure and molecular dynamics; Computational materials science; All proteomics data; Proteomics mass spectrometry; Human geno- and phenotype data, epigenetics; Human genetic variation data (<=50bp), e.g.single-base nucleotide substitutions, small-scale deletion or insertions; Human genomic structural variation data (>50bp), e.g. insertions, deletions, translocations; Gene expression data, array- and sequence-based; High-throughput functional genomics data; Protein-protein, protein-DNA/RNA and molecular interactions; miRNA sequences and annotation; Metabolomics; Metabolomics; DNA & RNA sequence data; Genome sequence data; Metagenomics sequence data; Protein sequences;Atmospheric and earth observation research, environmental data; Environmental and ecological data; Geochemical, geochronological, and petrological data; Climate or Earth system research, climate model data; Functional enzymology data (kinetic and experimental data); Flow cytometry data; Protein circular dichroism and protein synchrotron radiation circular dichroism ; Intermolecular and supramolecular interactions of molecular systems, binding, assembly, and interaction phenomena; Batteries; Biomolecules; Catalysts; Characterisation of compounds and materials; Computational studies and modelling; Electrophoretic gels and blots;Fluorescence sensors; Inorganic and organometallic compounds; Macromolecular structure and sequence data; Magnetic measurements; Nanomaterials; Organic compounds; Polymers and macromolecules; Synthetic procedures; System models",2,open,
RSC,energy_advances,data_required,"12. Unique policies for data types
Please name all data types for which unique policies are required according to the RDP (Please separate all data types be semicolon, e.g. crystal structures; Protein sequence)",True,Text missing and Language understanding, reporting the efficiency of solar conversion devices;   reporting electrochemical data and setup of batteries.Crystal structure (organic / organometallic / metal organic) ,2,open,
RSC,energy_advances,code_required,13. Code sharing requirements,False,,Code sharing encouraged but optional.,2,multiple_choice,0.5
RSC,energy_advances,code_reproducibility,14. Code Reproducibility,False,,No mention of dependencies for research code.,2,multiple_choice,0.0
RSC,energy_advances,code_versioning,15. Versioning and persistent identifiers,True,Text missing,Journal policies encourage/recommend a persistent identifier or specifying a version of developed code.,2,multiple_choice,0.5
RSC,energy_advances,code_quality,16. Code Quality Standards,False,,The journal policies do not mention any code quality standards.,2,multiple_choice,0.0
RSC,energy_advances,code_autotest,17. Automatic Testing,False,,No mention of automatic testing to verify code functionality.,2,multiple_choice,0.0
RSC,energy_advances,code_docs,18. Code Documentation,True,Language understanding,No mention of standards for code documentation.,2,multiple_choice,0.0
RSC,energy_advances,code_linting,19. Linting Standards,False,,No mention of linting standards for code.,2,multiple_choice,0.0
RSC,energy_advances,code_development,20. Code Development,False,,No mention of standards for code development such as continuous integration.,2,multiple_choice,0.0
RSC,environmental_science_nano,rdp_exist,1. Existence of research data policy,False,,Research Data Policy (RDP) exists.,2,multiple_choice,1.0
RSC,environmental_science_nano,data_sharing,3. Data sharing requirements in RDP,True,Text missing and language understanding,Public data sharing required only for specific types of data.,2,multiple_choice,0.75
RSC,environmental_science_nano,data_fair,4. FAIR data sharing (see https://www.go-fair.org/fair-principles/ for a definition of FAIR),True,Text missing and language understanding,Public data sharing on a FAIR repository required only for specific types of data (e.g. genetic data has to be shared on a FAIR repository but no other data).,2,multiple_choice,0.66
RSC,environmental_science_nano,data_availability,2. Data availability statement,False,,Required according to the RDP.,2,multiple_choice,1.0
RSC,environmental_science_nano,data_citability,5. Citability and findability of data ,False,,DOIs or other persistent identifiers recommended for datasets or codes.,2,multiple_choice,0.5
RSC,environmental_science_nano,data_timing,7. Timing of data release,False,,Required data must be available prior to review process.,2,multiple_choice,1.0
RSC,environmental_science_nano,data_sharing_method,8. Recommended data sharing method,False,,Multiple data sharing methods equally recommended in RDP.,2,multiple_choice,0.4
RSC,environmental_science_nano,data_licenses,9. Recommended/required licenses,False,,No mention of data/code licenses in RDP.,2,multiple_choice,0.0
RSC,environmental_science_nano,data_referee,10. Referee guidelines concerning research data,True,Text missing,Data sharing policy mentioned in refereeing guidelines.,2,multiple_choice,0.33
RSC,environmental_science_nano,data_recommended,"11. Unique policies for data types
Please name all data types for which unique policies are recommended according to the RDP (Please separate all data types be semicolon, e.g. crystal structures; Protein sequence)",True,Text missing,"Crystal structure (organic / organometallic / metal organic); Crystal structure (biological); Crystal structure (inorganic);Crystal structure (powder); CryoEM; bio-NMR, Software / code; Models of biochemical reaction networks; Atomic coordinates; Input/configuration files and program output; Materials simulation data including electronic structure and molecular dynamics; Computational materials science; Computational chemistry files; NMR; IR / Raman; UV-vis; EPR; bio-NMR; Mass spectral data for small chemical molecules, metabolomics, exposomics; Electrophoretic gels and blots; Microscopy (e.g. SEM, TEM, STM); Coherent X-ray images; Bioimages, multidimensional life sciences image data (cell and tissue); Materials (Various); Materials simulation data including electronic structure and molecular dynamics; Computational materials science; All proteomics data; Proteomics mass spectrometry; Human geno- and phenotype data, epigenetics; Human genetic variation data (<=50bp), e.g.single-base nucleotide substitutions, small-scale deletion or insertions; Human genomic structural variation data (>50bp), e.g. insertions, deletions, translocations; Gene expression data, array- and sequence-based; High-throughput functional genomics data; Protein-protein, protein-DNA/RNA and molecular interactions; miRNA sequences and annotation; Metabolomics; Metabolomics; DNA & RNA sequence data; Genome sequence data; Metagenomics sequence data; Protein sequences;Atmospheric and earth observation research, environmental data; Environmental and ecological data; Geochemical, geochronological, and petrological data; Climate or Earth system research, climate model data; Functional enzymology data (kinetic and experimental data); Flow cytometry data; Protein circular dichroism and protein synchrotron radiation circular dichroism ; Intermolecular and supramolecular interactions of molecular systems, binding, assembly, and interaction phenomena; Batteries; Biomolecules; Catalysts; Characterisation of compounds and materials; Computational studies and modelling; Electrophoretic gels and blots;Fluorescence sensors; Inorganic and organometallic compounds; Macromolecular structure and sequence data; Magnetic measurements; Nanomaterials; Organic compounds; Polymers and macromolecules; Synthetic procedures; System models",2,open,
RSC,environmental_science_nano,data_required,"12. Unique policies for data types
Please name all data types for which unique policies are required according to the RDP (Please separate all data types be semicolon, e.g. crystal structures; Protein sequence)",True,Text missing,"Batteries.Crystal structure (organic / organometallic / metal organic), nanomaterials",2,open,
RSC,environmental_science_nano,code_required,13. Code sharing requirements,False,,Code sharing encouraged but optional.,2,multiple_choice,0.5
RSC,environmental_science_nano,code_reproducibility,14. Code Reproducibility,False,,No mention of dependencies for research code.,2,multiple_choice,0.0
RSC,environmental_science_nano,code_versioning,15. Versioning and persistent identifiers,True,Text missing,Journal policies encourage/recommend a persistent identifier or specifying a version of developed code.,2,multiple_choice,0.5
RSC,environmental_science_nano,code_quality,16. Code Quality Standards,False,,The journal policies do not mention any code quality standards.,2,multiple_choice,0.0
RSC,environmental_science_nano,code_autotest,17. Automatic Testing,False,,No mention of automatic testing to verify code functionality.,2,multiple_choice,0.0
RSC,environmental_science_nano,code_docs,18. Code Documentation,True,Language understanding,No mention of standards for code documentation.,2,multiple_choice,0.0
RSC,environmental_science_nano,code_linting,19. Linting Standards,False,,No mention of linting standards for code.,2,multiple_choice,0.0
RSC,environmental_science_nano,code_development,20. Code Development,False,,No mention of standards for code development such as continuous integration.,2,multiple_choice,0.0
RSC,physical_chemistry_chemical_physics,rdp_exist,1. Existence of research data policy,False,,Research Data Policy (RDP) exists.,2,multiple_choice,1.0
RSC,physical_chemistry_chemical_physics,data_sharing,3. Data sharing requirements in RDP,True,Text missing and language understanding,Public data sharing required only for specific types of data.,2,multiple_choice,0.75
RSC,physical_chemistry_chemical_physics,data_fair,4. FAIR data sharing (see https://www.go-fair.org/fair-principles/ for a definition of FAIR),True,Text missing,Public data sharing on a FAIR repository required only for specific types of data (e.g. genetic data has to be shared on a FAIR repository but no other data).,2,multiple_choice,0.66
RSC,physical_chemistry_chemical_physics,data_availability,2. Data availability statement,False,,Required according to the RDP.,2,multiple_choice,1.0
RSC,physical_chemistry_chemical_physics,data_citability,5. Citability and findability of data ,False,,DOIs or other persistent identifiers recommended for datasets or codes.,2,multiple_choice,0.5
RSC,physical_chemistry_chemical_physics,data_timing,7. Timing of data release,True,Text missing,Required data must be available prior to official publication.,2,multiple_choice,0.75
RSC,physical_chemistry_chemical_physics,data_sharing_method,8. Recommended data sharing method,False,,Multiple data sharing methods equally recommended in RDP.,2,multiple_choice,0.4
RSC,physical_chemistry_chemical_physics,data_licenses,9. Recommended/required licenses,False,,No mention of data/code licenses in RDP.,2,multiple_choice,0.0
RSC,physical_chemistry_chemical_physics,data_referee,10. Referee guidelines concerning research data,True,Text missing,Data sharing policy mentioned in refereeing guidelines.,2,multiple_choice,0.33
RSC,physical_chemistry_chemical_physics,data_recommended,"11. Unique policies for data types
Please name all data types for which unique policies are recommended according to the RDP (Please separate all data types be semicolon, e.g. crystal structures; Protein sequence)",True,Text missing,"Crystal structure (organic / organometallic / metal organic); Crystal structure (biological); Crystal structure (inorganic);Crystal structure (powder); CryoEM; bio-NMR, Software / code; Models of biochemical reaction networks; Atomic coordinates; Input/configuration files and program output; Materials simulation data including electronic structure and molecular dynamics; Computational materials science; Computational chemistry files; NMR; IR / Raman; UV-vis; EPR; bio-NMR; Mass spectral data for small chemical molecules, metabolomics, exposomics; Electrophoretic gels and blots; Microscopy (e.g. SEM, TEM, STM); Coherent X-ray images; Bioimages, multidimensional life sciences image data (cell and tissue); Materials (Various); Materials simulation data including electronic structure and molecular dynamics; Computational materials science; All proteomics data; Proteomics mass spectrometry; Human geno- and phenotype data, epigenetics; Human genetic variation data (<=50bp), e.g.single-base nucleotide substitutions, small-scale deletion or insertions; Human genomic structural variation data (>50bp), e.g. insertions, deletions, translocations; Gene expression data, array- and sequence-based; High-throughput functional genomics data; Protein-protein, protein-DNA/RNA and molecular interactions; miRNA sequences and annotation; Metabolomics; Metabolomics; DNA & RNA sequence data; Genome sequence data; Metagenomics sequence data; Protein sequences;Atmospheric and earth observation research, environmental data; Environmental and ecological data; Geochemical, geochronological, and petrological data; Climate or Earth system research, climate model data; Functional enzymology data (kinetic and experimental data); Flow cytometry data; Protein circular dichroism and protein synchrotron radiation circular dichroism ; Intermolecular and supramolecular interactions of molecular systems, binding, assembly, and interaction phenomena; Batteries; Biomolecules; Catalysts; Characterisation of compounds and materials; Computational studies and modelling; Electrophoretic gels and blots;Fluorescence sensors; Inorganic and organometallic compounds; Macromolecular structure and sequence data; Magnetic measurements; Nanomaterials; Organic compounds; Polymers and macromolecules; Synthetic procedures; System models",2,open,
RSC,physical_chemistry_chemical_physics,data_required,"12. Unique policies for data types
Please name all data types for which unique policies are required according to the RDP (Please separate all data types be semicolon, e.g. crystal structures; Protein sequence)",True,Text missing and Language understanding,"Batteries.Crystal structure (organic / organometallic / metal organic), nanomaterials",2,open,
RSC,physical_chemistry_chemical_physics,code_required,13. Code sharing requirements,False,,Code sharing encouraged but optional.,2,multiple_choice,0.5
RSC,physical_chemistry_chemical_physics,code_reproducibility,14. Code Reproducibility,False,,No mention of dependencies for research code.,2,multiple_choice,0.0
RSC,physical_chemistry_chemical_physics,code_versioning,15. Versioning and persistent identifiers,True,Text missing,Journal policies encourage/recommend a persistent identifier or specifying a version of developed code.,2,multiple_choice,0.5
RSC,physical_chemistry_chemical_physics,code_quality,16. Code Quality Standards,False,,The journal policies do not mention any code quality standards.,2,multiple_choice,0.0
RSC,physical_chemistry_chemical_physics,code_autotest,17. Automatic Testing,False,,No mention of automatic testing to verify code functionality.,2,multiple_choice,0.0
RSC,physical_chemistry_chemical_physics,code_docs,18. Code Documentation,True,Language understanding,No mention of standards for code documentation.,2,multiple_choice,0.0
RSC,physical_chemistry_chemical_physics,code_linting,19. Linting Standards,False,,No mention of linting standards for code.,2,multiple_choice,0.0
RSC,physical_chemistry_chemical_physics,code_development,20. Code Development,False,,No mention of standards for code development such as continuous integration.,2,multiple_choice,0.0
RSC,dalton_transactions,rdp_exist,1. Existence of research data policy,False,,Research Data Policy (RDP) exists.,2,multiple_choice,1.0
RSC,dalton_transactions,data_sharing,3. Data sharing requirements in RDP,True,Text missing and language understanding,Public data sharing required only for specific types of data.,2,multiple_choice,0.75
RSC,dalton_transactions,data_fair,4. FAIR data sharing (see https://www.go-fair.org/fair-principles/ for a definition of FAIR),True,Text missing,Public data sharing on a FAIR repository required only for specific types of data (e.g. genetic data has to be shared on a FAIR repository but no other data).,2,multiple_choice,0.66
RSC,dalton_transactions,data_availability,2. Data availability statement,False,,Required according to the RDP.,2,multiple_choice,1.0
RSC,dalton_transactions,data_citability,5. Citability and findability of data ,False,,DOIs or other persistent identifiers recommended for datasets or codes.,2,multiple_choice,0.5
RSC,dalton_transactions,data_timing,7. Timing of data release,False,,Required data must be available prior to review process.,2,multiple_choice,1.0
RSC,dalton_transactions,data_sharing_method,8. Recommended data sharing method,False,,Multiple data sharing methods equally recommended in RDP.,2,multiple_choice,0.4
RSC,dalton_transactions,data_licenses,9. Recommended/required licenses,False,,No mention of data/code licenses in RDP.,2,multiple_choice,0.0
RSC,dalton_transactions,data_referee,10. Referee guidelines concerning research data,True,Text missing,Data sharing policy mentioned in refereeing guidelines.,2,multiple_choice,0.33
RSC,dalton_transactions,data_recommended,"11. Unique policies for data types
Please name all data types for which unique policies are recommended according to the RDP (Please separate all data types be semicolon, e.g. crystal structures; Protein sequence)",True,Text missing,"Crystal structure (organic / organometallic / metal organic); Crystal structure (biological); Crystal structure (inorganic);Crystal structure (powder); CryoEM; bio-NMR, Software / code; Models of biochemical reaction networks; Atomic coordinates; Input/configuration files and program output; Materials simulation data including electronic structure and molecular dynamics; Computational materials science; Computational chemistry files; NMR; IR / Raman; UV-vis; EPR; bio-NMR; Mass spectral data for small chemical molecules, metabolomics, exposomics; Electrophoretic gels and blots; Microscopy (e.g. SEM, TEM, STM); Coherent X-ray images; Bioimages, multidimensional life sciences image data (cell and tissue); Materials (Various); Materials simulation data including electronic structure and molecular dynamics; Computational materials science; All proteomics data; Proteomics mass spectrometry; Human geno- and phenotype data, epigenetics; Human genetic variation data (<=50bp), e.g.single-base nucleotide substitutions, small-scale deletion or insertions; Human genomic structural variation data (>50bp), e.g. insertions, deletions, translocations; Gene expression data, array- and sequence-based; High-throughput functional genomics data; Protein-protein, protein-DNA/RNA and molecular interactions; miRNA sequences and annotation; Metabolomics; Metabolomics; DNA & RNA sequence data; Genome sequence data; Metagenomics sequence data; Protein sequences;Atmospheric and earth observation research, environmental data; Environmental and ecological data; Geochemical, geochronological, and petrological data; Climate or Earth system research, climate model data; Functional enzymology data (kinetic and experimental data); Flow cytometry data; Protein circular dichroism and protein synchrotron radiation circular dichroism ; Intermolecular and supramolecular interactions of molecular systems, binding, assembly, and interaction phenomena; Batteries; Biomolecules; Catalysts; Characterisation of compounds and materials; Computational studies and modelling; Electrophoretic gels and blots;Fluorescence sensors; Inorganic and organometallic compounds; Macromolecular structure and sequence data; Magnetic measurements; Nanomaterials; Organic compounds; Polymers and macromolecules; Synthetic procedures; System models",2,open,
RSC,dalton_transactions,data_required,"12. Unique policies for data types
Please name all data types for which unique policies are required according to the RDP (Please separate all data types be semicolon, e.g. crystal structures; Protein sequence)",True,Text missing,"Batteries.Crystal structure (organic / organometallic / metal organic), Inorganic and organometallic compounds",2,open,
RSC,dalton_transactions,code_required,13. Code sharing requirements,False,,Code sharing encouraged but optional.,2,multiple_choice,0.5
RSC,dalton_transactions,code_reproducibility,14. Code Reproducibility,False,,No mention of dependencies for research code.,2,multiple_choice,0.0
RSC,dalton_transactions,code_versioning,15. Versioning and persistent identifiers,True,Text missing,Journal policies encourage/recommend a persistent identifier or specifying a version of developed code.,2,multiple_choice,0.5
RSC,dalton_transactions,code_quality,16. Code Quality Standards,False,,The journal policies do not mention any code quality standards.,2,multiple_choice,0.0
RSC,dalton_transactions,code_autotest,17. Automatic Testing,False,,No mention of automatic testing to verify code functionality.,2,multiple_choice,0.0
RSC,dalton_transactions,code_docs,18. Code Documentation,True,Text missing and  language understanding,No mention of standards for code documentation.,2,multiple_choice,0.0
RSC,dalton_transactions,code_linting,19. Linting Standards,False,,No mention of linting standards for code.,2,multiple_choice,0.0
RSC,dalton_transactions,code_development,20. Code Development,False,,No mention of standards for code development such as continuous integration.,2,multiple_choice,0.0
RSC,energy_and_environmental_science,rdp_exist,1. Existence of research data policy,False,,Research Data Policy (RDP) exists.,2,multiple_choice,1.0
RSC,energy_and_environmental_science,data_sharing,3. Data sharing requirements in RDP,True,Text missing and language understanding,Public data sharing required only for specific types of data.,2,multiple_choice,0.75
RSC,energy_and_environmental_science,data_fair,4. FAIR data sharing (see https://www.go-fair.org/fair-principles/ for a definition of FAIR),True,Text missing and language understanding,Public data sharing on a FAIR repository required only for specific types of data (e.g. genetic data has to be shared on a FAIR repository but no other data).,2,multiple_choice,0.66
RSC,energy_and_environmental_science,data_availability,2. Data availability statement,False,,Required according to the RDP.,2,multiple_choice,1.0
RSC,energy_and_environmental_science,data_citability,5. Citability and findability of data ,False,,DOIs or other persistent identifiers recommended for datasets or codes.,2,multiple_choice,0.5
RSC,energy_and_environmental_science,data_timing,7. Timing of data release,False,,Required data must be available prior to review process.,2,multiple_choice,1.0
RSC,energy_and_environmental_science,data_sharing_method,8. Recommended data sharing method,False,,Multiple data sharing methods equally recommended in RDP.,2,multiple_choice,0.4
RSC,energy_and_environmental_science,data_licenses,9. Recommended/required licenses,False,,No mention of data/code licenses in RDP.,2,multiple_choice,0.0
RSC,energy_and_environmental_science,data_referee,10. Referee guidelines concerning research data,True,Text missing,Data sharing policy mentioned in refereeing guidelines.,2,multiple_choice,0.33
RSC,energy_and_environmental_science,data_recommended,"11. Unique policies for data types
Please name all data types for which unique policies are recommended according to the RDP (Please separate all data types be semicolon, e.g. crystal structures; Protein sequence)",True,Text missing,"Crystal structure (organic / organometallic / metal organic); Crystal structure (biological); Crystal structure (inorganic);Crystal structure (powder); CryoEM; bio-NMR, Software / code; Models of biochemical reaction networks; Atomic coordinates; Input/configuration files and program output; Materials simulation data including electronic structure and molecular dynamics; Computational materials science; Computational chemistry files; NMR; IR / Raman; UV-vis; EPR; bio-NMR; Mass spectral data for small chemical molecules, metabolomics, exposomics; Electrophoretic gels and blots; Microscopy (e.g. SEM, TEM, STM); Coherent X-ray images; Bioimages, multidimensional life sciences image data (cell and tissue); Materials (Various); Materials simulation data including electronic structure and molecular dynamics; Computational materials science; All proteomics data; Proteomics mass spectrometry; Human geno- and phenotype data, epigenetics; Human genetic variation data (<=50bp), e.g.single-base nucleotide substitutions, small-scale deletion or insertions; Human genomic structural variation data (>50bp), e.g. insertions, deletions, translocations; Gene expression data, array- and sequence-based; High-throughput functional genomics data; Protein-protein, protein-DNA/RNA and molecular interactions; miRNA sequences and annotation; Metabolomics; Metabolomics; DNA & RNA sequence data; Genome sequence data; Metagenomics sequence data; Protein sequences;Atmospheric and earth observation research, environmental data; Environmental and ecological data; Geochemical, geochronological, and petrological data; Climate or Earth system research, climate model data; Functional enzymology data (kinetic and experimental data); Flow cytometry data; Protein circular dichroism and protein synchrotron radiation circular dichroism ; Intermolecular and supramolecular interactions of molecular systems, binding, assembly, and interaction phenomena; Batteries; Biomolecules; Catalysts; Characterisation of compounds and materials; Computational studies and modelling; Electrophoretic gels and blots;Fluorescence sensors; Inorganic and organometallic compounds; Macromolecular structure and sequence data; Magnetic measurements; Nanomaterials; Organic compounds; Polymers and macromolecules; Synthetic procedures; System models",2,open,
RSC,energy_and_environmental_science,data_required,"12. Unique policies for data types
Please name all data types for which unique policies are required according to the RDP (Please separate all data types be semicolon, e.g. crystal structures; Protein sequence)",True,Text missing, reporting the efficiency of solar conversion devices;   reporting electrochemical data and setup of batteries.Crystal structure (organic / organometallic / metal organic) ,2,open,
RSC,energy_and_environmental_science,code_required,13. Code sharing requirements,False,,Code sharing encouraged but optional.,2,multiple_choice,0.5
RSC,energy_and_environmental_science,code_reproducibility,14. Code Reproducibility,False,,No mention of dependencies for research code.,2,multiple_choice,0.0
RSC,energy_and_environmental_science,code_versioning,15. Versioning and persistent identifiers,True,Text missing,Journal policies encourage/recommend a persistent identifier or specifying a version of developed code.,2,multiple_choice,0.5
RSC,energy_and_environmental_science,code_quality,16. Code Quality Standards,False,,The journal policies do not mention any code quality standards.,2,multiple_choice,0.0
RSC,energy_and_environmental_science,code_autotest,17. Automatic Testing,False,,No mention of automatic testing to verify code functionality.,2,multiple_choice,0.0
RSC,energy_and_environmental_science,code_docs,18. Code Documentation,True,Language understanding,No mention of standards for code documentation.,2,multiple_choice,0.0
RSC,energy_and_environmental_science,code_linting,19. Linting Standards,False,,No mention of linting standards for code.,2,multiple_choice,0.0
RSC,energy_and_environmental_science,code_development,20. Code Development,False,,No mention of standards for code development such as continuous integration.,2,multiple_choice,0.0
RSC,digital_discovery,rdp_exist,1. Existence of research data policy,False,,Research Data Policy (RDP) exists.,2,multiple_choice,1.0
RSC,digital_discovery,data_sharing,3. Data sharing requirements in RDP,True,Text missing and language understanding,Public data sharing required only for specific types of data.,2,multiple_choice,0.75
RSC,digital_discovery,data_fair,4. FAIR data sharing (see https://www.go-fair.org/fair-principles/ for a definition of FAIR),True,Text missing,Public data sharing on a FAIR repository required only for specific types of data (e.g. genetic data has to be shared on a FAIR repository but no other data).,2,multiple_choice,0.66
RSC,digital_discovery,data_availability,2. Data availability statement,False,,Required according to the RDP.,2,multiple_choice,1.0
RSC,digital_discovery,data_citability,5. Citability and findability of data ,False,,DOIs or other persistent identifiers recommended for datasets or codes.,2,multiple_choice,0.5
RSC,digital_discovery,data_timing,7. Timing of data release,False,,Required data must be available prior to review process.,2,multiple_choice,1.0
RSC,digital_discovery,data_sharing_method,8. Recommended data sharing method,False,,Multiple data sharing methods equally recommended in RDP.,2,multiple_choice,0.4
RSC,digital_discovery,data_licenses,9. Recommended/required licenses,False,,No mention of data/code licenses in RDP.,2,multiple_choice,0.0
RSC,digital_discovery,data_referee,10. Referee guidelines concerning research data,True,Text missing,Additional data or code referee (referee that solely confirms that code and data are shared following the RDP).,2,multiple_choice,1.0
RSC,digital_discovery,data_recommended,"11. Unique policies for data types
Please name all data types for which unique policies are recommended according to the RDP (Please separate all data types be semicolon, e.g. crystal structures; Protein sequence)",True,Text missing,"Crystal structure (organic / organometallic / metal organic); Crystal structure (biological); Crystal structure (inorganic);Crystal structure (powder); CryoEM; bio-NMR, Software / code; Models of biochemical reaction networks; Atomic coordinates; Input/configuration files and program output; Materials simulation data including electronic structure and molecular dynamics; Computational materials science; Computational chemistry files; NMR; IR / Raman; UV-vis; EPR; bio-NMR; Mass spectral data for small chemical molecules, metabolomics, exposomics; Electrophoretic gels and blots; Microscopy (e.g. SEM, TEM, STM); Coherent X-ray images; Bioimages, multidimensional life sciences image data (cell and tissue); Materials (Various); Materials simulation data including electronic structure and molecular dynamics; Computational materials science; All proteomics data; Proteomics mass spectrometry; Human geno- and phenotype data, epigenetics; Human genetic variation data (<=50bp), e.g.single-base nucleotide substitutions, small-scale deletion or insertions; Human genomic structural variation data (>50bp), e.g. insertions, deletions, translocations; Gene expression data, array- and sequence-based; High-throughput functional genomics data; Protein-protein, protein-DNA/RNA and molecular interactions; miRNA sequences and annotation; Metabolomics; Metabolomics; DNA & RNA sequence data; Genome sequence data; Metagenomics sequence data; Protein sequences;Atmospheric and earth observation research, environmental data; Environmental and ecological data; Geochemical, geochronological, and petrological data; Climate or Earth system research, climate model data; Functional enzymology data (kinetic and experimental data); Flow cytometry data; Protein circular dichroism and protein synchrotron radiation circular dichroism ; Intermolecular and supramolecular interactions of molecular systems, binding, assembly, and interaction phenomena; Batteries; Biomolecules; Catalysts; Characterisation of compounds and materials; Computational studies and modelling; Electrophoretic gels and blots;Fluorescence sensors; Inorganic and organometallic compounds; Macromolecular structure and sequence data; Magnetic measurements; Nanomaterials; Organic compounds; Polymers and macromolecules; Synthetic procedures; System models;Batteries",2,open,
RSC,digital_discovery,data_required,"12. Unique policies for data types
Please name all data types for which unique policies are required according to the RDP (Please separate all data types be semicolon, e.g. crystal structures; Protein sequence)",True,Text missing, Crystal structure (organic / organometallic / metal organic); code; hardware,2,open,
RSC,digital_discovery,code_required,13. Code sharing requirements,False,,Code sharing encouraged but optional.,2,multiple_choice,0.5
RSC,digital_discovery,code_reproducibility,14. Code Reproducibility,False,,No mention of dependencies for research code.,2,multiple_choice,0.0
RSC,digital_discovery,code_versioning,15. Versioning and persistent identifiers,True,Text missing,Journal policies encourage/recommend a persistent identifier or specifying a version of developed code.,2,multiple_choice,0.5
RSC,digital_discovery,code_quality,16. Code Quality Standards,False,,The journal policies do not mention any code quality standards.,2,multiple_choice,0.0
RSC,digital_discovery,code_autotest,17. Automatic Testing,False,,No mention of automatic testing to verify code functionality.,2,multiple_choice,0.0
RSC,digital_discovery,code_docs,18. Code Documentation,True,Language understanding,No mention of standards for code documentation.,2,multiple_choice,0.0
RSC,digital_discovery,code_linting,19. Linting Standards,False,,No mention of linting standards for code.,2,multiple_choice,0.0
RSC,digital_discovery,code_development,20. Code Development,False,,No mention of standards for code development such as continuous integration.,2,multiple_choice,0.0
RSC,nanoscale_advances,rdp_exist,1. Existence of research data policy,False,,Research Data Policy (RDP) exists.,2,multiple_choice,1.0
RSC,nanoscale_advances,data_sharing,3. Data sharing requirements in RDP,True,Text missing and language understanding,Public data sharing required only for specific types of data.,2,multiple_choice,0.75
RSC,nanoscale_advances,data_fair,4. FAIR data sharing (see https://www.go-fair.org/fair-principles/ for a definition of FAIR),True,Text missing,Public data sharing on a FAIR repository required only for specific types of data (e.g. genetic data has to be shared on a FAIR repository but no other data).,2,multiple_choice,0.66
RSC,nanoscale_advances,data_availability,2. Data availability statement,False,,Required according to the RDP.,2,multiple_choice,1.0
RSC,nanoscale_advances,data_citability,5. Citability and findability of data ,False,,DOIs or other persistent identifiers recommended for datasets or codes.,2,multiple_choice,0.5
RSC,nanoscale_advances,data_timing,7. Timing of data release,True,Text missing,Required data must be available prior to official publication.,2,multiple_choice,0.75
RSC,nanoscale_advances,data_sharing_method,8. Recommended data sharing method,False,,Multiple data sharing methods equally recommended in RDP.,2,multiple_choice,0.4
RSC,nanoscale_advances,data_licenses,9. Recommended/required licenses,False,,No mention of data/code licenses in RDP.,2,multiple_choice,0.0
RSC,nanoscale_advances,data_referee,10. Referee guidelines concerning research data,True,Text missing,Data sharing policy mentioned in refereeing guidelines.,2,multiple_choice,0.33
RSC,nanoscale_advances,data_recommended,"11. Unique policies for data types
Please name all data types for which unique policies are recommended according to the RDP (Please separate all data types be semicolon, e.g. crystal structures; Protein sequence)",True,Text missing,"Crystal structure (organic / organometallic / metal organic); Crystal structure (biological); Crystal structure (inorganic);Crystal structure (powder); CryoEM; bio-NMR, Software / code; Models of biochemical reaction networks; Atomic coordinates; Input/configuration files and program output; Materials simulation data including electronic structure and molecular dynamics; Computational materials science; Computational chemistry files; NMR; IR / Raman; UV-vis; EPR; bio-NMR; Mass spectral data for small chemical molecules, metabolomics, exposomics; Electrophoretic gels and blots; Microscopy (e.g. SEM, TEM, STM); Coherent X-ray images; Bioimages, multidimensional life sciences image data (cell and tissue); Materials (Various); Materials simulation data including electronic structure and molecular dynamics; Computational materials science; All proteomics data; Proteomics mass spectrometry; Human geno- and phenotype data, epigenetics; Human genetic variation data (<=50bp), e.g.single-base nucleotide substitutions, small-scale deletion or insertions; Human genomic structural variation data (>50bp), e.g. insertions, deletions, translocations; Gene expression data, array- and sequence-based; High-throughput functional genomics data; Protein-protein, protein-DNA/RNA and molecular interactions; miRNA sequences and annotation; Metabolomics; Metabolomics; DNA & RNA sequence data; Genome sequence data; Metagenomics sequence data; Protein sequences;Atmospheric and earth observation research, environmental data; Environmental and ecological data; Geochemical, geochronological, and petrological data; Climate or Earth system research, climate model data; Functional enzymology data (kinetic and experimental data); Flow cytometry data; Protein circular dichroism and protein synchrotron radiation circular dichroism ; Intermolecular and supramolecular interactions of molecular systems, binding, assembly, and interaction phenomena; Batteries; Biomolecules; Catalysts; Characterisation of compounds and materials; Computational studies and modelling; Electrophoretic gels and blots;Fluorescence sensors; Inorganic and organometallic compounds; Macromolecular structure and sequence data; Magnetic measurements; Nanomaterials; Organic compounds; Polymers and macromolecules; Synthetic procedures; System models",2,open,
RSC,nanoscale_advances,data_required,"12. Unique policies for data types
Please name all data types for which unique policies are required according to the RDP (Please separate all data types be semicolon, e.g. crystal structures; Protein sequence)",True,Text missing and Language understanding,"Batteries.Crystal structure (organic / organometallic / metal organic), nanomaterials",2,open,
RSC,nanoscale_advances,code_required,13. Code sharing requirements,False,,Code sharing encouraged but optional.,2,multiple_choice,0.5
RSC,nanoscale_advances,code_reproducibility,14. Code Reproducibility,False,,No mention of dependencies for research code.,2,multiple_choice,0.0
RSC,nanoscale_advances,code_versioning,15. Versioning and persistent identifiers,True,Text missing,Journal policies encourage/recommend a persistent identifier or specifying a version of developed code.,2,multiple_choice,0.5
RSC,nanoscale_advances,code_quality,16. Code Quality Standards,False,,The journal policies do not mention any code quality standards.,2,multiple_choice,0.0
RSC,nanoscale_advances,code_autotest,17. Automatic Testing,False,,No mention of automatic testing to verify code functionality.,2,multiple_choice,0.0
RSC,nanoscale_advances,code_docs,18. Code Documentation,True,Language understanding,No mention of standards for code documentation.,2,multiple_choice,0.0
RSC,nanoscale_advances,code_linting,19. Linting Standards,False,,No mention of linting standards for code.,2,multiple_choice,0.0
RSC,nanoscale_advances,code_development,20. Code Development,False,,No mention of standards for code development such as continuous integration.,2,multiple_choice,0.0
RSC,journal_of_materials_chemistry_a,rdp_exist,1. Existence of research data policy,False,,Research Data Policy (RDP) exists.,2,multiple_choice,1.0
RSC,journal_of_materials_chemistry_a,data_sharing,3. Data sharing requirements in RDP,True,Text missing and language understanding,Public data sharing required only for specific types of data.,2,multiple_choice,0.75
RSC,journal_of_materials_chemistry_a,data_fair,4. FAIR data sharing (see https://www.go-fair.org/fair-principles/ for a definition of FAIR),True,Text missing,Public data sharing on a FAIR repository required only for specific types of data (e.g. genetic data has to be shared on a FAIR repository but no other data).,2,multiple_choice,0.66
RSC,journal_of_materials_chemistry_a,data_availability,2. Data availability statement,False,,Required according to the RDP.,2,multiple_choice,1.0
RSC,journal_of_materials_chemistry_a,data_citability,5. Citability and findability of data ,False,,DOIs or other persistent identifiers recommended for datasets or codes.,2,multiple_choice,0.5
RSC,journal_of_materials_chemistry_a,data_timing,7. Timing of data release,False,,Required data must be available prior to review process.,2,multiple_choice,1.0
RSC,journal_of_materials_chemistry_a,data_sharing_method,8. Recommended data sharing method,False,,Multiple data sharing methods equally recommended in RDP.,2,multiple_choice,0.4
RSC,journal_of_materials_chemistry_a,data_licenses,9. Recommended/required licenses,False,,No mention of data/code licenses in RDP.,2,multiple_choice,0.0
RSC,journal_of_materials_chemistry_a,data_referee,10. Referee guidelines concerning research data,True,Text missing,Data sharing policy mentioned in refereeing guidelines.,2,multiple_choice,0.33
RSC,journal_of_materials_chemistry_a,data_recommended,"11. Unique policies for data types
Please name all data types for which unique policies are recommended according to the RDP (Please separate all data types be semicolon, e.g. crystal structures; Protein sequence)",True,Text missing,"Crystal structure (organic / organometallic / metal organic); Crystal structure (biological); Crystal structure (inorganic);Crystal structure (powder); CryoEM; bio-NMR, Software / code; Models of biochemical reaction networks; Atomic coordinates; Input/configuration files and program output; Materials simulation data including electronic structure and molecular dynamics; Computational materials science; Computational chemistry files; NMR; IR / Raman; UV-vis; EPR; bio-NMR; Mass spectral data for small chemical molecules, metabolomics, exposomics; Electrophoretic gels and blots; Microscopy (e.g. SEM, TEM, STM); Coherent X-ray images; Bioimages, multidimensional life sciences image data (cell and tissue); Materials (Various); Materials simulation data including electronic structure and molecular dynamics; Computational materials science; All proteomics data; Proteomics mass spectrometry; Human geno- and phenotype data, epigenetics; Human genetic variation data (<=50bp), e.g.single-base nucleotide substitutions, small-scale deletion or insertions; Human genomic structural variation data (>50bp), e.g. insertions, deletions, translocations; Gene expression data, array- and sequence-based; High-throughput functional genomics data; Protein-protein, protein-DNA/RNA and molecular interactions; miRNA sequences and annotation; Metabolomics; Metabolomics; DNA & RNA sequence data; Genome sequence data; Metagenomics sequence data; Protein sequences;Atmospheric and earth observation research, environmental data; Environmental and ecological data; Geochemical, geochronological, and petrological data; Climate or Earth system research, climate model data; Functional enzymology data (kinetic and experimental data); Flow cytometry data; Protein circular dichroism and protein synchrotron radiation circular dichroism ; Intermolecular and supramolecular interactions of molecular systems, binding, assembly, and interaction phenomena; Batteries; Biomolecules; Catalysts; Characterisation of compounds and materials; Computational studies and modelling; Electrophoretic gels and blots;Fluorescence sensors; Inorganic and organometallic compounds; Macromolecular structure and sequence data; Magnetic measurements; Nanomaterials; Organic compounds; Polymers and macromolecules; Synthetic procedures; System models",2,open,
RSC,journal_of_materials_chemistry_a,data_required,"12. Unique policies for data types
Please name all data types for which unique policies are required according to the RDP (Please separate all data types be semicolon, e.g. crystal structures; Protein sequence)",True,Text missing and Language understanding, reporting the efficiency of solar conversion devices;   reporting electrochemical data and setup of batteries.Crystal structure (organic / organometallic / metal organic) ,2,open,
RSC,journal_of_materials_chemistry_a,code_required,13. Code sharing requirements,False,,Code sharing encouraged but optional.,2,multiple_choice,0.5
RSC,journal_of_materials_chemistry_a,code_reproducibility,14. Code Reproducibility,False,,No mention of dependencies for research code.,2,multiple_choice,0.0
RSC,journal_of_materials_chemistry_a,code_versioning,15. Versioning and persistent identifiers,True,Text missing,Journal policies encourage/recommend a persistent identifier or specifying a version of developed code.,2,multiple_choice,0.5
RSC,journal_of_materials_chemistry_a,code_quality,16. Code Quality Standards,False,,The journal policies do not mention any code quality standards.,2,multiple_choice,0.0
RSC,journal_of_materials_chemistry_a,code_autotest,17. Automatic Testing,False,,No mention of automatic testing to verify code functionality.,2,multiple_choice,0.0
RSC,journal_of_materials_chemistry_a,code_docs,18. Code Documentation,True,Language understanding,No mention of standards for code documentation.,2,multiple_choice,0.0
RSC,journal_of_materials_chemistry_a,code_linting,19. Linting Standards,False,,No mention of linting standards for code.,2,multiple_choice,0.0
RSC,journal_of_materials_chemistry_a,code_development,20. Code Development,False,,No mention of standards for code development such as continuous integration.,2,multiple_choice,0.0
RSC,chemical_communications,rdp_exist,1. Existence of research data policy,False,,Research Data Policy (RDP) exists.,2,multiple_choice,1.0
RSC,chemical_communications,data_sharing,3. Data sharing requirements in RDP,True,Text missing and language understanding,Public data sharing required only for specific types of data.,2,multiple_choice,0.75
RSC,chemical_communications,data_fair,4. FAIR data sharing (see https://www.go-fair.org/fair-principles/ for a definition of FAIR),True,Text missing,Public data sharing on a FAIR repository required only for specific types of data (e.g. genetic data has to be shared on a FAIR repository but no other data).,2,multiple_choice,0.66
RSC,chemical_communications,data_availability,2. Data availability statement,False,,Required according to the RDP.,2,multiple_choice,1.0
RSC,chemical_communications,data_citability,5. Citability and findability of data ,False,,DOIs or other persistent identifiers recommended for datasets or codes.,2,multiple_choice,0.5
RSC,chemical_communications,data_timing,7. Timing of data release,False,,Required data must be available prior to review process.,2,multiple_choice,1.0
RSC,chemical_communications,data_sharing_method,8. Recommended data sharing method,False,,Multiple data sharing methods equally recommended in RDP.,2,multiple_choice,0.4
RSC,chemical_communications,data_licenses,9. Recommended/required licenses,False,,No mention of data/code licenses in RDP.,2,multiple_choice,0.0
RSC,chemical_communications,data_referee,10. Referee guidelines concerning research data,True,Text missing,Data sharing policy mentioned in refereeing guidelines.,2,multiple_choice,0.33
RSC,chemical_communications,data_recommended,"11. Unique policies for data types
Please name all data types for which unique policies are recommended according to the RDP (Please separate all data types be semicolon, e.g. crystal structures; Protein sequence)",True,Text missing,"Crystal structure (organic / organometallic / metal organic); Crystal structure (biological); Crystal structure (inorganic);Crystal structure (powder); CryoEM; bio-NMR, Software / code; Models of biochemical reaction networks; Atomic coordinates; Input/configuration files and program output; Materials simulation data including electronic structure and molecular dynamics; Computational materials science; Computational chemistry files; NMR; IR / Raman; UV-vis; EPR; bio-NMR; Mass spectral data for small chemical molecules, metabolomics, exposomics; Electrophoretic gels and blots; Microscopy (e.g. SEM, TEM, STM); Coherent X-ray images; Bioimages, multidimensional life sciences image data (cell and tissue); Materials (Various); Materials simulation data including electronic structure and molecular dynamics; Computational materials science; All proteomics data; Proteomics mass spectrometry; Human geno- and phenotype data, epigenetics; Human genetic variation data (<=50bp), e.g.single-base nucleotide substitutions, small-scale deletion or insertions; Human genomic structural variation data (>50bp), e.g. insertions, deletions, translocations; Gene expression data, array- and sequence-based; High-throughput functional genomics data; Protein-protein, protein-DNA/RNA and molecular interactions; miRNA sequences and annotation; Metabolomics; Metabolomics; DNA & RNA sequence data; Genome sequence data; Metagenomics sequence data; Protein sequences;Atmospheric and earth observation research, environmental data; Environmental and ecological data; Geochemical, geochronological, and petrological data; Climate or Earth system research, climate model data; Functional enzymology data (kinetic and experimental data); Flow cytometry data; Protein circular dichroism and protein synchrotron radiation circular dichroism ; Intermolecular and supramolecular interactions of molecular systems, binding, assembly, and interaction phenomena; Batteries; Biomolecules; Catalysts; Characterisation of compounds and materials; Computational studies and modelling; Electrophoretic gels and blots;Fluorescence sensors; Inorganic and organometallic compounds; Macromolecular structure and sequence data; Magnetic measurements; Nanomaterials; Organic compounds; Polymers and macromolecules; Synthetic procedures; System models",2,open,
RSC,chemical_communications,data_required,"12. Unique policies for data types
Please name all data types for which unique policies are required according to the RDP (Please separate all data types be semicolon, e.g. crystal structures; Protein sequence)",True,Text missing,"Batteries; Crystal structure (organic / organometallic / metal organic); Computational results; Biomolecules (for example, enzymes, proteins, DNA/RNA, oligosaccharides, oligonucleotides); Nano-sized materials (such as quantum dots, nanoparticles, nanotubes, nanowires); Magnetic measurements; Inorganic and organometallic compounds; Polymers; Organic compounds ",2,open,
RSC,chemical_communications,code_required,13. Code sharing requirements,False,,Code sharing encouraged but optional.,2,multiple_choice,0.5
RSC,chemical_communications,code_reproducibility,14. Code Reproducibility,False,,No mention of dependencies for research code.,2,multiple_choice,0.0
RSC,chemical_communications,code_versioning,15. Versioning and persistent identifiers,True,Text missing,Journal policies encourage/recommend a persistent identifier or specifying a version of developed code.,2,multiple_choice,0.5
RSC,chemical_communications,code_quality,16. Code Quality Standards,False,,The journal policies do not mention any code quality standards.,2,multiple_choice,0.0
RSC,chemical_communications,code_autotest,17. Automatic Testing,False,,No mention of automatic testing to verify code functionality.,2,multiple_choice,0.0
RSC,chemical_communications,code_docs,18. Code Documentation,True,Text missing and  language understanding,No mention of standards for code documentation.,2,multiple_choice,0.0
RSC,chemical_communications,code_linting,19. Linting Standards,False,,No mention of linting standards for code.,2,multiple_choice,0.0
RSC,chemical_communications,code_development,20. Code Development,False,,No mention of standards for code development such as continuous integration.,2,multiple_choice,0.0
Springer Nature,journal_of_materials_science_materials_in_electronics,rdp_exist,1. Existence of research data policy,False,,Research Data Policy (RDP) exists.,2,multiple_choice,1.0
Springer Nature,journal_of_materials_science_materials_in_electronics,data_sharing,3. Data sharing requirements in RDP,True,Text not found,Public data sharing required only for specific types of data.,2,multiple_choice,0.75
Springer Nature,journal_of_materials_science_materials_in_electronics,data_fair,4. FAIR data sharing (see https://www.go-fair.org/fair-principles/ for a definition of FAIR),True,Text not found,Public data sharing on a FAIR repository required only for specific types of data (e.g. genetic data has to be shared on a FAIR repository but no other data).,2,multiple_choice,0.66
Springer Nature,journal_of_materials_science_materials_in_electronics,data_availability,2. Data availability statement,False,,Required according to the RDP.,2,multiple_choice,1.0
Springer Nature,journal_of_materials_science_materials_in_electronics,data_citability,5. Citability and findability of data ,False,,DOIs or other persistent identifiers recommended for datasets or codes.,2,multiple_choice,0.5
Springer Nature,journal_of_materials_science_materials_in_electronics,data_timing,7. Timing of data release,True,Text not found,Required data must be available after official publication.,2,multiple_choice,0.5
Springer Nature,journal_of_materials_science_materials_in_electronics,data_sharing_method,8. Recommended data sharing method,False,,Public online repositories recommended in RDP.,2,multiple_choice,0.8
Springer Nature,journal_of_materials_science_materials_in_electronics,data_licenses,9. Recommended/required licenses,True,Text not found,Explicit mention of a certain license/license type in RDP.,2,multiple_choice,
Springer Nature,journal_of_materials_science_materials_in_electronics,data_referee,10. Referee guidelines concerning research data,True,Text not found,Data sharing policy mentioned in refereeing guidelines.,2,multiple_choice,0.33
Springer Nature,journal_of_materials_science_materials_in_electronics,data_recommended,"11. Unique policies for data types
Please name all data types for which unique policies are recommended according to the RDP (Please separate all data types be semicolon, e.g. crystal structures; Protein sequence)",False,,,2,open,
Springer Nature,journal_of_materials_science_materials_in_electronics,data_required,"12. Unique policies for data types
Please name all data types for which unique policies are required according to the RDP (Please separate all data types be semicolon, e.g. crystal structures; Protein sequence)",True,Formatting inconsistent,"DNA sequence data; RNA sequence data; Genome assembly data; Protein sequence data;
Proteomics data; Genetic variation data; Functional genomics data; Macromolecular
structure data; Gene expression data; Crystallographic data for small molecules",2,open,
Springer Nature,journal_of_materials_science_materials_in_electronics,code_required,13. Code sharing requirements,True,Text not found,Code sharing encouraged but optional.,2,multiple_choice,0.5
Springer Nature,journal_of_materials_science_materials_in_electronics,code_reproducibility,14. Code Reproducibility,False,,No mention of dependencies for research code.,2,multiple_choice,0.0
Springer Nature,journal_of_materials_science_materials_in_electronics,code_versioning,15. Versioning and persistent identifiers,False,,No mention of a persistent identifier or specifying a version of developed code.,2,multiple_choice,0.0
Springer Nature,journal_of_materials_science_materials_in_electronics,code_quality,16. Code Quality Standards,False,,The journal policies do not mention any code quality standards.,2,multiple_choice,0.0
Springer Nature,journal_of_materials_science_materials_in_electronics,code_autotest,17. Automatic Testing,False,,No mention of automatic testing to verify code functionality.,2,multiple_choice,0.0
Springer Nature,journal_of_materials_science_materials_in_electronics,code_docs,18. Code Documentation,False,,No mention of standards for code documentation.,2,multiple_choice,0.0
Springer Nature,journal_of_materials_science_materials_in_electronics,code_linting,19. Linting Standards,False,,No mention of linting standards for code.,2,multiple_choice,0.0
Springer Nature,journal_of_materials_science_materials_in_electronics,code_development,20. Code Development,False,,No mention of standards for code development such as continuous integration.,2,multiple_choice,0.0
Springer Nature,nano-micro_letters,rdp_exist,1. Existence of research data policy,False,,Research Data Policy (RDP) exists.,2,multiple_choice,1.0
Springer Nature,nano-micro_letters,data_sharing,3. Data sharing requirements in RDP,True,Text not found,Public data sharing required only for specific types of data.,2,multiple_choice,0.75
Springer Nature,nano-micro_letters,data_fair,4. FAIR data sharing (see https://www.go-fair.org/fair-principles/ for a definition of FAIR),True,Text not found,Public data sharing on a FAIR repository required only for specific types of data (e.g. genetic data has to be shared on a FAIR repository but no other data).,2,multiple_choice,0.66
Springer Nature,nano-micro_letters,data_availability,2. Data availability statement,True,Rejected insider information,Required according to the RDP.,2,multiple_choice,1.0
Springer Nature,nano-micro_letters,data_citability,5. Citability and findability of data ,False,,DOIs or other persistent identifiers recommended for datasets or codes.,2,multiple_choice,0.5
Springer Nature,nano-micro_letters,data_timing,7. Timing of data release,True,Text not found,Required data must be available after official publication.,2,multiple_choice,0.5
Springer Nature,nano-micro_letters,data_sharing_method,8. Recommended data sharing method,False,,Public online repositories recommended in RDP.,2,multiple_choice,0.8
Springer Nature,nano-micro_letters,data_licenses,9. Recommended/required licenses,False,,No mention of data/code licenses in RDP.,2,multiple_choice,0.0
Springer Nature,nano-micro_letters,data_referee,10. Referee guidelines concerning research data,True,Text not found,Data sharing policy mentioned in refereeing guidelines.,2,multiple_choice,0.33
Springer Nature,nano-micro_letters,data_recommended,"11. Unique policies for data types
Please name all data types for which unique policies are recommended according to the RDP (Please separate all data types be semicolon, e.g. crystal structures; Protein sequence)",False,,,2,open,
Springer Nature,nano-micro_letters,data_required,"12. Unique policies for data types
Please name all data types for which unique policies are required according to the RDP (Please separate all data types be semicolon, e.g. crystal structures; Protein sequence)",True,Formatting inconsistent,"DNA sequence data; RNA sequence data; Genome assembly data; Protein sequence data;
Proteomics data; Genetic variation data; Functional genomics data; Macromolecular
structure data; Gene expression data; Crystallographic data for small molecules",2,open,
Springer Nature,nano-micro_letters,code_required,13. Code sharing requirements,True,Text not found,Code sharing encouraged but optional.,2,multiple_choice,0.5
Springer Nature,nano-micro_letters,code_reproducibility,14. Code Reproducibility,False,,No mention of dependencies for research code.,2,multiple_choice,0.0
Springer Nature,nano-micro_letters,code_versioning,15. Versioning and persistent identifiers,False,,No mention of a persistent identifier or specifying a version of developed code.,2,multiple_choice,0.0
Springer Nature,nano-micro_letters,code_quality,16. Code Quality Standards,False,,The journal policies do not mention any code quality standards.,2,multiple_choice,0.0
Springer Nature,nano-micro_letters,code_autotest,17. Automatic Testing,False,,No mention of automatic testing to verify code functionality.,2,multiple_choice,0.0
Springer Nature,nano-micro_letters,code_docs,18. Code Documentation,False,,No mention of standards for code documentation.,2,multiple_choice,0.0
Springer Nature,nano-micro_letters,code_linting,19. Linting Standards,False,,No mention of linting standards for code.,2,multiple_choice,0.0
Springer Nature,nano-micro_letters,code_development,20. Code Development,False,,No mention of standards for code development such as continuous integration.,2,multiple_choice,0.0
Springer Nature,materials_science,rdp_exist,1. Existence of research data policy,True,Text not found,Research Data Policy (RDP) exists.,2,multiple_choice,1.0
Springer Nature,materials_science,data_sharing,3. Data sharing requirements in RDP,True,Text not found,Public data sharing required only for specific types of data.,2,multiple_choice,0.75
Springer Nature,materials_science,data_fair,4. FAIR data sharing (see https://www.go-fair.org/fair-principles/ for a definition of FAIR),True,Text not found,Public data sharing on a FAIR repository required only for specific types of data (e.g. genetic data has to be shared on a FAIR repository but no other data).,2,multiple_choice,0.66
Springer Nature,materials_science,data_availability,2. Data availability statement,False,,Mentioned in the RDP but optional.,2,multiple_choice,0.5
Springer Nature,materials_science,data_citability,5. Citability and findability of data ,True,Text not found,DOIs or other persistent identifiers recommended for datasets or codes.,2,multiple_choice,0.5
Springer Nature,materials_science,data_timing,7. Timing of data release,True,Text not found,Required data must be available after official publication.,2,multiple_choice,0.5
Springer Nature,materials_science,data_sharing_method,8. Recommended data sharing method,True,Text not found,Public online repositories recommended in RDP.,2,multiple_choice,0.8
Springer Nature,materials_science,data_licenses,9. Recommended/required licenses,False,,No mention of data/code licenses in RDP.,2,multiple_choice,0.0
Springer Nature,materials_science,data_referee,10. Referee guidelines concerning research data,True,Text not found,Data sharing policy mentioned in refereeing guidelines.,2,multiple_choice,0.33
Springer Nature,materials_science,data_recommended,"11. Unique policies for data types
Please name all data types for which unique policies are recommended according to the RDP (Please separate all data types be semicolon, e.g. crystal structures; Protein sequence)",False,,,2,open,
Springer Nature,materials_science,data_required,"12. Unique policies for data types
Please name all data types for which unique policies are required according to the RDP (Please separate all data types be semicolon, e.g. crystal structures; Protein sequence)",True,Text not found,"DNA sequence data; RNA sequence data; Genome assembly data; Protein sequence data;
Proteomics data; Genetic variation data; Functional genomics data; Macromolecular
structure data; Gene expression data; Crystallographic data for small molecules",2,open,
Springer Nature,materials_science,code_required,13. Code sharing requirements,True,Text not found,Code sharing encouraged but optional.,2,multiple_choice,0.5
Springer Nature,materials_science,code_reproducibility,14. Code Reproducibility,False,,No mention of dependencies for research code.,2,multiple_choice,0.0
Springer Nature,materials_science,code_versioning,15. Versioning and persistent identifiers,False,,No mention of a persistent identifier or specifying a version of developed code.,2,multiple_choice,0.0
Springer Nature,materials_science,code_quality,16. Code Quality Standards,False,,The journal policies do not mention any code quality standards.,2,multiple_choice,0.0
Springer Nature,materials_science,code_autotest,17. Automatic Testing,False,,No mention of automatic testing to verify code functionality.,2,multiple_choice,0.0
Springer Nature,materials_science,code_docs,18. Code Documentation,False,,No mention of standards for code documentation.,2,multiple_choice,0.0
Springer Nature,materials_science,code_linting,19. Linting Standards,False,,No mention of linting standards for code.,2,multiple_choice,0.0
Springer Nature,materials_science,code_development,20. Code Development,False,,No mention of standards for code development such as continuous integration.,2,multiple_choice,0.0
Springer Nature,high_energy_chemistry,rdp_exist,1. Existence of research data policy,False,,Research Data Policy (RDP) exists.,1,multiple_choice,1.0
Springer Nature,high_energy_chemistry,data_sharing,3. Data sharing requirements in RDP,False,,Data sharing encouraged but optional.,1,multiple_choice,0.0
Springer Nature,high_energy_chemistry,data_fair,4. FAIR data sharing (see https://www.go-fair.org/fair-principles/ for a definition of FAIR),False,,Public data sharing on a FAIR repository not mentioned in RDP.,1,multiple_choice,0.0
Springer Nature,high_energy_chemistry,data_availability,2. Data availability statement,False,,Mentioned in the RDP but optional.,1,multiple_choice,0.5
Springer Nature,high_energy_chemistry,data_citability,5. Citability and findability of data ,False,,DOIs or other persistent identifiers recommended for datasets or codes.,1,multiple_choice,0.5
Springer Nature,high_energy_chemistry,data_timing,7. Timing of data release,False,,Timing of data availability not adressed in RDP.,1,multiple_choice,
Springer Nature,high_energy_chemistry,data_sharing_method,8. Recommended data sharing method,False,,Data sharing in supplementary material or hosting by journal recommended in RDP.,1,multiple_choice,0.6
Springer Nature,high_energy_chemistry,data_licenses,9. Recommended/required licenses,False,,Explicit mention of a certain license/license type in RDP.,1,multiple_choice,
Springer Nature,high_energy_chemistry,data_referee,10. Referee guidelines concerning research data,False,,Data sharing policy not mentioned in refereeing guidelines.,1,multiple_choice,0.0
Springer Nature,high_energy_chemistry,data_recommended,"11. Unique policies for data types
Please name all data types for which unique policies are recommended according to the RDP (Please separate all data types be semicolon, e.g. crystal structures; Protein sequence)",False,,"Cell lines, If human cells are used, authors must declare in the manuscript: what cell lines were used by
describing the source of the cell line, including when and from where it was obtained, whether
the cell line has recently been authenticated and by what method.

It is recommended that authors check the NCBI database for misidentification and
contamination of human cell lines.",1,open,
Springer Nature,high_energy_chemistry,data_required,"12. Unique policies for data types
Please name all data types for which unique policies are required according to the RDP (Please separate all data types be semicolon, e.g. crystal structures; Protein sequence)",False,,no text.,1,open,
Springer Nature,high_energy_chemistry,code_required,13. Code sharing requirements,False,,Code sharing encouraged but optional.,1,multiple_choice,0.5
Springer Nature,high_energy_chemistry,code_reproducibility,14. Code Reproducibility,False,,No mention of dependencies for research code.,1,multiple_choice,0.0
Springer Nature,high_energy_chemistry,code_versioning,15. Versioning and persistent identifiers,False,,No mention of a persistent identifier or specifying a version of developed code.,1,multiple_choice,0.0
Springer Nature,high_energy_chemistry,code_quality,16. Code Quality Standards,False,,The journal policies do not mention any code quality standards.,1,multiple_choice,0.0
Springer Nature,high_energy_chemistry,code_autotest,17. Automatic Testing,False,,No mention of automatic testing to verify code functionality.,1,multiple_choice,0.0
Springer Nature,high_energy_chemistry,code_docs,18. Code Documentation,False,,No mention of standards for code documentation.,1,multiple_choice,0.0
Springer Nature,high_energy_chemistry,code_linting,19. Linting Standards,False,,No mention of linting standards for code.,1,multiple_choice,0.0
Springer Nature,high_energy_chemistry,code_development,20. Code Development,False,,No mention of standards for code development such as continuous integration.,1,multiple_choice,0.0
Springer Nature,nature,rdp_exist,1. Existence of research data policy,False,,Research Data Policy (RDP) exists.,2,multiple_choice,1.0
Springer Nature,nature,data_sharing,3. Data sharing requirements in RDP,False,,Public data sharing required only for specific types of data.,2,multiple_choice,0.75
Springer Nature,nature,data_fair,4. FAIR data sharing (see https://www.go-fair.org/fair-principles/ for a definition of FAIR),False,,Public data sharing on a FAIR repository required only for specific types of data (e.g. genetic data has to be shared on a FAIR repository but no other data).,2,multiple_choice,0.66
Springer Nature,nature,data_availability,2. Data availability statement,False,,Required according to the RDP.,2,multiple_choice,1.0
Springer Nature,nature,data_citability,5. Citability and findability of data ,False,,DOIs or other persistent identifiers recommended for datasets or codes.,2,multiple_choice,0.5
Springer Nature,nature,data_timing,7. Timing of data release,True,Text not found,Required data must be available after official publication.,2,multiple_choice,0.5
Springer Nature,nature,data_sharing_method,8. Recommended data sharing method,False,,Public online repositories recommended in RDP.,2,multiple_choice,0.8
Springer Nature,nature,data_licenses,9. Recommended/required licenses,True,Text not found,Explicit mention of a certain license/license type in RDP.,2,multiple_choice,
Springer Nature,nature,data_referee,10. Referee guidelines concerning research data,True,Text not found,Additional data or code referee (referee that solely confirms that code and data are shared following the RDP).,2,multiple_choice,1.0
Springer Nature,nature,data_recommended,"11. Unique policies for data types
Please name all data types for which unique policies are recommended according to the RDP (Please separate all data types be semicolon, e.g. crystal structures; Protein sequence)",True,Text not found,,2,open,
Springer Nature,nature,data_required,"12. Unique policies for data types
Please name all data types for which unique policies are required according to the RDP (Please separate all data types be semicolon, e.g. crystal structures; Protein sequence)",True,Formatting inconsistent,"DNA sequence data,  RNA sequence data,  Genome assembly data,  Protein sequence data,  Proteomics data,  Genetic variation data,  Functional genomics data,  Macromolecular structure data,  Gene expression data,  Crystallographic data for small molecules",2,open,
Springer Nature,nature,code_required,13. Code sharing requirements,False,,Code sharing encouraged but optional.,2,multiple_choice,0.5
Springer Nature,nature,code_reproducibility,14. Code Reproducibility,False,,No mention of dependencies for research code.,2,multiple_choice,0.0
Springer Nature,nature,code_versioning,15. Versioning and persistent identifiers,False,,Journal policies encourage/recommend a persistent identifier or specifying a version of developed code.,2,multiple_choice,0.5
Springer Nature,nature,code_quality,16. Code Quality Standards,True,Text not found,The journal policies require code of articles to fulfill certain standards.,2,multiple_choice,
Springer Nature,nature,code_autotest,17. Automatic Testing,False,,No mention of automatic testing to verify code functionality.,2,multiple_choice,0.0
Springer Nature,nature,code_docs,18. Code Documentation,True,Text not found,The journal policies encourage/recommend standards for code documentation.,2,multiple_choice,0.5
Springer Nature,nature,code_linting,19. Linting Standards,False,,No mention of linting standards for code.,2,multiple_choice,0.0
Springer Nature,nature,code_development,20. Code Development,False,,No mention of standards for code development such as continuous integration.,2,multiple_choice,0.0
Springer Nature,nature_energy,rdp_exist,1. Existence of research data policy,False,,Research Data Policy (RDP) exists.,2,multiple_choice,1.0
Springer Nature,nature_energy,data_sharing,3. Data sharing requirements in RDP,True,Text not found,Public data sharing required only for specific types of data.,2,multiple_choice,0.75
Springer Nature,nature_energy,data_fair,4. FAIR data sharing (see https://www.go-fair.org/fair-principles/ for a definition of FAIR),False,,Public data sharing on a FAIR repository required only for specific types of data (e.g. genetic data has to be shared on a FAIR repository but no other data).,2,multiple_choice,0.66
Springer Nature,nature_energy,data_availability,2. Data availability statement,False,,Required according to the RDP.,2,multiple_choice,1.0
Springer Nature,nature_energy,data_citability,5. Citability and findability of data ,False,,DOIs or other persistent identifiers recommended for datasets or codes.,2,multiple_choice,0.5
Springer Nature,nature_energy,data_timing,7. Timing of data release,True,Text not found,Required data must be available after official publication.,2,multiple_choice,0.5
Springer Nature,nature_energy,data_sharing_method,8. Recommended data sharing method,False,,Public online repositories recommended in RDP.,2,multiple_choice,0.8
Springer Nature,nature_energy,data_licenses,9. Recommended/required licenses,False,,Explicit mention of a certain license/license type in RDP.,2,multiple_choice,
Springer Nature,nature_energy,data_referee,10. Referee guidelines concerning research data,True,Text not found,Additional data or code referee (referee that solely confirms that code and data are shared following the RDP).,2,multiple_choice,1.0
Springer Nature,nature_energy,data_recommended,"11. Unique policies for data types
Please name all data types for which unique policies are recommended according to the RDP (Please separate all data types be semicolon, e.g. crystal structures; Protein sequence)",False,,,2,open,
Springer Nature,nature_energy,data_required,"12. Unique policies for data types
Please name all data types for which unique policies are required according to the RDP (Please separate all data types be semicolon, e.g. crystal structures; Protein sequence)",True,Formatting inconsistent,"DNA sequence data,  RNA sequence data,  Genome assembly data,  Protein sequence data,  Proteomics data,  Genetic variation data,  Functional genomics data,  Macromolecular structure data,  Gene expression data,  Crystallographic data for small molecules",2,open,
Springer Nature,nature_energy,code_required,13. Code sharing requirements,True,Text not found,Code sharing encouraged but optional.,2,multiple_choice,0.5
Springer Nature,nature_energy,code_reproducibility,14. Code Reproducibility,False,,No mention of dependencies for research code.,2,multiple_choice,0.0
Springer Nature,nature_energy,code_versioning,15. Versioning and persistent identifiers,False,,Journal policies encourage/recommend a persistent identifier or specifying a version of developed code.,2,multiple_choice,0.5
Springer Nature,nature_energy,code_quality,16. Code Quality Standards,True,Text not found,The journal policies require code of articles to fulfill certain standards.,2,multiple_choice,
Springer Nature,nature_energy,code_autotest,17. Automatic Testing,False,,No mention of automatic testing to verify code functionality.,2,multiple_choice,0.0
Springer Nature,nature_energy,code_docs,18. Code Documentation,True,Text not found,The journal policies encourage/recommend standards for code documentation.,2,multiple_choice,0.5
Springer Nature,nature_energy,code_linting,19. Linting Standards,False,,No mention of linting standards for code.,2,multiple_choice,0.0
Springer Nature,nature_energy,code_development,20. Code Development,False,,No mention of standards for code development such as continuous integration.,2,multiple_choice,0.0
Springer Nature,biomedical_microdevices,rdp_exist,1. Existence of research data policy,False,,Research Data Policy (RDP) exists.,2,multiple_choice,1.0
Springer Nature,biomedical_microdevices,data_sharing,3. Data sharing requirements in RDP,True,Text not found,Public data sharing required only for specific types of data.,2,multiple_choice,0.75
Springer Nature,biomedical_microdevices,data_fair,4. FAIR data sharing (see https://www.go-fair.org/fair-principles/ for a definition of FAIR),True,Text not found,Public data sharing on a FAIR repository required only for specific types of data (e.g. genetic data has to be shared on a FAIR repository but no other data).,2,multiple_choice,0.66
Springer Nature,biomedical_microdevices,data_availability,2. Data availability statement,False,,Required according to the RDP.,2,multiple_choice,1.0
Springer Nature,biomedical_microdevices,data_citability,5. Citability and findability of data ,False,,DOIs or other persistent identifiers recommended for datasets or codes.,2,multiple_choice,0.5
Springer Nature,biomedical_microdevices,data_timing,7. Timing of data release,True,Text not found,Required data must be available after official publication.,2,multiple_choice,0.5
Springer Nature,biomedical_microdevices,data_sharing_method,8. Recommended data sharing method,False,,Public online repositories recommended in RDP.,2,multiple_choice,0.8
Springer Nature,biomedical_microdevices,data_licenses,9. Recommended/required licenses,False,,No mention of data/code licenses in RDP.,2,multiple_choice,0.0
Springer Nature,biomedical_microdevices,data_referee,10. Referee guidelines concerning research data,True,Text not found,Data sharing policy mentioned in refereeing guidelines.,2,multiple_choice,0.33
Springer Nature,biomedical_microdevices,data_recommended,"11. Unique policies for data types
Please name all data types for which unique policies are recommended according to the RDP (Please separate all data types be semicolon, e.g. crystal structures; Protein sequence)",False,,,2,open,
Springer Nature,biomedical_microdevices,code_required,13. Code sharing requirements,True,Text not found,Code sharing encouraged but optional.,2,multiple_choice,0.5
Springer Nature,biomedical_microdevices,code_reproducibility,14. Code Reproducibility,False,,No mention of dependencies for research code.,2,multiple_choice,0.0
Springer Nature,biomedical_microdevices,code_versioning,15. Versioning and persistent identifiers,False,,No mention of a persistent identifier or specifying a version of developed code.,2,multiple_choice,0.0
Springer Nature,biomedical_microdevices,code_quality,16. Code Quality Standards,False,,The journal policies do not mention any code quality standards.,2,multiple_choice,0.0
Springer Nature,biomedical_microdevices,code_autotest,17. Automatic Testing,False,,No mention of automatic testing to verify code functionality.,2,multiple_choice,0.0
Springer Nature,biomedical_microdevices,code_docs,18. Code Documentation,False,,No mention of standards for code documentation.,2,multiple_choice,0.0
Springer Nature,biomedical_microdevices,code_linting,19. Linting Standards,False,,No mention of linting standards for code.,2,multiple_choice,0.0
Springer Nature,biomedical_microdevices,code_development,20. Code Development,False,,No mention of standards for code development such as continuous integration.,2,multiple_choice,0.0
Springer Nature,scientific_data,rdp_exist,1. Existence of research data policy,False,,Research Data Policy (RDP) exists.,2,multiple_choice,1.0
Springer Nature,scientific_data,data_sharing,3. Data sharing requirements in RDP,False,,Public data sharing of all data required.,2,multiple_choice,1.0
Springer Nature,scientific_data,data_fair,4. FAIR data sharing (see https://www.go-fair.org/fair-principles/ for a definition of FAIR),False,,Public data sharing of all data on a FAIR repository required.,2,multiple_choice,1.0
Springer Nature,scientific_data,data_availability,2. Data availability statement,False,,Required according to the RDP.,2,multiple_choice,1.0
Springer Nature,scientific_data,data_citability,5. Citability and findability of data ,False,,DOIs or other persistent identifiers required for datasets or codes.,2,multiple_choice,1.0
Springer Nature,scientific_data,data_timing,7. Timing of data release,False,,Required data must be available prior to official publication.,2,multiple_choice,0.75
Springer Nature,scientific_data,data_sharing_method,8. Recommended data sharing method,True,Text not found,Public online repositories recommended in RDP.,2,multiple_choice,0.8
Springer Nature,scientific_data,data_licenses,9. Recommended/required licenses,False,,Open access license required for shared data.,2,multiple_choice,
Springer Nature,scientific_data,data_referee,10. Referee guidelines concerning research data,True,Text not found,Confirmation of shared data or code by referee required.,2,multiple_choice,0.66
Springer Nature,scientific_data,data_recommended,"11. Unique policies for data types
Please name all data types for which unique policies are recommended according to the RDP (Please separate all data types be semicolon, e.g. crystal structures; Protein sequence)",True,Text not found,Genetic data; Clinical trial data; Geospatial data,2,open,
Springer Nature,scientific_data,data_required,"12. Unique policies for data types
Please name all data types for which unique policies are required according to the RDP (Please separate all data types be semicolon, e.g. crystal structures; Protein sequence)",True,Text not found,Genetic data; Clinical trial data,2,open,
Springer Nature,scientific_data,code_required,13. Code sharing requirements,True,Text not found,Code sharing encouraged but optional.,2,multiple_choice,0.5
Springer Nature,scientific_data,code_reproducibility,14. Code Reproducibility,False,,Journal policies encourage/recommend stating all dependencies and their versions that were used to run computational experiments.,2,multiple_choice,0.25
Springer Nature,scientific_data,code_versioning,15. Versioning and persistent identifiers,False,,Journal policies encourage/recommend a persistent identifier or specifying a version of developed code.,2,multiple_choice,0.5
Springer Nature,scientific_data,code_quality,16. Code Quality Standards,True,Text not found,The journal policies encourage/recommend certain standards for code.,2,multiple_choice,0.33
Springer Nature,scientific_data,code_autotest,17. Automatic Testing,False,,No mention of automatic testing to verify code functionality.,2,multiple_choice,0.0
Springer Nature,scientific_data,code_docs,18. Code Documentation,True,Text not found,The journal policies encourage/recommend standards for code documentation.,2,multiple_choice,0.5
Springer Nature,scientific_data,code_linting,19. Linting Standards,False,,No mention of linting standards for code.,2,multiple_choice,0.0
Springer Nature,scientific_data,code_development,20. Code Development,False,,No mention of standards for code development such as continuous integration.,2,multiple_choice,0.0
Springer Nature,nature_communications,rdp_exist,1. Existence of research data policy,False,,Research Data Policy (RDP) exists.,2,multiple_choice,1.0
Springer Nature,nature_communications,data_sharing,3. Data sharing requirements in RDP,False,,Public data sharing required only for specific types of data.,2,multiple_choice,0.75
Springer Nature,nature_communications,data_fair,4. FAIR data sharing (see https://www.go-fair.org/fair-principles/ for a definition of FAIR),False,,Public data sharing on a FAIR repository required only for specific types of data (e.g. genetic data has to be shared on a FAIR repository but no other data).,2,multiple_choice,0.66
Springer Nature,nature_communications,data_availability,2. Data availability statement,False,,Required according to the RDP.,2,multiple_choice,1.0
Springer Nature,nature_communications,data_citability,5. Citability and findability of data ,False,,DOIs or other persistent identifiers recommended for datasets or codes.,2,multiple_choice,0.5
Springer Nature,nature_communications,data_timing,7. Timing of data release,True,Text not found,Required data must be available after official publication.,2,multiple_choice,0.5
Springer Nature,nature_communications,data_sharing_method,8. Recommended data sharing method,False,,Public online repositories recommended in RDP.,2,multiple_choice,0.8
Springer Nature,nature_communications,data_licenses,9. Recommended/required licenses,False,,Explicit mention of a certain license/license type in RDP.,2,multiple_choice,
Springer Nature,nature_communications,data_referee,10. Referee guidelines concerning research data,True,Text not found,Additional data or code referee (referee that solely confirms that code and data are shared following the RDP).,2,multiple_choice,1.0
Springer Nature,nature_communications,data_recommended,"11. Unique policies for data types
Please name all data types for which unique policies are recommended according to the RDP (Please separate all data types be semicolon, e.g. crystal structures; Protein sequence)",False,,,2,open,
Springer Nature,nature_communications,data_required,"12. Unique policies for data types
Please name all data types for which unique policies are required according to the RDP (Please separate all data types be semicolon, e.g. crystal structures; Protein sequence)",True,Formatting inconsistent,"DNA sequence data,  RNA sequence data,  Genome assembly data,  Protein sequence data,  Proteomics data,  Genetic variation data,  Functional genomics data,  Macromolecular structure data,  Gene expression data,  Crystallographic data for small molecules",2,open,
Springer Nature,nature_communications,code_required,13. Code sharing requirements,False,,Code sharing encouraged but optional.,2,multiple_choice,0.5
Springer Nature,nature_communications,code_reproducibility,14. Code Reproducibility,False,,No mention of dependencies for research code.,2,multiple_choice,0.0
Springer Nature,nature_communications,code_versioning,15. Versioning and persistent identifiers,False,,Journal policies encourage/recommend a persistent identifier or specifying a version of developed code.,2,multiple_choice,0.5
Springer Nature,nature_communications,code_quality,16. Code Quality Standards,True,Text not found,The journal policies require code of articles to fulfill certain standards.,2,multiple_choice,
Springer Nature,nature_communications,code_autotest,17. Automatic Testing,False,,No mention of automatic testing to verify code functionality.,2,multiple_choice,0.0
Springer Nature,nature_communications,code_docs,18. Code Documentation,True,Text not found,The journal policies encourage/recommend standards for code documentation.,2,multiple_choice,0.5
Springer Nature,nature_communications,code_linting,19. Linting Standards,False,,No mention of linting standards for code.,2,multiple_choice,0.0
Springer Nature,nature_communications,code_development,20. Code Development,False,,No mention of standards for code development such as continuous integration.,2,multiple_choice,0.0
Springer Nature,scientific_reports,rdp_exist,1. Existence of research data policy,False,,Research Data Policy (RDP) exists.,2,multiple_choice,1.0
Springer Nature,scientific_reports,data_sharing,3. Data sharing requirements in RDP,True,Text not found,Public data sharing required only for specific types of data.,2,multiple_choice,0.75
Springer Nature,scientific_reports,data_fair,4. FAIR data sharing (see https://www.go-fair.org/fair-principles/ for a definition of FAIR),True,Text not found,Public data sharing on a FAIR repository required only for specific types of data (e.g. genetic data has to be shared on a FAIR repository but no other data).,2,multiple_choice,0.66
Springer Nature,scientific_reports,data_availability,2. Data availability statement,False,,Required according to the RDP.,2,multiple_choice,1.0
Springer Nature,scientific_reports,data_citability,5. Citability and findability of data ,False,,DOIs or other persistent identifiers recommended for datasets or codes.,2,multiple_choice,0.5
Springer Nature,scientific_reports,data_timing,7. Timing of data release,False,,Required data must be available prior to review process.,2,multiple_choice,1.0
Springer Nature,scientific_reports,data_sharing_method,8. Recommended data sharing method,False,,Public online repositories recommended in RDP.,2,multiple_choice,0.8
Springer Nature,scientific_reports,data_licenses,9. Recommended/required licenses,True,Text not found,Explicit mention of a certain license/license type in RDP.,2,multiple_choice,
Springer Nature,scientific_reports,data_referee,10. Referee guidelines concerning research data,False,,Data sharing policy mentioned in refereeing guidelines.,2,multiple_choice,0.33
Springer Nature,scientific_reports,data_recommended,"11. Unique policies for data types
Please name all data types for which unique policies are recommended according to the RDP (Please separate all data types be semicolon, e.g. crystal structures; Protein sequence)",False,,,2,open,
Springer Nature,scientific_reports,data_required,"12. Unique policies for data types
Please name all data types for which unique policies are required according to the RDP (Please separate all data types be semicolon, e.g. crystal structures; Protein sequence)",True,Formatting inconsistent,"DNA sequence data; RNA sequence data; Genome assembly data; Protein sequence data;
Proteomics data; Genetic variation data; Functional genomics data; Macromolecular
structure data; Gene expression data; Crystallographic data for small molecules",2,open,
Springer Nature,scientific_reports,code_required,13. Code sharing requirements,True,Text not found,Code sharing required.,2,multiple_choice,1.0
Springer Nature,scientific_reports,code_reproducibility,14. Code Reproducibility,False,,No mention of dependencies for research code.,2,multiple_choice,0.0
Springer Nature,scientific_reports,code_versioning,15. Versioning and persistent identifiers,False,,Journal policies encourage/recommend a persistent identifier or specifying a version of developed code.,2,multiple_choice,0.5
Springer Nature,scientific_reports,code_quality,16. Code Quality Standards,False,,The journal policies do not mention any code quality standards.,2,multiple_choice,0.0
Springer Nature,scientific_reports,code_autotest,17. Automatic Testing,False,,No mention of automatic testing to verify code functionality.,2,multiple_choice,0.0
Springer Nature,scientific_reports,code_docs,18. Code Documentation,False,,No mention of standards for code documentation.,2,multiple_choice,0.0
Springer Nature,scientific_reports,code_linting,19. Linting Standards,False,,No mention of linting standards for code.,2,multiple_choice,0.0
Springer Nature,scientific_reports,code_development,20. Code Development,False,,No mention of standards for code development such as continuous integration.,2,multiple_choice,0.0
Springer Nature,medicinal_chemistry_research,rdp_exist,1. Existence of research data policy,False,,Research Data Policy (RDP) exists.,2,multiple_choice,1.0
Springer Nature,medicinal_chemistry_research,data_sharing,3. Data sharing requirements in RDP,True,Text not found,Public data sharing required only for specific types of data.,2,multiple_choice,0.75
Springer Nature,medicinal_chemistry_research,data_fair,4. FAIR data sharing (see https://www.go-fair.org/fair-principles/ for a definition of FAIR),True,Text not found,Public data sharing on a FAIR repository required only for specific types of data (e.g. genetic data has to be shared on a FAIR repository but no other data).,2,multiple_choice,0.66
Springer Nature,medicinal_chemistry_research,data_availability,2. Data availability statement,False,,Required according to the RDP.,2,multiple_choice,1.0
Springer Nature,medicinal_chemistry_research,data_citability,5. Citability and findability of data ,False,,DOIs or other persistent identifiers recommended for datasets or codes.,2,multiple_choice,0.5
Springer Nature,medicinal_chemistry_research,data_timing,7. Timing of data release,True,Text not found,Required data must be available after official publication.,2,multiple_choice,0.5
Springer Nature,medicinal_chemistry_research,data_sharing_method,8. Recommended data sharing method,False,,Public online repositories recommended in RDP.,2,multiple_choice,0.8
Springer Nature,medicinal_chemistry_research,data_licenses,9. Recommended/required licenses,False,,No mention of data/code licenses in RDP.,2,multiple_choice,0.0
Springer Nature,medicinal_chemistry_research,data_referee,10. Referee guidelines concerning research data,True,Text not found,Data sharing policy mentioned in refereeing guidelines.,2,multiple_choice,0.33
Springer Nature,medicinal_chemistry_research,data_recommended,"11. Unique policies for data types
Please name all data types for which unique policies are recommended according to the RDP (Please separate all data types be semicolon, e.g. crystal structures; Protein sequence)",False,,,2,open,
Springer Nature,medicinal_chemistry_research,code_required,13. Code sharing requirements,True,Text not found,Code sharing encouraged but optional.,2,multiple_choice,0.5
Springer Nature,medicinal_chemistry_research,code_reproducibility,14. Code Reproducibility,False,,No mention of dependencies for research code.,2,multiple_choice,0.0
Springer Nature,medicinal_chemistry_research,code_versioning,15. Versioning and persistent identifiers,False,,No mention of a persistent identifier or specifying a version of developed code.,2,multiple_choice,0.0
Springer Nature,medicinal_chemistry_research,code_quality,16. Code Quality Standards,False,,The journal policies do not mention any code quality standards.,2,multiple_choice,0.0
Springer Nature,medicinal_chemistry_research,code_autotest,17. Automatic Testing,False,,No mention of automatic testing to verify code functionality.,2,multiple_choice,0.0
Springer Nature,medicinal_chemistry_research,code_docs,18. Code Documentation,False,,No mention of standards for code documentation.,2,multiple_choice,0.0
Springer Nature,medicinal_chemistry_research,code_linting,19. Linting Standards,False,,No mention of linting standards for code.,2,multiple_choice,0.0
Springer Nature,medicinal_chemistry_research,code_development,20. Code Development,False,,No mention of standards for code development such as continuous integration.,2,multiple_choice,0.0
Taylor & Francis,molecular_crystals_and_liquid_crystals,rdp_exist,1. Existence of research data policy,False,,Research Data Policy (RDP) does not exists.,2,multiple_choice,
Taylor & Francis,molecular_crystals_and_liquid_crystals,data_sharing,3. Data sharing requirements in RDP,False,,Data sharing only with editors and referees (no public sharing),2,multiple_choice,0.25
Taylor & Francis,molecular_crystals_and_liquid_crystals,data_fair,4. FAIR data sharing (see https://www.go-fair.org/fair-principles/ for a definition of FAIR),False,,Public data sharing on a FAIR repository not mentioned in RDP.,2,multiple_choice,0.0
Taylor & Francis,molecular_crystals_and_liquid_crystals,data_availability,2. Data availability statement,False,,Not mentioned in the RDP.,2,multiple_choice,0.0
Taylor & Francis,molecular_crystals_and_liquid_crystals,data_citability,5. Citability and findability of data ,False,,No mention of DOIs or other persistent identifiers for datasets or codes.,2,multiple_choice,0.0
Taylor & Francis,molecular_crystals_and_liquid_crystals,data_timing,7. Timing of data release,False,,Timing of data availability not adressed in RDP.,2,multiple_choice,
Taylor & Francis,molecular_crystals_and_liquid_crystals,data_sharing_method,8. Recommended data sharing method,False,,No data sharing method recommended in RDP.,2,multiple_choice,0.0
Taylor & Francis,molecular_crystals_and_liquid_crystals,data_licenses,9. Recommended/required licenses,False,,No mention of data/code licenses in RDP.,2,multiple_choice,0.0
Taylor & Francis,molecular_crystals_and_liquid_crystals,data_referee,10. Referee guidelines concerning research data,False,,Data sharing policy not mentioned in refereeing guidelines.,2,multiple_choice,0.0
Taylor & Francis,molecular_crystals_and_liquid_crystals,data_recommended,"11. Unique policies for data types
Please name all data types for which unique policies are recommended according to the RDP (Please separate all data types be semicolon, e.g. crystal structures; Protein sequence)",False,,no text,2,open,
Taylor & Francis,molecular_crystals_and_liquid_crystals,data_required,"12. Unique policies for data types
Please name all data types for which unique policies are required according to the RDP (Please separate all data types be semicolon, e.g. crystal structures; Protein sequence)",False,,no text,2,open,
Taylor & Francis,molecular_crystals_and_liquid_crystals,code_required,13. Code sharing requirements,True,Language understanding,Code sharing not mentioned.,2,multiple_choice,0.0
Taylor & Francis,molecular_crystals_and_liquid_crystals,code_reproducibility,14. Code Reproducibility,False,,No mention of dependencies for research code.,2,multiple_choice,0.0
Taylor & Francis,molecular_crystals_and_liquid_crystals,code_versioning,15. Versioning and persistent identifiers,False,,No mention of a persistent identifier or specifying a version of developed code.,2,multiple_choice,0.0
Taylor & Francis,molecular_crystals_and_liquid_crystals,code_quality,16. Code Quality Standards,False,,The journal policies do not mention any code quality standards.,2,multiple_choice,0.0
Taylor & Francis,molecular_crystals_and_liquid_crystals,code_autotest,17. Automatic Testing,False,,No mention of automatic testing to verify code functionality.,2,multiple_choice,0.0
Taylor & Francis,molecular_crystals_and_liquid_crystals,code_docs,18. Code Documentation,False,,No mention of standards for code documentation.,2,multiple_choice,0.0
Taylor & Francis,molecular_crystals_and_liquid_crystals,code_linting,19. Linting Standards,False,,No mention of linting standards for code.,2,multiple_choice,0.0
Taylor & Francis,molecular_crystals_and_liquid_crystals,code_development,20. Code Development,False,,No mention of standards for code development such as continuous integration.,2,multiple_choice,0.0
Taylor & Francis,waves_in_random_and_complex_media,rdp_exist,1. Existence of research data policy,False,,Research Data Policy (RDP) exists.,2,multiple_choice,1.0
Taylor & Francis,waves_in_random_and_complex_media,data_sharing,3. Data sharing requirements in RDP,False,,Data sharing encouraged but optional.,2,multiple_choice,0.0
Taylor & Francis,waves_in_random_and_complex_media,data_fair,4. FAIR data sharing (see https://www.go-fair.org/fair-principles/ for a definition of FAIR),False,,Public data sharing on a FAIR repository encouraged.,2,multiple_choice,0.33
Taylor & Francis,waves_in_random_and_complex_media,data_availability,2. Data availability statement,False,,Mentioned in the RDP but optional.,2,multiple_choice,0.5
Taylor & Francis,waves_in_random_and_complex_media,data_citability,5. Citability and findability of data ,False,,DOIs or other persistent identifiers recommended for datasets or codes.,2,multiple_choice,0.5
Taylor & Francis,waves_in_random_and_complex_media,data_timing,7. Timing of data release,True,Language understanding,Required data must be available prior to review process.,2,multiple_choice,1.0
Taylor & Francis,waves_in_random_and_complex_media,data_sharing_method,8. Recommended data sharing method,False,,Public online repositories recommended in RDP.,2,multiple_choice,0.8
Taylor & Francis,waves_in_random_and_complex_media,data_licenses,9. Recommended/required licenses,False,,No mention of data/code licenses in RDP.,2,multiple_choice,0.0
Taylor & Francis,waves_in_random_and_complex_media,data_referee,10. Referee guidelines concerning research data,False,,Data sharing policy not mentioned in refereeing guidelines.,2,multiple_choice,0.0
Taylor & Francis,waves_in_random_and_complex_media,data_recommended,"11. Unique policies for data types
Please name all data types for which unique policies are recommended according to the RDP (Please separate all data types be semicolon, e.g. crystal structures; Protein sequence)",False,,no text,2,open,
Taylor & Francis,waves_in_random_and_complex_media,data_required,"12. Unique policies for data types
Please name all data types for which unique policies are required according to the RDP (Please separate all data types be semicolon, e.g. crystal structures; Protein sequence)",False,,no text,2,open,
Taylor & Francis,waves_in_random_and_complex_media,code_required,13. Code sharing requirements,False,,Code sharing encouraged but optional.,2,multiple_choice,0.5
Taylor & Francis,waves_in_random_and_complex_media,code_reproducibility,14. Code Reproducibility,False,,No mention of dependencies for research code.,2,multiple_choice,0.0
Taylor & Francis,waves_in_random_and_complex_media,code_versioning,15. Versioning and persistent identifiers,False,,No mention of a persistent identifier or specifying a version of developed code.,2,multiple_choice,0.0
Taylor & Francis,waves_in_random_and_complex_media,code_quality,16. Code Quality Standards,False,,The journal policies do not mention any code quality standards.,2,multiple_choice,0.0
Taylor & Francis,waves_in_random_and_complex_media,code_autotest,17. Automatic Testing,False,,No mention of automatic testing to verify code functionality.,2,multiple_choice,0.0
Taylor & Francis,waves_in_random_and_complex_media,code_docs,18. Code Documentation,False,,No mention of standards for code documentation.,2,multiple_choice,0.0
Taylor & Francis,waves_in_random_and_complex_media,code_linting,19. Linting Standards,False,,No mention of linting standards for code.,2,multiple_choice,0.0
Taylor & Francis,waves_in_random_and_complex_media,code_development,20. Code Development,False,,No mention of standards for code development such as continuous integration.,2,multiple_choice,0.0
Taylor & Francis,analytical_letters,rdp_exist,1. Existence of research data policy,False,,Research Data Policy (RDP) exists.,2,multiple_choice,1.0
Taylor & Francis,analytical_letters,data_sharing,3. Data sharing requirements in RDP,False,,Data sharing encouraged but optional.,2,multiple_choice,0.0
Taylor & Francis,analytical_letters,data_fair,4. FAIR data sharing (see https://www.go-fair.org/fair-principles/ for a definition of FAIR),False,,Public data sharing on a FAIR repository encouraged.,2,multiple_choice,0.33
Taylor & Francis,analytical_letters,data_availability,2. Data availability statement,False,,Mentioned in the RDP but optional.,2,multiple_choice,0.5
Taylor & Francis,analytical_letters,data_citability,5. Citability and findability of data ,False,,DOIs or other persistent identifiers recommended for datasets or codes.,2,multiple_choice,0.5
Taylor & Francis,analytical_letters,data_timing,7. Timing of data release,True,Language understanding,Required data must be available prior to review process.,2,multiple_choice,1.0
Taylor & Francis,analytical_letters,data_sharing_method,8. Recommended data sharing method,False,,Public online repositories recommended in RDP.,2,multiple_choice,0.8
Taylor & Francis,analytical_letters,data_licenses,9. Recommended/required licenses,False,,No mention of data/code licenses in RDP.,2,multiple_choice,0.0
Taylor & Francis,analytical_letters,data_referee,10. Referee guidelines concerning research data,False,,Data sharing policy not mentioned in refereeing guidelines.,2,multiple_choice,0.0
Taylor & Francis,analytical_letters,data_recommended,"11. Unique policies for data types
Please name all data types for which unique policies are recommended according to the RDP (Please separate all data types be semicolon, e.g. crystal structures; Protein sequence)",False,,no text,2,open,
Taylor & Francis,analytical_letters,data_required,"12. Unique policies for data types
Please name all data types for which unique policies are required according to the RDP (Please separate all data types be semicolon, e.g. crystal structures; Protein sequence)",False,,no text,2,open,
Taylor & Francis,analytical_letters,code_required,13. Code sharing requirements,False,,Code sharing encouraged but optional.,2,multiple_choice,0.5
Taylor & Francis,analytical_letters,code_reproducibility,14. Code Reproducibility,False,,No mention of dependencies for research code.,2,multiple_choice,0.0
Taylor & Francis,analytical_letters,code_versioning,15. Versioning and persistent identifiers,False,,No mention of a persistent identifier or specifying a version of developed code.,2,multiple_choice,0.0
Taylor & Francis,analytical_letters,code_quality,16. Code Quality Standards,False,,The journal policies do not mention any code quality standards.,2,multiple_choice,0.0
Taylor & Francis,analytical_letters,code_autotest,17. Automatic Testing,False,,No mention of automatic testing to verify code functionality.,2,multiple_choice,0.0
Taylor & Francis,analytical_letters,code_docs,18. Code Documentation,False,,No mention of standards for code documentation.,2,multiple_choice,0.0
Taylor & Francis,analytical_letters,code_linting,19. Linting Standards,False,,No mention of linting standards for code.,2,multiple_choice,0.0
Taylor & Francis,analytical_letters,code_development,20. Code Development,False,,No mention of standards for code development such as continuous integration.,2,multiple_choice,0.0
Taylor & Francis,journal_of_asian_ceramic_societies,rdp_exist,1. Existence of research data policy,False,,Research Data Policy (RDP) does not exists.,2,multiple_choice,
Taylor & Francis,journal_of_asian_ceramic_societies,data_sharing,3. Data sharing requirements in RDP,False,,Data sharing only with editors and referees (no public sharing),2,multiple_choice,0.25
Taylor & Francis,journal_of_asian_ceramic_societies,data_fair,4. FAIR data sharing (see https://www.go-fair.org/fair-principles/ for a definition of FAIR),False,,Public data sharing on a FAIR repository not mentioned in RDP.,2,multiple_choice,0.0
Taylor & Francis,journal_of_asian_ceramic_societies,data_availability,2. Data availability statement,False,,Not mentioned in the RDP.,2,multiple_choice,0.0
Taylor & Francis,journal_of_asian_ceramic_societies,data_citability,5. Citability and findability of data ,False,,No mention of DOIs or other persistent identifiers for datasets or codes.,2,multiple_choice,0.0
Taylor & Francis,journal_of_asian_ceramic_societies,data_timing,7. Timing of data release,False,,Timing of data availability not adressed in RDP.,2,multiple_choice,
Taylor & Francis,journal_of_asian_ceramic_societies,data_sharing_method,8. Recommended data sharing method,False,,No data sharing method recommended in RDP.,2,multiple_choice,0.0
Taylor & Francis,journal_of_asian_ceramic_societies,data_licenses,9. Recommended/required licenses,False,,No mention of data/code licenses in RDP.,2,multiple_choice,0.0
Taylor & Francis,journal_of_asian_ceramic_societies,data_referee,10. Referee guidelines concerning research data,False,,Data sharing policy not mentioned in refereeing guidelines.,2,multiple_choice,0.0
Taylor & Francis,journal_of_asian_ceramic_societies,data_recommended,"11. Unique policies for data types
Please name all data types for which unique policies are recommended according to the RDP (Please separate all data types be semicolon, e.g. crystal structures; Protein sequence)",False,,no text,2,open,
Taylor & Francis,journal_of_asian_ceramic_societies,data_required,"12. Unique policies for data types
Please name all data types for which unique policies are required according to the RDP (Please separate all data types be semicolon, e.g. crystal structures; Protein sequence)",False,,no text,2,open,
Taylor & Francis,journal_of_asian_ceramic_societies,code_required,13. Code sharing requirements,True,Difficulty in matching information and question,Code sharing encouraged but optional.,2,multiple_choice,0.5
Taylor & Francis,journal_of_asian_ceramic_societies,code_reproducibility,14. Code Reproducibility,False,,No mention of dependencies for research code.,2,multiple_choice,0.0
Taylor & Francis,journal_of_asian_ceramic_societies,code_versioning,15. Versioning and persistent identifiers,False,,No mention of a persistent identifier or specifying a version of developed code.,2,multiple_choice,0.0
Taylor & Francis,journal_of_asian_ceramic_societies,code_quality,16. Code Quality Standards,False,,The journal policies do not mention any code quality standards.,2,multiple_choice,0.0
Taylor & Francis,journal_of_asian_ceramic_societies,code_autotest,17. Automatic Testing,False,,No mention of automatic testing to verify code functionality.,2,multiple_choice,0.0
Taylor & Francis,journal_of_asian_ceramic_societies,code_docs,18. Code Documentation,False,,No mention of standards for code documentation.,2,multiple_choice,0.0
Taylor & Francis,journal_of_asian_ceramic_societies,code_linting,19. Linting Standards,False,,No mention of linting standards for code.,2,multiple_choice,0.0
Taylor & Francis,journal_of_asian_ceramic_societies,code_development,20. Code Development,False,,No mention of standards for code development such as continuous integration.,2,multiple_choice,0.0
Taylor & Francis,nanotoxicology,rdp_exist,1. Existence of research data policy,False,,Research Data Policy (RDP) exists.,2,multiple_choice,1.0
Taylor & Francis,nanotoxicology,data_sharing,3. Data sharing requirements in RDP,False,,Data sharing required but not publicly (e.g. available upon request is allowed).,2,multiple_choice,0.5
Taylor & Francis,nanotoxicology,data_fair,4. FAIR data sharing (see https://www.go-fair.org/fair-principles/ for a definition of FAIR),False,,Public data sharing on a FAIR repository encouraged.,2,multiple_choice,0.33
Taylor & Francis,nanotoxicology,data_availability,2. Data availability statement,False,,Required according to the RDP.,2,multiple_choice,1.0
Taylor & Francis,nanotoxicology,data_citability,5. Citability and findability of data ,False,,DOIs or other persistent identifiers recommended for datasets or codes.,2,multiple_choice,0.5
Taylor & Francis,nanotoxicology,data_timing,7. Timing of data release,False,,Required data must be available prior to review process.,2,multiple_choice,1.0
Taylor & Francis,nanotoxicology,data_sharing_method,8. Recommended data sharing method,True,Difficulty in matching information and question,Data is shared upon request to authors in RDP.,2,multiple_choice,0.2
Taylor & Francis,nanotoxicology,data_licenses,9. Recommended/required licenses,False,,No mention of data/code licenses in RDP.,2,multiple_choice,0.0
Taylor & Francis,nanotoxicology,data_referee,10. Referee guidelines concerning research data,True,Difficulty in matching information and question,Data sharing policy mentioned in refereeing guidelines.,2,multiple_choice,0.33
Taylor & Francis,nanotoxicology,data_recommended,"11. Unique policies for data types
Please name all data types for which unique policies are recommended according to the RDP (Please separate all data types be semicolon, e.g. crystal structures; Protein sequence)",False,,no text,2,open,
Taylor & Francis,nanotoxicology,data_required,"12. Unique policies for data types
Please name all data types for which unique policies are required according to the RDP (Please separate all data types be semicolon, e.g. crystal structures; Protein sequence)",False,,no text,2,open,
Taylor & Francis,nanotoxicology,code_required,13. Code sharing requirements,True,Difficulty in matching information and question,Code sharing encouraged but optional.,2,multiple_choice,0.5
Taylor & Francis,nanotoxicology,code_reproducibility,14. Code Reproducibility,False,,No mention of dependencies for research code.,2,multiple_choice,0.0
Taylor & Francis,nanotoxicology,code_versioning,15. Versioning and persistent identifiers,False,,No mention of a persistent identifier or specifying a version of developed code.,2,multiple_choice,0.0
Taylor & Francis,nanotoxicology,code_quality,16. Code Quality Standards,False,,The journal policies do not mention any code quality standards.,2,multiple_choice,0.0
Taylor & Francis,nanotoxicology,code_autotest,17. Automatic Testing,False,,No mention of automatic testing to verify code functionality.,2,multiple_choice,0.0
Taylor & Francis,nanotoxicology,code_docs,18. Code Documentation,False,,No mention of standards for code documentation.,2,multiple_choice,0.0
Taylor & Francis,nanotoxicology,code_linting,19. Linting Standards,False,,No mention of linting standards for code.,2,multiple_choice,0.0
Taylor & Francis,nanotoxicology,code_development,20. Code Development,False,,No mention of standards for code development such as continuous integration.,2,multiple_choice,0.0
Taylor & Francis,advanced_composite_materials,rdp_exist,1. Existence of research data policy,False,,Research Data Policy (RDP) exists.,2,multiple_choice,1.0
Taylor & Francis,advanced_composite_materials,data_sharing,3. Data sharing requirements in RDP,False,,Data sharing encouraged but optional.,2,multiple_choice,0.0
Taylor & Francis,advanced_composite_materials,data_fair,4. FAIR data sharing (see https://www.go-fair.org/fair-principles/ for a definition of FAIR),False,,Public data sharing on a FAIR repository encouraged.,2,multiple_choice,0.33
Taylor & Francis,advanced_composite_materials,data_availability,2. Data availability statement,False,,Mentioned in the RDP but optional.,2,multiple_choice,0.5
Taylor & Francis,advanced_composite_materials,data_citability,5. Citability and findability of data ,False,,DOIs or other persistent identifiers recommended for datasets or codes.,2,multiple_choice,0.5
Taylor & Francis,advanced_composite_materials,data_timing,7. Timing of data release,True,Language understanding,Required data must be available prior to review process.,2,multiple_choice,1.0
Taylor & Francis,advanced_composite_materials,data_sharing_method,8. Recommended data sharing method,False,,Public online repositories recommended in RDP.,2,multiple_choice,0.8
Taylor & Francis,advanced_composite_materials,data_licenses,9. Recommended/required licenses,False,,No mention of data/code licenses in RDP.,2,multiple_choice,0.0
Taylor & Francis,advanced_composite_materials,data_referee,10. Referee guidelines concerning research data,False,,Data sharing policy not mentioned in refereeing guidelines.,2,multiple_choice,0.0
Taylor & Francis,advanced_composite_materials,data_recommended,"11. Unique policies for data types
Please name all data types for which unique policies are recommended according to the RDP (Please separate all data types be semicolon, e.g. crystal structures; Protein sequence)",False,,no text,2,open,
Taylor & Francis,advanced_composite_materials,data_required,"12. Unique policies for data types
Please name all data types for which unique policies are required according to the RDP (Please separate all data types be semicolon, e.g. crystal structures; Protein sequence)",False,,no text,2,open,
Taylor & Francis,advanced_composite_materials,code_required,13. Code sharing requirements,False,,Code sharing encouraged but optional.,2,multiple_choice,0.5
Taylor & Francis,advanced_composite_materials,code_reproducibility,14. Code Reproducibility,False,,No mention of dependencies for research code.,2,multiple_choice,0.0
Taylor & Francis,advanced_composite_materials,code_versioning,15. Versioning and persistent identifiers,False,,No mention of a persistent identifier or specifying a version of developed code.,2,multiple_choice,0.0
Taylor & Francis,advanced_composite_materials,code_quality,16. Code Quality Standards,False,,The journal policies do not mention any code quality standards.,2,multiple_choice,0.0
Taylor & Francis,advanced_composite_materials,code_autotest,17. Automatic Testing,False,,No mention of automatic testing to verify code functionality.,2,multiple_choice,0.0
Taylor & Francis,advanced_composite_materials,code_docs,18. Code Documentation,False,,No mention of standards for code documentation.,2,multiple_choice,0.0
Taylor & Francis,advanced_composite_materials,code_linting,19. Linting Standards,False,,No mention of linting standards for code.,2,multiple_choice,0.0
Taylor & Francis,advanced_composite_materials,code_development,20. Code Development,False,,No mention of standards for code development such as continuous integration.,2,multiple_choice,0.0
Taylor & Francis,international_journal_of_nanomedicine,rdp_exist,1. Existence of research data policy,False,,Research Data Policy (RDP) exists.,2,multiple_choice,1.0
Taylor & Francis,international_journal_of_nanomedicine,data_sharing,3. Data sharing requirements in RDP,True,Difficulty in matching information and question,Data sharing encouraged but optional.,2,multiple_choice,0.0
Taylor & Francis,international_journal_of_nanomedicine,data_fair,4. FAIR data sharing (see https://www.go-fair.org/fair-principles/ for a definition of FAIR),True,Difficulty in matching information and question,Public data sharing on a FAIR repository encouraged.,2,multiple_choice,0.33
Taylor & Francis,international_journal_of_nanomedicine,data_availability,2. Data availability statement,False,,Mentioned in the RDP but optional.,2,multiple_choice,0.5
Taylor & Francis,international_journal_of_nanomedicine,data_citability,5. Citability and findability of data ,False,,DOIs or other persistent identifiers recommended for datasets or codes.,2,multiple_choice,0.5
Taylor & Francis,international_journal_of_nanomedicine,data_timing,7. Timing of data release,False,,Required data must be available prior to review process.,2,multiple_choice,1.0
Taylor & Francis,international_journal_of_nanomedicine,data_sharing_method,8. Recommended data sharing method,True,Difficulty in matching information and question,Multiple data sharing methods equally recommended in RDP.,2,multiple_choice,0.4
Taylor & Francis,international_journal_of_nanomedicine,data_licenses,9. Recommended/required licenses,False,,No mention of data/code licenses in RDP.,2,multiple_choice,0.0
Taylor & Francis,international_journal_of_nanomedicine,data_referee,10. Referee guidelines concerning research data,False,,Data sharing policy not mentioned in refereeing guidelines.,2,multiple_choice,0.0
Taylor & Francis,international_journal_of_nanomedicine,data_recommended,"11. Unique policies for data types
Please name all data types for which unique policies are recommended according to the RDP (Please separate all data types be semicolon, e.g. crystal structures; Protein sequence)",False,,no text,2,open,
Taylor & Francis,international_journal_of_nanomedicine,data_required,"12. Unique policies for data types
Please name all data types for which unique policies are required according to the RDP (Please separate all data types be semicolon, e.g. crystal structures; Protein sequence)",False,,no text,2,open,
Taylor & Francis,international_journal_of_nanomedicine,code_required,13. Code sharing requirements,True,Difficulty in matching information and question,Code sharing encouraged but optional.,2,multiple_choice,0.5
Taylor & Francis,international_journal_of_nanomedicine,code_reproducibility,14. Code Reproducibility,False,,No mention of dependencies for research code.,2,multiple_choice,0.0
Taylor & Francis,international_journal_of_nanomedicine,code_versioning,15. Versioning and persistent identifiers,False,,No mention of a persistent identifier or specifying a version of developed code.,2,multiple_choice,0.0
Taylor & Francis,international_journal_of_nanomedicine,code_quality,16. Code Quality Standards,False,,The journal policies do not mention any code quality standards.,2,multiple_choice,0.0
Taylor & Francis,international_journal_of_nanomedicine,code_autotest,17. Automatic Testing,False,,No mention of automatic testing to verify code functionality.,2,multiple_choice,0.0
Taylor & Francis,international_journal_of_nanomedicine,code_docs,18. Code Documentation,False,,No mention of standards for code documentation.,2,multiple_choice,0.0
Taylor & Francis,international_journal_of_nanomedicine,code_linting,19. Linting Standards,False,,No mention of linting standards for code.,2,multiple_choice,0.0
Taylor & Francis,international_journal_of_nanomedicine,code_development,20. Code Development,False,,No mention of standards for code development such as continuous integration.,2,multiple_choice,0.0
Taylor & Francis,ferroelectrics,rdp_exist,1. Existence of research data policy,True,Language understanding,Research Data Policy (RDP) exists.,2,multiple_choice,1.0
Taylor & Francis,ferroelectrics,data_sharing,3. Data sharing requirements in RDP,True,Language understanding,Public data sharing of all data required.,2,multiple_choice,1.0
Taylor & Francis,ferroelectrics,data_fair,4. FAIR data sharing (see https://www.go-fair.org/fair-principles/ for a definition of FAIR),True,Language understanding,Public data sharing on a FAIR repository encouraged.,2,multiple_choice,0.33
Taylor & Francis,ferroelectrics,data_availability,2. Data availability statement,True,Language understanding,Required according to the RDP.,2,multiple_choice,1.0
Taylor & Francis,ferroelectrics,data_citability,5. Citability and findability of data ,True,Language understanding,DOIs or other persistent identifiers recommended for datasets or codes.,2,multiple_choice,0.5
Taylor & Francis,ferroelectrics,data_timing,7. Timing of data release,True,Language understanding,Required data must be available prior to review process.,2,multiple_choice,1.0
Taylor & Francis,ferroelectrics,data_sharing_method,8. Recommended data sharing method,True,Language understanding,Public online repositories recommended in RDP.,2,multiple_choice,0.8
Taylor & Francis,ferroelectrics,data_licenses,9. Recommended/required licenses,False,,No mention of data/code licenses in RDP.,2,multiple_choice,0.0
Taylor & Francis,ferroelectrics,data_referee,10. Referee guidelines concerning research data,True,Language understanding,Data sharing policy mentioned in refereeing guidelines.,2,multiple_choice,0.33
Taylor & Francis,ferroelectrics,data_recommended,"11. Unique policies for data types
Please name all data types for which unique policies are recommended according to the RDP (Please separate all data types be semicolon, e.g. crystal structures; Protein sequence)",False,,no text,2,open,
Taylor & Francis,ferroelectrics,data_required,"12. Unique policies for data types
Please name all data types for which unique policies are required according to the RDP (Please separate all data types be semicolon, e.g. crystal structures; Protein sequence)",False,,no text,2,open,
Taylor & Francis,ferroelectrics,code_required,13. Code sharing requirements,True,Language understanding,Code sharing not mentioned.,2,multiple_choice,0.0
Taylor & Francis,ferroelectrics,code_reproducibility,14. Code Reproducibility,False,,No mention of dependencies for research code.,2,multiple_choice,0.0
Taylor & Francis,ferroelectrics,code_versioning,15. Versioning and persistent identifiers,False,,No mention of a persistent identifier or specifying a version of developed code.,2,multiple_choice,0.0
Taylor & Francis,ferroelectrics,code_quality,16. Code Quality Standards,False,,The journal policies do not mention any code quality standards.,2,multiple_choice,0.0
Taylor & Francis,ferroelectrics,code_autotest,17. Automatic Testing,False,,No mention of automatic testing to verify code functionality.,2,multiple_choice,0.0
Taylor & Francis,ferroelectrics,code_docs,18. Code Documentation,False,,No mention of standards for code documentation.,2,multiple_choice,0.0
Taylor & Francis,ferroelectrics,code_linting,19. Linting Standards,False,,No mention of linting standards for code.,2,multiple_choice,0.0
Taylor & Francis,ferroelectrics,code_development,20. Code Development,False,,No mention of standards for code development such as continuous integration.,2,multiple_choice,0.0
Taylor & Francis,journal_of_macromolecular_science_part_b,rdp_exist,1. Existence of research data policy,False,,Research Data Policy (RDP) exists.,2,multiple_choice,1.0
Taylor & Francis,journal_of_macromolecular_science_part_b,data_sharing,3. Data sharing requirements in RDP,False,,Data sharing encouraged but optional.,2,multiple_choice,0.0
Taylor & Francis,journal_of_macromolecular_science_part_b,data_fair,4. FAIR data sharing (see https://www.go-fair.org/fair-principles/ for a definition of FAIR),False,,Public data sharing on a FAIR repository encouraged.,2,multiple_choice,0.33
Taylor & Francis,journal_of_macromolecular_science_part_b,data_availability,2. Data availability statement,False,,Mentioned in the RDP but optional.,2,multiple_choice,0.5
Taylor & Francis,journal_of_macromolecular_science_part_b,data_citability,5. Citability and findability of data ,False,,DOIs or other persistent identifiers recommended for datasets or codes.,2,multiple_choice,0.5
Taylor & Francis,journal_of_macromolecular_science_part_b,data_timing,7. Timing of data release,True,Language understanding,Required data must be available prior to review process.,2,multiple_choice,1.0
Taylor & Francis,journal_of_macromolecular_science_part_b,data_sharing_method,8. Recommended data sharing method,False,,Public online repositories recommended in RDP.,2,multiple_choice,0.8
Taylor & Francis,journal_of_macromolecular_science_part_b,data_licenses,9. Recommended/required licenses,False,,No mention of data/code licenses in RDP.,2,multiple_choice,0.0
Taylor & Francis,journal_of_macromolecular_science_part_b,data_referee,10. Referee guidelines concerning research data,False,,Data sharing policy not mentioned in refereeing guidelines.,2,multiple_choice,0.0
Taylor & Francis,journal_of_macromolecular_science_part_b,data_recommended,"11. Unique policies for data types
Please name all data types for which unique policies are recommended according to the RDP (Please separate all data types be semicolon, e.g. crystal structures; Protein sequence)",False,,no text,2,open,
Taylor & Francis,journal_of_macromolecular_science_part_b,data_required,"12. Unique policies for data types
Please name all data types for which unique policies are required according to the RDP (Please separate all data types be semicolon, e.g. crystal structures; Protein sequence)",False,,no text,2,open,
Taylor & Francis,journal_of_macromolecular_science_part_b,code_required,13. Code sharing requirements,False,,Code sharing encouraged but optional.,2,multiple_choice,0.5
Taylor & Francis,journal_of_macromolecular_science_part_b,code_reproducibility,14. Code Reproducibility,False,,No mention of dependencies for research code.,2,multiple_choice,0.0
Taylor & Francis,journal_of_macromolecular_science_part_b,code_versioning,15. Versioning and persistent identifiers,False,,No mention of a persistent identifier or specifying a version of developed code.,2,multiple_choice,0.0
Taylor & Francis,journal_of_macromolecular_science_part_b,code_quality,16. Code Quality Standards,False,,The journal policies do not mention any code quality standards.,2,multiple_choice,0.0
Taylor & Francis,journal_of_macromolecular_science_part_b,code_autotest,17. Automatic Testing,False,,No mention of automatic testing to verify code functionality.,2,multiple_choice,0.0
Taylor & Francis,journal_of_macromolecular_science_part_b,code_docs,18. Code Documentation,False,,No mention of standards for code documentation.,2,multiple_choice,0.0
Taylor & Francis,journal_of_macromolecular_science_part_b,code_linting,19. Linting Standards,False,,No mention of linting standards for code.,2,multiple_choice,0.0
Taylor & Francis,journal_of_macromolecular_science_part_b,code_development,20. Code Development,False,,No mention of standards for code development such as continuous integration.,2,multiple_choice,0.0
Taylor & Francis,polycyclic_aromatic_compounds,rdp_exist,1. Existence of research data policy,False,,Research Data Policy (RDP) exists.,2,multiple_choice,1.0
Taylor & Francis,polycyclic_aromatic_compounds,data_sharing,3. Data sharing requirements in RDP,False,,Data sharing encouraged but optional.,2,multiple_choice,0.0
Taylor & Francis,polycyclic_aromatic_compounds,data_fair,4. FAIR data sharing (see https://www.go-fair.org/fair-principles/ for a definition of FAIR),False,,Public data sharing on a FAIR repository encouraged.,2,multiple_choice,0.33
Taylor & Francis,polycyclic_aromatic_compounds,data_availability,2. Data availability statement,False,,Mentioned in the RDP but optional.,2,multiple_choice,0.5
Taylor & Francis,polycyclic_aromatic_compounds,data_citability,5. Citability and findability of data ,False,,DOIs or other persistent identifiers recommended for datasets or codes.,2,multiple_choice,0.5
Taylor & Francis,polycyclic_aromatic_compounds,data_timing,7. Timing of data release,True,Language understanding,Required data must be available prior to review process.,2,multiple_choice,1.0
Taylor & Francis,polycyclic_aromatic_compounds,data_sharing_method,8. Recommended data sharing method,False,,Public online repositories recommended in RDP.,2,multiple_choice,0.8
Taylor & Francis,polycyclic_aromatic_compounds,data_licenses,9. Recommended/required licenses,False,,No mention of data/code licenses in RDP.,2,multiple_choice,0.0
Taylor & Francis,polycyclic_aromatic_compounds,data_referee,10. Referee guidelines concerning research data,False,,Data sharing policy not mentioned in refereeing guidelines.,2,multiple_choice,0.0
Taylor & Francis,polycyclic_aromatic_compounds,data_recommended,"11. Unique policies for data types
Please name all data types for which unique policies are recommended according to the RDP (Please separate all data types be semicolon, e.g. crystal structures; Protein sequence)",False,,no text,2,open,
Taylor & Francis,polycyclic_aromatic_compounds,data_required,"12. Unique policies for data types
Please name all data types for which unique policies are required according to the RDP (Please separate all data types be semicolon, e.g. crystal structures; Protein sequence)",False,,no text,2,open,
Taylor & Francis,polycyclic_aromatic_compounds,code_required,13. Code sharing requirements,False,,Code sharing encouraged but optional.,2,multiple_choice,0.5
Taylor & Francis,polycyclic_aromatic_compounds,code_reproducibility,14. Code Reproducibility,False,,No mention of dependencies for research code.,2,multiple_choice,0.0
Taylor & Francis,polycyclic_aromatic_compounds,code_versioning,15. Versioning and persistent identifiers,False,,No mention of a persistent identifier or specifying a version of developed code.,2,multiple_choice,0.0
Taylor & Francis,polycyclic_aromatic_compounds,code_quality,16. Code Quality Standards,False,,The journal policies do not mention any code quality standards.,2,multiple_choice,0.0
Taylor & Francis,polycyclic_aromatic_compounds,code_autotest,17. Automatic Testing,False,,No mention of automatic testing to verify code functionality.,2,multiple_choice,0.0
Taylor & Francis,polycyclic_aromatic_compounds,code_docs,18. Code Documentation,False,,No mention of standards for code documentation.,2,multiple_choice,0.0
Taylor & Francis,polycyclic_aromatic_compounds,code_linting,19. Linting Standards,False,,No mention of linting standards for code.,2,multiple_choice,0.0
Taylor & Francis,polycyclic_aromatic_compounds,code_development,20. Code Development,False,,No mention of standards for code development such as continuous integration.,2,multiple_choice,0.0
Taylor & Francis,liquid_crystals,rdp_exist,1. Existence of research data policy,False,,Research Data Policy (RDP) exists.,2,multiple_choice,1.0
Taylor & Francis,liquid_crystals,data_sharing,3. Data sharing requirements in RDP,False,,Data sharing encouraged but optional.,2,multiple_choice,0.0
Taylor & Francis,liquid_crystals,data_fair,4. FAIR data sharing (see https://www.go-fair.org/fair-principles/ for a definition of FAIR),False,,Public data sharing on a FAIR repository encouraged.,2,multiple_choice,0.33
Taylor & Francis,liquid_crystals,data_availability,2. Data availability statement,False,,Mentioned in the RDP but optional.,2,multiple_choice,0.5
Taylor & Francis,liquid_crystals,data_citability,5. Citability and findability of data ,False,,DOIs or other persistent identifiers recommended for datasets or codes.,2,multiple_choice,0.5
Taylor & Francis,liquid_crystals,data_timing,7. Timing of data release,True,Language understanding,Required data must be available prior to review process.,2,multiple_choice,1.0
Taylor & Francis,liquid_crystals,data_sharing_method,8. Recommended data sharing method,False,,Public online repositories recommended in RDP.,2,multiple_choice,0.8
Taylor & Francis,liquid_crystals,data_licenses,9. Recommended/required licenses,False,,No mention of data/code licenses in RDP.,2,multiple_choice,0.0
Taylor & Francis,liquid_crystals,data_referee,10. Referee guidelines concerning research data,False,,Data sharing policy not mentioned in refereeing guidelines.,2,multiple_choice,0.0
Taylor & Francis,liquid_crystals,data_recommended,"11. Unique policies for data types
Please name all data types for which unique policies are recommended according to the RDP (Please separate all data types be semicolon, e.g. crystal structures; Protein sequence)",False,,no text,2,open,
Taylor & Francis,liquid_crystals,data_required,"12. Unique policies for data types
Please name all data types for which unique policies are required according to the RDP (Please separate all data types be semicolon, e.g. crystal structures; Protein sequence)",False,,no text,2,open,
Taylor & Francis,liquid_crystals,code_required,13. Code sharing requirements,False,,Code sharing encouraged but optional.,2,multiple_choice,0.5
Taylor & Francis,liquid_crystals,code_reproducibility,14. Code Reproducibility,False,,No mention of dependencies for research code.,2,multiple_choice,0.0
Taylor & Francis,liquid_crystals,code_versioning,15. Versioning and persistent identifiers,False,,No mention of a persistent identifier or specifying a version of developed code.,2,multiple_choice,0.0
Taylor & Francis,liquid_crystals,code_quality,16. Code Quality Standards,False,,The journal policies do not mention any code quality standards.,2,multiple_choice,0.0
Taylor & Francis,liquid_crystals,code_autotest,17. Automatic Testing,False,,No mention of automatic testing to verify code functionality.,2,multiple_choice,0.0
Taylor & Francis,liquid_crystals,code_docs,18. Code Documentation,False,,No mention of standards for code documentation.,2,multiple_choice,0.0
Taylor & Francis,liquid_crystals,code_linting,19. Linting Standards,False,,No mention of linting standards for code.,2,multiple_choice,0.0
Taylor & Francis,liquid_crystals,code_development,20. Code Development,False,,No mention of standards for code development such as continuous integration.,2,multiple_choice,0.0
Taylor & Francis,materials_research_letters,rdp_exist,1. Existence of research data policy,False,,Research Data Policy (RDP) exists.,2,multiple_choice,1.0
Taylor & Francis,materials_research_letters,data_sharing,3. Data sharing requirements in RDP,False,,Data sharing encouraged but optional.,2,multiple_choice,0.0
Taylor & Francis,materials_research_letters,data_fair,4. FAIR data sharing (see https://www.go-fair.org/fair-principles/ for a definition of FAIR),False,,Public data sharing on a FAIR repository encouraged.,2,multiple_choice,0.33
Taylor & Francis,materials_research_letters,data_availability,2. Data availability statement,False,,Mentioned in the RDP but optional.,2,multiple_choice,0.5
Taylor & Francis,materials_research_letters,data_citability,5. Citability and findability of data ,False,,DOIs or other persistent identifiers recommended for datasets or codes.,2,multiple_choice,0.5
Taylor & Francis,materials_research_letters,data_timing,7. Timing of data release,True,Language understanding,Required data must be available prior to review process.,2,multiple_choice,1.0
Taylor & Francis,materials_research_letters,data_sharing_method,8. Recommended data sharing method,False,,Public online repositories recommended in RDP.,2,multiple_choice,0.8
Taylor & Francis,materials_research_letters,data_licenses,9. Recommended/required licenses,False,,No mention of data/code licenses in RDP.,2,multiple_choice,0.0
Taylor & Francis,materials_research_letters,data_referee,10. Referee guidelines concerning research data,False,,Data sharing policy not mentioned in refereeing guidelines.,2,multiple_choice,0.0
Taylor & Francis,materials_research_letters,data_recommended,"11. Unique policies for data types
Please name all data types for which unique policies are recommended according to the RDP (Please separate all data types be semicolon, e.g. crystal structures; Protein sequence)",False,,no text,2,open,
Taylor & Francis,materials_research_letters,data_required,"12. Unique policies for data types
Please name all data types for which unique policies are required according to the RDP (Please separate all data types be semicolon, e.g. crystal structures; Protein sequence)",False,,no text,2,open,
Taylor & Francis,materials_research_letters,code_required,13. Code sharing requirements,False,,Code sharing encouraged but optional.,2,multiple_choice,0.5
Taylor & Francis,materials_research_letters,code_reproducibility,14. Code Reproducibility,False,,No mention of dependencies for research code.,2,multiple_choice,0.0
Taylor & Francis,materials_research_letters,code_versioning,15. Versioning and persistent identifiers,False,,No mention of a persistent identifier or specifying a version of developed code.,2,multiple_choice,0.0
Taylor & Francis,materials_research_letters,code_quality,16. Code Quality Standards,False,,The journal policies do not mention any code quality standards.,2,multiple_choice,0.0
Taylor & Francis,materials_research_letters,code_autotest,17. Automatic Testing,False,,No mention of automatic testing to verify code functionality.,2,multiple_choice,0.0
Taylor & Francis,materials_research_letters,code_docs,18. Code Documentation,False,,No mention of standards for code documentation.,2,multiple_choice,0.0
Taylor & Francis,materials_research_letters,code_linting,19. Linting Standards,False,,No mention of linting standards for code.,2,multiple_choice,0.0
Taylor & Francis,materials_research_letters,code_development,20. Code Development,False,,No mention of standards for code development such as continuous integration.,2,multiple_choice,0.0
Taylor & Francis,molecular_physics,rdp_exist,1. Existence of research data policy,False,,Research Data Policy (RDP) exists.,2,multiple_choice,1.0
Taylor & Francis,molecular_physics,data_sharing,3. Data sharing requirements in RDP,False,,Data sharing encouraged but optional.,2,multiple_choice,0.0
Taylor & Francis,molecular_physics,data_fair,4. FAIR data sharing (see https://www.go-fair.org/fair-principles/ for a definition of FAIR),False,,Public data sharing on a FAIR repository encouraged.,2,multiple_choice,0.33
Taylor & Francis,molecular_physics,data_availability,2. Data availability statement,False,,Mentioned in the RDP but optional.,2,multiple_choice,0.5
Taylor & Francis,molecular_physics,data_citability,5. Citability and findability of data ,False,,DOIs or other persistent identifiers recommended for datasets or codes.,2,multiple_choice,0.5
Taylor & Francis,molecular_physics,data_timing,7. Timing of data release,True,Language understanding,Required data must be available prior to review process.,2,multiple_choice,1.0
Taylor & Francis,molecular_physics,data_sharing_method,8. Recommended data sharing method,False,,Public online repositories recommended in RDP.,2,multiple_choice,0.8
Taylor & Francis,molecular_physics,data_licenses,9. Recommended/required licenses,False,,No mention of data/code licenses in RDP.,2,multiple_choice,0.0
Taylor & Francis,molecular_physics,data_referee,10. Referee guidelines concerning research data,False,,Data sharing policy not mentioned in refereeing guidelines.,2,multiple_choice,0.0
Taylor & Francis,molecular_physics,data_recommended,"11. Unique policies for data types
Please name all data types for which unique policies are recommended according to the RDP (Please separate all data types be semicolon, e.g. crystal structures; Protein sequence)",False,,no text,2,open,
Taylor & Francis,molecular_physics,data_required,"12. Unique policies for data types
Please name all data types for which unique policies are required according to the RDP (Please separate all data types be semicolon, e.g. crystal structures; Protein sequence)",False,,no text,2,open,
Taylor & Francis,molecular_physics,code_required,13. Code sharing requirements,False,,Code sharing encouraged but optional.,2,multiple_choice,0.5
Taylor & Francis,molecular_physics,code_reproducibility,14. Code Reproducibility,False,,No mention of dependencies for research code.,2,multiple_choice,0.0
Taylor & Francis,molecular_physics,code_versioning,15. Versioning and persistent identifiers,False,,No mention of a persistent identifier or specifying a version of developed code.,2,multiple_choice,0.0
Taylor & Francis,molecular_physics,code_quality,16. Code Quality Standards,False,,The journal policies do not mention any code quality standards.,2,multiple_choice,0.0
Taylor & Francis,molecular_physics,code_autotest,17. Automatic Testing,False,,No mention of automatic testing to verify code functionality.,2,multiple_choice,0.0
Taylor & Francis,molecular_physics,code_docs,18. Code Documentation,False,,No mention of standards for code documentation.,2,multiple_choice,0.0
Taylor & Francis,molecular_physics,code_linting,19. Linting Standards,False,,No mention of linting standards for code.,2,multiple_choice,0.0
Taylor & Francis,molecular_physics,code_development,20. Code Development,False,,No mention of standards for code development such as continuous integration.,2,multiple_choice,0.0
Taylor & Francis,green_chemistry_letters_and_reviews,rdp_exist,1. Existence of research data policy,False,,Research Data Policy (RDP) exists.,2,multiple_choice,1.0
Taylor & Francis,green_chemistry_letters_and_reviews,data_sharing,3. Data sharing requirements in RDP,False,,Data sharing encouraged but optional.,2,multiple_choice,0.0
Taylor & Francis,green_chemistry_letters_and_reviews,data_fair,4. FAIR data sharing (see https://www.go-fair.org/fair-principles/ for a definition of FAIR),False,,Public data sharing on a FAIR repository encouraged.,2,multiple_choice,0.33
Taylor & Francis,green_chemistry_letters_and_reviews,data_availability,2. Data availability statement,False,,Mentioned in the RDP but optional.,2,multiple_choice,0.5
Taylor & Francis,green_chemistry_letters_and_reviews,data_citability,5. Citability and findability of data ,False,,DOIs or other persistent identifiers recommended for datasets or codes.,2,multiple_choice,0.5
Taylor & Francis,green_chemistry_letters_and_reviews,data_timing,7. Timing of data release,True,Language understanding,Required data must be available prior to review process.,2,multiple_choice,1.0
Taylor & Francis,green_chemistry_letters_and_reviews,data_sharing_method,8. Recommended data sharing method,False,,Public online repositories recommended in RDP.,2,multiple_choice,0.8
Taylor & Francis,green_chemistry_letters_and_reviews,data_licenses,9. Recommended/required licenses,False,,No mention of data/code licenses in RDP.,2,multiple_choice,0.0
Taylor & Francis,green_chemistry_letters_and_reviews,data_referee,10. Referee guidelines concerning research data,False,,Data sharing policy not mentioned in refereeing guidelines.,2,multiple_choice,0.0
Taylor & Francis,green_chemistry_letters_and_reviews,data_recommended,"11. Unique policies for data types
Please name all data types for which unique policies are recommended according to the RDP (Please separate all data types be semicolon, e.g. crystal structures; Protein sequence)",False,,no text,2,open,
Taylor & Francis,green_chemistry_letters_and_reviews,data_required,"12. Unique policies for data types
Please name all data types for which unique policies are required according to the RDP (Please separate all data types be semicolon, e.g. crystal structures; Protein sequence)",False,,no text,2,open,
Taylor & Francis,green_chemistry_letters_and_reviews,code_required,13. Code sharing requirements,False,,Code sharing encouraged but optional.,2,multiple_choice,0.5
Taylor & Francis,green_chemistry_letters_and_reviews,code_reproducibility,14. Code Reproducibility,False,,No mention of dependencies for research code.,2,multiple_choice,0.0
Taylor & Francis,green_chemistry_letters_and_reviews,code_versioning,15. Versioning and persistent identifiers,False,,No mention of a persistent identifier or specifying a version of developed code.,2,multiple_choice,0.0
Taylor & Francis,green_chemistry_letters_and_reviews,code_quality,16. Code Quality Standards,False,,The journal policies do not mention any code quality standards.,2,multiple_choice,0.0
Taylor & Francis,green_chemistry_letters_and_reviews,code_autotest,17. Automatic Testing,False,,No mention of automatic testing to verify code functionality.,2,multiple_choice,0.0
Taylor & Francis,green_chemistry_letters_and_reviews,code_docs,18. Code Documentation,False,,No mention of standards for code documentation.,2,multiple_choice,0.0
Taylor & Francis,green_chemistry_letters_and_reviews,code_linting,19. Linting Standards,False,,No mention of linting standards for code.,2,multiple_choice,0.0
Taylor & Francis,green_chemistry_letters_and_reviews,code_development,20. Code Development,False,,No mention of standards for code development such as continuous integration.,2,multiple_choice,0.0
Taylor & Francis,science_and_technology_of_advanced_materials,rdp_exist,1. Existence of research data policy,False,,Research Data Policy (RDP) exists.,2,multiple_choice,1.0
Taylor & Francis,science_and_technology_of_advanced_materials,data_sharing,3. Data sharing requirements in RDP,False,,Data sharing encouraged but optional.,2,multiple_choice,0.0
Taylor & Francis,science_and_technology_of_advanced_materials,data_fair,4. FAIR data sharing (see https://www.go-fair.org/fair-principles/ for a definition of FAIR),False,,Public data sharing on a FAIR repository encouraged.,2,multiple_choice,0.33
Taylor & Francis,science_and_technology_of_advanced_materials,data_availability,2. Data availability statement,False,,Mentioned in the RDP but optional.,2,multiple_choice,0.5
Taylor & Francis,science_and_technology_of_advanced_materials,data_citability,5. Citability and findability of data ,False,,DOIs or other persistent identifiers recommended for datasets or codes.,2,multiple_choice,0.5
Taylor & Francis,science_and_technology_of_advanced_materials,data_timing,7. Timing of data release,True,Language understanding,Required data must be available prior to review process.,2,multiple_choice,1.0
Taylor & Francis,science_and_technology_of_advanced_materials,data_sharing_method,8. Recommended data sharing method,False,,Public online repositories recommended in RDP.,2,multiple_choice,0.8
Taylor & Francis,science_and_technology_of_advanced_materials,data_licenses,9. Recommended/required licenses,False,,No mention of data/code licenses in RDP.,2,multiple_choice,0.0
Taylor & Francis,science_and_technology_of_advanced_materials,data_referee,10. Referee guidelines concerning research data,False,,Data sharing policy not mentioned in refereeing guidelines.,2,multiple_choice,0.0
Taylor & Francis,science_and_technology_of_advanced_materials,data_recommended,"11. Unique policies for data types
Please name all data types for which unique policies are recommended according to the RDP (Please separate all data types be semicolon, e.g. crystal structures; Protein sequence)",False,,no text,2,open,
Taylor & Francis,science_and_technology_of_advanced_materials,data_required,"12. Unique policies for data types
Please name all data types for which unique policies are required according to the RDP (Please separate all data types be semicolon, e.g. crystal structures; Protein sequence)",False,,no text,2,open,
Taylor & Francis,science_and_technology_of_advanced_materials,code_required,13. Code sharing requirements,False,,Code sharing encouraged but optional.,2,multiple_choice,0.5
Taylor & Francis,science_and_technology_of_advanced_materials,code_reproducibility,14. Code Reproducibility,False,,No mention of dependencies for research code.,2,multiple_choice,0.0
Taylor & Francis,science_and_technology_of_advanced_materials,code_versioning,15. Versioning and persistent identifiers,False,,No mention of a persistent identifier or specifying a version of developed code.,2,multiple_choice,0.0
Taylor & Francis,science_and_technology_of_advanced_materials,code_quality,16. Code Quality Standards,False,,The journal policies do not mention any code quality standards.,2,multiple_choice,0.0
Taylor & Francis,science_and_technology_of_advanced_materials,code_autotest,17. Automatic Testing,False,,No mention of automatic testing to verify code functionality.,2,multiple_choice,0.0
Taylor & Francis,science_and_technology_of_advanced_materials,code_docs,18. Code Documentation,False,,No mention of standards for code documentation.,2,multiple_choice,0.0
Taylor & Francis,science_and_technology_of_advanced_materials,code_linting,19. Linting Standards,False,,No mention of linting standards for code.,2,multiple_choice,0.0
Taylor & Francis,science_and_technology_of_advanced_materials,code_development,20. Code Development,False,,No mention of standards for code development such as continuous integration.,2,multiple_choice,0.0
Wiley,carbon_energy,rdp_exist,1. Existence of research data policy,True,Text not found,Research Data Policy (RDP) exists.,2,multiple_choice,1.0
Wiley,carbon_energy,data_sharing,3. Data sharing requirements in RDP,False,,Data sharing encouraged but optional.,2,multiple_choice,0.0
Wiley,carbon_energy,data_fair,4. FAIR data sharing (see https://www.go-fair.org/fair-principles/ for a definition of FAIR),True,Text not found,Public data sharing on a FAIR repository encouraged.,2,multiple_choice,0.33
Wiley,carbon_energy,data_availability,2. Data availability statement,False,,Mentioned in the RDP but optional.,2,multiple_choice,0.5
Wiley,carbon_energy,data_citability,5. Citability and findability of data ,True,Text not found,DOIs or other persistent identifiers recommended for datasets or codes.,2,multiple_choice,0.5
Wiley,carbon_energy,data_timing,7. Timing of data release,False,,Timing of data availability not adressed in RDP.,2,multiple_choice,
Wiley,carbon_energy,data_sharing_method,8. Recommended data sharing method,True,Text not found,Multiple data sharing methods equally recommended in RDP.,2,multiple_choice,0.4
Wiley,carbon_energy,data_licenses,9. Recommended/required licenses,False,,No mention of data/code licenses in RDP.,2,multiple_choice,0.0
Wiley,carbon_energy,data_referee,10. Referee guidelines concerning research data,False,,Data sharing policy not mentioned in refereeing guidelines.,2,multiple_choice,0.0
Wiley,carbon_energy,data_recommended,"11. Unique policies for data types
Please name all data types for which unique policies are recommended according to the RDP (Please separate all data types be semicolon, e.g. crystal structures; Protein sequence)",True,Language understanding,not mentioned,2,open,
Wiley,carbon_energy,data_required,"12. Unique policies for data types
Please name all data types for which unique policies are required according to the RDP (Please separate all data types be semicolon, e.g. crystal structures; Protein sequence)",True,Language understanding,not mentioned,2,open,
Wiley,carbon_energy,code_required,13. Code sharing requirements,True,Language understanding,Code sharing not mentioned.,2,multiple_choice,0.0
Wiley,carbon_energy,code_reproducibility,14. Code Reproducibility,False,,No mention of dependencies for research code.,2,multiple_choice,0.0
Wiley,carbon_energy,code_versioning,15. Versioning and persistent identifiers,False,,No mention of a persistent identifier or specifying a version of developed code.,2,multiple_choice,0.0
Wiley,carbon_energy,code_quality,16. Code Quality Standards,False,,The journal policies do not mention any code quality standards.,2,multiple_choice,0.0
Wiley,carbon_energy,code_autotest,17. Automatic Testing,False,,No mention of automatic testing to verify code functionality.,2,multiple_choice,0.0
Wiley,carbon_energy,code_docs,18. Code Documentation,False,,No mention of standards for code documentation.,2,multiple_choice,0.0
Wiley,carbon_energy,code_linting,19. Linting Standards,False,,No mention of linting standards for code.,2,multiple_choice,0.0
Wiley,carbon_energy,code_development,20. Code Development,False,,No mention of standards for code development such as continuous integration.,2,multiple_choice,0.0
Wiley,small,rdp_exist,1. Existence of research data policy,True,Text not found,Research Data Policy (RDP) exists.,2,multiple_choice,1.0
Wiley,small,data_sharing,3. Data sharing requirements in RDP,False,,Data sharing encouraged but optional.,2,multiple_choice,0.0
Wiley,small,data_fair,4. FAIR data sharing (see https://www.go-fair.org/fair-principles/ for a definition of FAIR),True,Text not found,Public data sharing on a FAIR repository encouraged.,2,multiple_choice,0.33
Wiley,small,data_availability,2. Data availability statement,False,,Mentioned in the RDP but optional.,2,multiple_choice,0.5
Wiley,small,data_citability,5. Citability and findability of data ,True,Text not found,DOIs or other persistent identifiers recommended for datasets or codes.,2,multiple_choice,0.5
Wiley,small,data_timing,7. Timing of data release,False,,Timing of data availability not adressed in RDP.,2,multiple_choice,
Wiley,small,data_sharing_method,8. Recommended data sharing method,True,Text not found,Multiple data sharing methods equally recommended in RDP.,2,multiple_choice,0.4
Wiley,small,data_licenses,9. Recommended/required licenses,False,,No mention of data/code licenses in RDP.,2,multiple_choice,0.0
Wiley,small,data_referee,10. Referee guidelines concerning research data,False,,Data sharing policy not mentioned in refereeing guidelines.,2,multiple_choice,0.0
Wiley,small,data_recommended,"11. Unique policies for data types
Please name all data types for which unique policies are recommended according to the RDP (Please separate all data types be semicolon, e.g. crystal structures; Protein sequence)",True,Language understanding,not mentioned,2,open,
Wiley,small,data_required,"12. Unique policies for data types
Please name all data types for which unique policies are required according to the RDP (Please separate all data types be semicolon, e.g. crystal structures; Protein sequence)",True,Language understanding,not mentioned,2,open,
Wiley,small,code_required,13. Code sharing requirements,True,Language understanding,Code sharing not mentioned.,2,multiple_choice,0.0
Wiley,small,code_reproducibility,14. Code Reproducibility,False,,No mention of dependencies for research code.,2,multiple_choice,0.0
Wiley,small,code_versioning,15. Versioning and persistent identifiers,False,,No mention of a persistent identifier or specifying a version of developed code.,2,multiple_choice,0.0
Wiley,small,code_quality,16. Code Quality Standards,False,,The journal policies do not mention any code quality standards.,2,multiple_choice,0.0
Wiley,small,code_autotest,17. Automatic Testing,False,,No mention of automatic testing to verify code functionality.,2,multiple_choice,0.0
Wiley,small,code_docs,18. Code Documentation,False,,No mention of standards for code documentation.,2,multiple_choice,0.0
Wiley,small,code_linting,19. Linting Standards,False,,No mention of linting standards for code.,2,multiple_choice,0.0
Wiley,small,code_development,20. Code Development,False,,No mention of standards for code development such as continuous integration.,2,multiple_choice,0.0
Wiley,batteries_and_supercaps,rdp_exist,1. Existence of research data policy,False,,Research Data Policy (RDP) exists.,2,multiple_choice,1.0
Wiley,batteries_and_supercaps,data_sharing,3. Data sharing requirements in RDP,False,,Data sharing encouraged but optional.,2,multiple_choice,0.0
Wiley,batteries_and_supercaps,data_fair,4. FAIR data sharing (see https://www.go-fair.org/fair-principles/ for a definition of FAIR),True,Text not found,Public data sharing on a FAIR repository encouraged.,2,multiple_choice,0.33
Wiley,batteries_and_supercaps,data_availability,2. Data availability statement,True,Text not found,Mentioned in the RDP but optional.,2,multiple_choice,0.5
Wiley,batteries_and_supercaps,data_citability,5. Citability and findability of data ,True,Text not found,DOIs or other persistent identifiers recommended for datasets or codes.,2,multiple_choice,0.5
Wiley,batteries_and_supercaps,data_timing,7. Timing of data release,True,Text not found,Timing of data availability not adressed in RDP.,2,multiple_choice,
Wiley,batteries_and_supercaps,data_sharing_method,8. Recommended data sharing method,True,Text not found,Multiple data sharing methods equally recommended in RDP.,2,multiple_choice,0.4
Wiley,batteries_and_supercaps,data_licenses,9. Recommended/required licenses,False,,No mention of data/code licenses in RDP.,2,multiple_choice,0.0
Wiley,batteries_and_supercaps,data_referee,10. Referee guidelines concerning research data,True,Language understanding,Data sharing policy not mentioned in refereeing guidelines.,2,multiple_choice,0.0
Wiley,batteries_and_supercaps,data_recommended,"11. Unique policies for data types
Please name all data types for which unique policies are recommended according to the RDP (Please separate all data types be semicolon, e.g. crystal structures; Protein sequence)",True,Language understanding,not mentioned,2,open,
Wiley,batteries_and_supercaps,data_required,"12. Unique policies for data types
Please name all data types for which unique policies are required according to the RDP (Please separate all data types be semicolon, e.g. crystal structures; Protein sequence)",True,Language understanding,not mentioned,2,open,
Wiley,batteries_and_supercaps,code_required,13. Code sharing requirements,True,Language understanding,Code sharing encouraged but optional.,2,multiple_choice,0.5
Wiley,batteries_and_supercaps,code_reproducibility,14. Code Reproducibility,False,,No mention of dependencies for research code.,2,multiple_choice,0.0
Wiley,batteries_and_supercaps,code_versioning,15. Versioning and persistent identifiers,False,,No mention of a persistent identifier or specifying a version of developed code.,2,multiple_choice,0.0
Wiley,batteries_and_supercaps,code_quality,16. Code Quality Standards,False,,The journal policies do not mention any code quality standards.,2,multiple_choice,0.0
Wiley,batteries_and_supercaps,code_autotest,17. Automatic Testing,False,,No mention of automatic testing to verify code functionality.,2,multiple_choice,0.0
Wiley,batteries_and_supercaps,code_docs,18. Code Documentation,False,,No mention of standards for code documentation.,2,multiple_choice,0.0
Wiley,batteries_and_supercaps,code_linting,19. Linting Standards,False,,No mention of linting standards for code.,2,multiple_choice,0.0
Wiley,batteries_and_supercaps,code_development,20. Code Development,False,,No mention of standards for code development such as continuous integration.,2,multiple_choice,0.0
Wiley,microscopy_research_and_technique,rdp_exist,1. Existence of research data policy,True,Text not found,Research Data Policy (RDP) exists.,2,multiple_choice,1.0
Wiley,microscopy_research_and_technique,data_sharing,3. Data sharing requirements in RDP,False,,Data sharing encouraged but optional.,2,multiple_choice,0.0
Wiley,microscopy_research_and_technique,data_fair,4. FAIR data sharing (see https://www.go-fair.org/fair-principles/ for a definition of FAIR),True,Text not found,Public data sharing on a FAIR repository encouraged.,2,multiple_choice,0.33
Wiley,microscopy_research_and_technique,data_availability,2. Data availability statement,False,,Mentioned in the RDP but optional.,2,multiple_choice,0.5
Wiley,microscopy_research_and_technique,data_citability,5. Citability and findability of data ,True,Text not found,DOIs or other persistent identifiers recommended for datasets or codes.,2,multiple_choice,0.5
Wiley,microscopy_research_and_technique,data_timing,7. Timing of data release,False,,Timing of data availability not adressed in RDP.,2,multiple_choice,
Wiley,microscopy_research_and_technique,data_sharing_method,8. Recommended data sharing method,True,Text not found,Multiple data sharing methods equally recommended in RDP.,2,multiple_choice,0.4
Wiley,microscopy_research_and_technique,data_licenses,9. Recommended/required licenses,False,,No mention of data/code licenses in RDP.,2,multiple_choice,0.0
Wiley,microscopy_research_and_technique,data_referee,10. Referee guidelines concerning research data,False,,Data sharing policy not mentioned in refereeing guidelines.,2,multiple_choice,0.0
Wiley,microscopy_research_and_technique,data_recommended,"11. Unique policies for data types
Please name all data types for which unique policies are recommended according to the RDP (Please separate all data types be semicolon, e.g. crystal structures; Protein sequence)",True,Language understanding,not mentioned,2,open,
Wiley,microscopy_research_and_technique,data_required,"12. Unique policies for data types
Please name all data types for which unique policies are required according to the RDP (Please separate all data types be semicolon, e.g. crystal structures; Protein sequence)",True,Language understanding,not mentioned,2,open,
Wiley,microscopy_research_and_technique,code_required,13. Code sharing requirements,True,Language understanding,Code sharing not mentioned.,2,multiple_choice,0.0
Wiley,microscopy_research_and_technique,code_reproducibility,14. Code Reproducibility,False,,No mention of dependencies for research code.,2,multiple_choice,0.0
Wiley,microscopy_research_and_technique,code_versioning,15. Versioning and persistent identifiers,False,,No mention of a persistent identifier or specifying a version of developed code.,2,multiple_choice,0.0
Wiley,microscopy_research_and_technique,code_quality,16. Code Quality Standards,False,,The journal policies do not mention any code quality standards.,2,multiple_choice,0.0
Wiley,microscopy_research_and_technique,code_autotest,17. Automatic Testing,False,,No mention of automatic testing to verify code functionality.,2,multiple_choice,0.0
Wiley,microscopy_research_and_technique,code_docs,18. Code Documentation,False,,No mention of standards for code documentation.,2,multiple_choice,0.0
Wiley,microscopy_research_and_technique,code_linting,19. Linting Standards,False,,No mention of linting standards for code.,2,multiple_choice,0.0
Wiley,microscopy_research_and_technique,code_development,20. Code Development,False,,No mention of standards for code development such as continuous integration.,2,multiple_choice,0.0
Wiley,journal_of_physical_organic_chemistry,rdp_exist,1. Existence of research data policy,True,Text not found,Research Data Policy (RDP) exists.,2,multiple_choice,1.0
Wiley,journal_of_physical_organic_chemistry,data_sharing,3. Data sharing requirements in RDP,True,Text not found,Data sharing encouraged but optional.,2,multiple_choice,0.0
Wiley,journal_of_physical_organic_chemistry,data_fair,4. FAIR data sharing (see https://www.go-fair.org/fair-principles/ for a definition of FAIR),True,Text not found,Public data sharing on a FAIR repository encouraged.,2,multiple_choice,0.33
Wiley,journal_of_physical_organic_chemistry,data_availability,2. Data availability statement,True,Text not found,Mentioned in the RDP but optional.,2,multiple_choice,0.5
Wiley,journal_of_physical_organic_chemistry,data_citability,5. Citability and findability of data ,True,Text not found,DOIs or other persistent identifiers recommended for datasets or codes.,2,multiple_choice,0.5
Wiley,journal_of_physical_organic_chemistry,data_timing,7. Timing of data release,False,,Timing of data availability not adressed in RDP.,2,multiple_choice,
Wiley,journal_of_physical_organic_chemistry,data_sharing_method,8. Recommended data sharing method,True,Text not found,Multiple data sharing methods equally recommended in RDP.,2,multiple_choice,0.4
Wiley,journal_of_physical_organic_chemistry,data_licenses,9. Recommended/required licenses,False,,No mention of data/code licenses in RDP.,2,multiple_choice,0.0
Wiley,journal_of_physical_organic_chemistry,data_referee,10. Referee guidelines concerning research data,False,,Data sharing policy not mentioned in refereeing guidelines.,2,multiple_choice,0.0
Wiley,journal_of_physical_organic_chemistry,data_recommended,"11. Unique policies for data types
Please name all data types for which unique policies are recommended according to the RDP (Please separate all data types be semicolon, e.g. crystal structures; Protein sequence)",True,Text not found,not mentioned,2,open,
Wiley,journal_of_physical_organic_chemistry,data_required,"12. Unique policies for data types
Please name all data types for which unique policies are required according to the RDP (Please separate all data types be semicolon, e.g. crystal structures; Protein sequence)",True,Text not found,not mentioned,2,open,
Wiley,journal_of_physical_organic_chemistry,code_required,13. Code sharing requirements,False,,Code sharing not mentioned.,2,multiple_choice,0.0
Wiley,journal_of_physical_organic_chemistry,code_reproducibility,14. Code Reproducibility,False,,No mention of dependencies for research code.,2,multiple_choice,0.0
Wiley,journal_of_physical_organic_chemistry,code_versioning,15. Versioning and persistent identifiers,False,,No mention of a persistent identifier or specifying a version of developed code.,2,multiple_choice,0.0
Wiley,journal_of_physical_organic_chemistry,code_quality,16. Code Quality Standards,False,,The journal policies do not mention any code quality standards.,2,multiple_choice,0.0
Wiley,journal_of_physical_organic_chemistry,code_autotest,17. Automatic Testing,False,,No mention of automatic testing to verify code functionality.,2,multiple_choice,0.0
Wiley,journal_of_physical_organic_chemistry,code_docs,18. Code Documentation,False,,No mention of standards for code documentation.,2,multiple_choice,0.0
Wiley,journal_of_physical_organic_chemistry,code_linting,19. Linting Standards,False,,No mention of linting standards for code.,2,multiple_choice,0.0
Wiley,journal_of_physical_organic_chemistry,code_development,20. Code Development,False,,No mention of standards for code development such as continuous integration.,2,multiple_choice,0.0
Wiley,advanced_materials,rdp_exist,1. Existence of research data policy,True,Text not found,Research Data Policy (RDP) exists.,2,multiple_choice,1.0
Wiley,advanced_materials,data_sharing,3. Data sharing requirements in RDP,False,,Data sharing encouraged but optional.,2,multiple_choice,0.0
Wiley,advanced_materials,data_fair,4. FAIR data sharing (see https://www.go-fair.org/fair-principles/ for a definition of FAIR),True,Text not found,Public data sharing on a FAIR repository encouraged.,2,multiple_choice,0.33
Wiley,advanced_materials,data_availability,2. Data availability statement,False,,Mentioned in the RDP but optional.,2,multiple_choice,0.5
Wiley,advanced_materials,data_citability,5. Citability and findability of data ,True,Text not found,DOIs or other persistent identifiers recommended for datasets or codes.,2,multiple_choice,0.5
Wiley,advanced_materials,data_timing,7. Timing of data release,False,,Timing of data availability not adressed in RDP.,2,multiple_choice,
Wiley,advanced_materials,data_sharing_method,8. Recommended data sharing method,True,Text not found,Multiple data sharing methods equally recommended in RDP.,2,multiple_choice,0.4
Wiley,advanced_materials,data_licenses,9. Recommended/required licenses,False,,No mention of data/code licenses in RDP.,2,multiple_choice,0.0
Wiley,advanced_materials,data_referee,10. Referee guidelines concerning research data,False,,Data sharing policy not mentioned in refereeing guidelines.,2,multiple_choice,0.0
Wiley,advanced_materials,data_recommended,"11. Unique policies for data types
Please name all data types for which unique policies are recommended according to the RDP (Please separate all data types be semicolon, e.g. crystal structures; Protein sequence)",True,Language understanding,not mentioned,2,open,
Wiley,advanced_materials,data_required,"12. Unique policies for data types
Please name all data types for which unique policies are required according to the RDP (Please separate all data types be semicolon, e.g. crystal structures; Protein sequence)",True,Language understanding,not mentioned,2,open,
Wiley,advanced_materials,code_required,13. Code sharing requirements,True,Language understanding,Code sharing not mentioned.,2,multiple_choice,0.0
Wiley,advanced_materials,code_reproducibility,14. Code Reproducibility,False,,No mention of dependencies for research code.,2,multiple_choice,0.0
Wiley,advanced_materials,code_versioning,15. Versioning and persistent identifiers,False,,No mention of a persistent identifier or specifying a version of developed code.,2,multiple_choice,0.0
Wiley,advanced_materials,code_quality,16. Code Quality Standards,False,,The journal policies do not mention any code quality standards.,2,multiple_choice,0.0
Wiley,advanced_materials,code_autotest,17. Automatic Testing,False,,No mention of automatic testing to verify code functionality.,2,multiple_choice,0.0
Wiley,advanced_materials,code_docs,18. Code Documentation,False,,No mention of standards for code documentation.,2,multiple_choice,0.0
Wiley,advanced_materials,code_linting,19. Linting Standards,False,,No mention of linting standards for code.,2,multiple_choice,0.0
Wiley,advanced_materials,code_development,20. Code Development,False,,No mention of standards for code development such as continuous integration.,2,multiple_choice,0.0
Wiley,infomat,rdp_exist,1. Existence of research data policy,True,Text not found,Research Data Policy (RDP) exists.,2,multiple_choice,1.0
Wiley,infomat,data_sharing,3. Data sharing requirements in RDP,False,,Data sharing encouraged but optional.,2,multiple_choice,0.0
Wiley,infomat,data_fair,4. FAIR data sharing (see https://www.go-fair.org/fair-principles/ for a definition of FAIR),True,Text not found,Public data sharing on a FAIR repository encouraged.,2,multiple_choice,0.33
Wiley,infomat,data_availability,2. Data availability statement,False,,Mentioned in the RDP but optional.,2,multiple_choice,0.5
Wiley,infomat,data_citability,5. Citability and findability of data ,True,Text not found,DOIs or other persistent identifiers recommended for datasets or codes.,2,multiple_choice,0.5
Wiley,infomat,data_timing,7. Timing of data release,False,,Timing of data availability not adressed in RDP.,2,multiple_choice,
Wiley,infomat,data_sharing_method,8. Recommended data sharing method,True,Text not found,Multiple data sharing methods equally recommended in RDP.,2,multiple_choice,0.4
Wiley,infomat,data_licenses,9. Recommended/required licenses,False,,No mention of data/code licenses in RDP.,2,multiple_choice,0.0
Wiley,infomat,data_referee,10. Referee guidelines concerning research data,False,,Data sharing policy not mentioned in refereeing guidelines.,2,multiple_choice,0.0
Wiley,infomat,data_recommended,"11. Unique policies for data types
Please name all data types for which unique policies are recommended according to the RDP (Please separate all data types be semicolon, e.g. crystal structures; Protein sequence)",True,Language understanding,not mentioned,2,open,
Wiley,infomat,data_required,"12. Unique policies for data types
Please name all data types for which unique policies are required according to the RDP (Please separate all data types be semicolon, e.g. crystal structures; Protein sequence)",True,Language understanding,not mentioned,2,open,
Wiley,infomat,code_required,13. Code sharing requirements,True,Language understanding,Code sharing not mentioned.,2,multiple_choice,0.0
Wiley,infomat,code_reproducibility,14. Code Reproducibility,False,,No mention of dependencies for research code.,2,multiple_choice,0.0
Wiley,infomat,code_versioning,15. Versioning and persistent identifiers,False,,No mention of a persistent identifier or specifying a version of developed code.,2,multiple_choice,0.0
Wiley,infomat,code_quality,16. Code Quality Standards,False,,The journal policies do not mention any code quality standards.,2,multiple_choice,0.0
Wiley,infomat,code_autotest,17. Automatic Testing,False,,No mention of automatic testing to verify code functionality.,2,multiple_choice,0.0
Wiley,infomat,code_docs,18. Code Documentation,False,,No mention of standards for code documentation.,2,multiple_choice,0.0
Wiley,infomat,code_linting,19. Linting Standards,False,,No mention of linting standards for code.,2,multiple_choice,0.0
Wiley,infomat,code_development,20. Code Development,False,,No mention of standards for code development such as continuous integration.,2,multiple_choice,0.0
Wiley,chemistryselect,rdp_exist,1. Existence of research data policy,False,,Research Data Policy (RDP) exists.,2,multiple_choice,1.0
Wiley,chemistryselect,data_sharing,3. Data sharing requirements in RDP,False,,Data sharing encouraged but optional.,2,multiple_choice,0.0
Wiley,chemistryselect,data_fair,4. FAIR data sharing (see https://www.go-fair.org/fair-principles/ for a definition of FAIR),True,Text not found,Public data sharing on a FAIR repository encouraged.,2,multiple_choice,0.33
Wiley,chemistryselect,data_availability,2. Data availability statement,True,Text not found,Mentioned in the RDP but optional.,2,multiple_choice,0.5
Wiley,chemistryselect,data_citability,5. Citability and findability of data ,True,Text not found,DOIs or other persistent identifiers recommended for datasets or codes.,2,multiple_choice,0.5
Wiley,chemistryselect,data_timing,7. Timing of data release,True,Text not found,Timing of data availability not adressed in RDP.,2,multiple_choice,
Wiley,chemistryselect,data_sharing_method,8. Recommended data sharing method,True,Text not found,Multiple data sharing methods equally recommended in RDP.,2,multiple_choice,0.4
Wiley,chemistryselect,data_licenses,9. Recommended/required licenses,False,,No mention of data/code licenses in RDP.,2,multiple_choice,0.0
Wiley,chemistryselect,data_referee,10. Referee guidelines concerning research data,True,Language understanding,Data sharing policy not mentioned in refereeing guidelines.,2,multiple_choice,0.0
Wiley,chemistryselect,data_recommended,"11. Unique policies for data types
Please name all data types for which unique policies are recommended according to the RDP (Please separate all data types be semicolon, e.g. crystal structures; Protein sequence)",True,Language understanding,not mentioned,2,open,
Wiley,chemistryselect,data_required,"12. Unique policies for data types
Please name all data types for which unique policies are required according to the RDP (Please separate all data types be semicolon, e.g. crystal structures; Protein sequence)",True,Language understanding,not mentioned,2,open,
Wiley,chemistryselect,code_required,13. Code sharing requirements,True,Language understanding,Code sharing encouraged but optional.,2,multiple_choice,0.5
Wiley,chemistryselect,code_reproducibility,14. Code Reproducibility,False,,No mention of dependencies for research code.,2,multiple_choice,0.0
Wiley,chemistryselect,code_versioning,15. Versioning and persistent identifiers,False,,No mention of a persistent identifier or specifying a version of developed code.,2,multiple_choice,0.0
Wiley,chemistryselect,code_quality,16. Code Quality Standards,False,,The journal policies do not mention any code quality standards.,2,multiple_choice,0.0
Wiley,chemistryselect,code_autotest,17. Automatic Testing,False,,No mention of automatic testing to verify code functionality.,2,multiple_choice,0.0
Wiley,chemistryselect,code_docs,18. Code Documentation,False,,No mention of standards for code documentation.,2,multiple_choice,0.0
Wiley,chemistryselect,code_linting,19. Linting Standards,False,,No mention of linting standards for code.,2,multiple_choice,0.0
Wiley,chemistryselect,code_development,20. Code Development,False,,No mention of standards for code development such as continuous integration.,2,multiple_choice,0.0
Wiley,advanced_energy_materials,rdp_exist,1. Existence of research data policy,True,Text not found,Research Data Policy (RDP) exists.,2,multiple_choice,1.0
Wiley,advanced_energy_materials,data_sharing,3. Data sharing requirements in RDP,False,,Data sharing encouraged but optional.,2,multiple_choice,0.0
Wiley,advanced_energy_materials,data_fair,4. FAIR data sharing (see https://www.go-fair.org/fair-principles/ for a definition of FAIR),True,Text not found,Public data sharing on a FAIR repository encouraged.,2,multiple_choice,0.33
Wiley,advanced_energy_materials,data_availability,2. Data availability statement,False,,Mentioned in the RDP but optional.,2,multiple_choice,0.5
Wiley,advanced_energy_materials,data_citability,5. Citability and findability of data ,True,Text not found,DOIs or other persistent identifiers recommended for datasets or codes.,2,multiple_choice,0.5
Wiley,advanced_energy_materials,data_timing,7. Timing of data release,False,,Timing of data availability not adressed in RDP.,2,multiple_choice,
Wiley,advanced_energy_materials,data_sharing_method,8. Recommended data sharing method,True,Text not found,Multiple data sharing methods equally recommended in RDP.,2,multiple_choice,0.4
Wiley,advanced_energy_materials,data_licenses,9. Recommended/required licenses,False,,No mention of data/code licenses in RDP.,2,multiple_choice,0.0
Wiley,advanced_energy_materials,data_referee,10. Referee guidelines concerning research data,False,,Data sharing policy not mentioned in refereeing guidelines.,2,multiple_choice,0.0
Wiley,advanced_energy_materials,data_recommended,"11. Unique policies for data types
Please name all data types for which unique policies are recommended according to the RDP (Please separate all data types be semicolon, e.g. crystal structures; Protein sequence)",True,Language understanding,not mentioned,2,open,
Wiley,advanced_energy_materials,data_required,"12. Unique policies for data types
Please name all data types for which unique policies are required according to the RDP (Please separate all data types be semicolon, e.g. crystal structures; Protein sequence)",True,Language understanding,not mentioned,2,open,
Wiley,advanced_energy_materials,code_required,13. Code sharing requirements,True,Language understanding,Code sharing not mentioned.,2,multiple_choice,0.0
Wiley,advanced_energy_materials,code_reproducibility,14. Code Reproducibility,False,,No mention of dependencies for research code.,2,multiple_choice,0.0
Wiley,advanced_energy_materials,code_versioning,15. Versioning and persistent identifiers,False,,No mention of a persistent identifier or specifying a version of developed code.,2,multiple_choice,0.0
Wiley,advanced_energy_materials,code_quality,16. Code Quality Standards,False,,The journal policies do not mention any code quality standards.,2,multiple_choice,0.0
Wiley,advanced_energy_materials,code_autotest,17. Automatic Testing,False,,No mention of automatic testing to verify code functionality.,2,multiple_choice,0.0
Wiley,advanced_energy_materials,code_docs,18. Code Documentation,False,,No mention of standards for code documentation.,2,multiple_choice,0.0
Wiley,advanced_energy_materials,code_linting,19. Linting Standards,False,,No mention of linting standards for code.,2,multiple_choice,0.0
Wiley,advanced_energy_materials,code_development,20. Code Development,False,,No mention of standards for code development such as continuous integration.,2,multiple_choice,0.0
Wiley,advanced_functional_materials,rdp_exist,1. Existence of research data policy,True,Text not found,Research Data Policy (RDP) exists.,2,multiple_choice,1.0
Wiley,advanced_functional_materials,data_sharing,3. Data sharing requirements in RDP,False,,Data sharing encouraged but optional.,2,multiple_choice,0.0
Wiley,advanced_functional_materials,data_fair,4. FAIR data sharing (see https://www.go-fair.org/fair-principles/ for a definition of FAIR),True,Text not found,Public data sharing on a FAIR repository encouraged.,2,multiple_choice,0.33
Wiley,advanced_functional_materials,data_availability,2. Data availability statement,False,,Mentioned in the RDP but optional.,2,multiple_choice,0.5
Wiley,advanced_functional_materials,data_citability,5. Citability and findability of data ,True,Text not found,DOIs or other persistent identifiers recommended for datasets or codes.,2,multiple_choice,0.5
Wiley,advanced_functional_materials,data_timing,7. Timing of data release,False,,Timing of data availability not adressed in RDP.,2,multiple_choice,
Wiley,advanced_functional_materials,data_sharing_method,8. Recommended data sharing method,True,Text not found,Multiple data sharing methods equally recommended in RDP.,2,multiple_choice,0.4
Wiley,advanced_functional_materials,data_licenses,9. Recommended/required licenses,False,,No mention of data/code licenses in RDP.,2,multiple_choice,0.0
Wiley,advanced_functional_materials,data_referee,10. Referee guidelines concerning research data,False,,Data sharing policy not mentioned in refereeing guidelines.,2,multiple_choice,0.0
Wiley,advanced_functional_materials,data_recommended,"11. Unique policies for data types
Please name all data types for which unique policies are recommended according to the RDP (Please separate all data types be semicolon, e.g. crystal structures; Protein sequence)",True,Language understanding,not mentioned,2,open,
Wiley,advanced_functional_materials,data_required,"12. Unique policies for data types
Please name all data types for which unique policies are required according to the RDP (Please separate all data types be semicolon, e.g. crystal structures; Protein sequence)",True,Language understanding,not mentioned,2,open,
Wiley,advanced_functional_materials,code_required,13. Code sharing requirements,True,Language understanding,Code sharing not mentioned.,2,multiple_choice,0.0
Wiley,advanced_functional_materials,code_reproducibility,14. Code Reproducibility,False,,No mention of dependencies for research code.,2,multiple_choice,0.0
Wiley,advanced_functional_materials,code_versioning,15. Versioning and persistent identifiers,False,,No mention of a persistent identifier or specifying a version of developed code.,2,multiple_choice,0.0
Wiley,advanced_functional_materials,code_quality,16. Code Quality Standards,False,,The journal policies do not mention any code quality standards.,2,multiple_choice,0.0
Wiley,advanced_functional_materials,code_autotest,17. Automatic Testing,False,,No mention of automatic testing to verify code functionality.,2,multiple_choice,0.0
Wiley,advanced_functional_materials,code_docs,18. Code Documentation,False,,No mention of standards for code documentation.,2,multiple_choice,0.0
Wiley,advanced_functional_materials,code_linting,19. Linting Standards,False,,No mention of linting standards for code.,2,multiple_choice,0.0
Wiley,advanced_functional_materials,code_development,20. Code Development,False,,No mention of standards for code development such as continuous integration.,2,multiple_choice,0.0
Wiley,ce-papers,rdp_exist,1. Existence of research data policy,True,Text not found,Research Data Policy (RDP) exists.,2,multiple_choice,1.0
Wiley,ce-papers,data_sharing,3. Data sharing requirements in RDP,True,Text not found,Data sharing encouraged but optional.,2,multiple_choice,0.0
Wiley,ce-papers,data_fair,4. FAIR data sharing (see https://www.go-fair.org/fair-principles/ for a definition of FAIR),True,Text not found,Public data sharing on a FAIR repository encouraged.,2,multiple_choice,0.33
Wiley,ce-papers,data_availability,2. Data availability statement,True,Text not found,Mentioned in the RDP but optional.,2,multiple_choice,0.5
Wiley,ce-papers,data_citability,5. Citability and findability of data ,True,Text not found,DOIs or other persistent identifiers recommended for datasets or codes.,2,multiple_choice,0.5
Wiley,ce-papers,data_timing,7. Timing of data release,False,,Timing of data availability not adressed in RDP.,2,multiple_choice,
Wiley,ce-papers,data_sharing_method,8. Recommended data sharing method,True,Text not found,Multiple data sharing methods equally recommended in RDP.,2,multiple_choice,0.4
Wiley,ce-papers,data_licenses,9. Recommended/required licenses,False,,No mention of data/code licenses in RDP.,2,multiple_choice,0.0
Wiley,ce-papers,data_referee,10. Referee guidelines concerning research data,False,,Data sharing policy not mentioned in refereeing guidelines.,2,multiple_choice,0.0
Wiley,ce-papers,data_recommended,"11. Unique policies for data types
Please name all data types for which unique policies are recommended according to the RDP (Please separate all data types be semicolon, e.g. crystal structures; Protein sequence)",True,Text not found,not mentioned,2,open,
Wiley,ce-papers,data_required,"12. Unique policies for data types
Please name all data types for which unique policies are required according to the RDP (Please separate all data types be semicolon, e.g. crystal structures; Protein sequence)",True,Text not found,not mentioned,2,open,
Wiley,ce-papers,code_required,13. Code sharing requirements,False,,Code sharing not mentioned.,2,multiple_choice,0.0
Wiley,ce-papers,code_reproducibility,14. Code Reproducibility,False,,No mention of dependencies for research code.,2,multiple_choice,0.0
Wiley,ce-papers,code_versioning,15. Versioning and persistent identifiers,False,,No mention of a persistent identifier or specifying a version of developed code.,2,multiple_choice,0.0
Wiley,ce-papers,code_quality,16. Code Quality Standards,False,,The journal policies do not mention any code quality standards.,2,multiple_choice,0.0
Wiley,ce-papers,code_autotest,17. Automatic Testing,False,,No mention of automatic testing to verify code functionality.,2,multiple_choice,0.0
Wiley,ce-papers,code_docs,18. Code Documentation,False,,No mention of standards for code documentation.,2,multiple_choice,0.0
Wiley,ce-papers,code_linting,19. Linting Standards,False,,No mention of linting standards for code.,2,multiple_choice,0.0
Wiley,ce-papers,code_development,20. Code Development,False,,No mention of standards for code development such as continuous integration.,2,multiple_choice,0.0
Wiley,angewandte_chemie,rdp_exist,1. Existence of research data policy,False,,Research Data Policy (RDP) exists.,2,multiple_choice,1.0
Wiley,angewandte_chemie,data_sharing,3. Data sharing requirements in RDP,False,,Data sharing encouraged but optional.,2,multiple_choice,0.0
Wiley,angewandte_chemie,data_fair,4. FAIR data sharing (see https://www.go-fair.org/fair-principles/ for a definition of FAIR),True,Text not found,Public data sharing on a FAIR repository encouraged.,2,multiple_choice,0.33
Wiley,angewandte_chemie,data_availability,2. Data availability statement,True,Text not found,Mentioned in the RDP but optional.,2,multiple_choice,0.5
Wiley,angewandte_chemie,data_citability,5. Citability and findability of data ,True,Text not found,DOIs or other persistent identifiers recommended for datasets or codes.,2,multiple_choice,0.5
Wiley,angewandte_chemie,data_timing,7. Timing of data release,True,Text not found,Timing of data availability not adressed in RDP.,2,multiple_choice,
Wiley,angewandte_chemie,data_sharing_method,8. Recommended data sharing method,True,Text not found,Multiple data sharing methods equally recommended in RDP.,2,multiple_choice,0.4
Wiley,angewandte_chemie,data_licenses,9. Recommended/required licenses,False,,No mention of data/code licenses in RDP.,2,multiple_choice,0.0
Wiley,angewandte_chemie,data_referee,10. Referee guidelines concerning research data,True,Language understanding,Data sharing policy not mentioned in refereeing guidelines.,2,multiple_choice,0.0
Wiley,angewandte_chemie,data_recommended,"11. Unique policies for data types
Please name all data types for which unique policies are recommended according to the RDP (Please separate all data types be semicolon, e.g. crystal structures; Protein sequence)",True,Language understanding,not mentioned,2,open,
Wiley,angewandte_chemie,data_required,"12. Unique policies for data types
Please name all data types for which unique policies are required according to the RDP (Please separate all data types be semicolon, e.g. crystal structures; Protein sequence)",True,Language understanding,not mentioned,2,open,
Wiley,angewandte_chemie,code_required,13. Code sharing requirements,True,Language understanding,Code sharing encouraged but optional.,2,multiple_choice,0.5
Wiley,angewandte_chemie,code_reproducibility,14. Code Reproducibility,False,,No mention of dependencies for research code.,2,multiple_choice,0.0
Wiley,angewandte_chemie,code_versioning,15. Versioning and persistent identifiers,False,,No mention of a persistent identifier or specifying a version of developed code.,2,multiple_choice,0.0
Wiley,angewandte_chemie,code_quality,16. Code Quality Standards,False,,The journal policies do not mention any code quality standards.,2,multiple_choice,0.0
Wiley,angewandte_chemie,code_autotest,17. Automatic Testing,False,,No mention of automatic testing to verify code functionality.,2,multiple_choice,0.0
Wiley,angewandte_chemie,code_docs,18. Code Documentation,False,,No mention of standards for code documentation.,2,multiple_choice,0.0
Wiley,angewandte_chemie,code_linting,19. Linting Standards,False,,No mention of linting standards for code.,2,multiple_choice,0.0
Wiley,angewandte_chemie,code_development,20. Code Development,False,,No mention of standards for code development such as continuous integration.,2,multiple_choice,0.0
Wiley,chemistry_a_european_journal,rdp_exist,1. Existence of research data policy,False,,Research Data Policy (RDP) exists.,2,multiple_choice,1.0
Wiley,chemistry_a_european_journal,data_sharing,3. Data sharing requirements in RDP,False,,Data sharing encouraged but optional.,2,multiple_choice,0.0
Wiley,chemistry_a_european_journal,data_fair,4. FAIR data sharing (see https://www.go-fair.org/fair-principles/ for a definition of FAIR),True,Text not found,Public data sharing on a FAIR repository encouraged.,2,multiple_choice,0.33
Wiley,chemistry_a_european_journal,data_availability,2. Data availability statement,True,Text not found,Mentioned in the RDP but optional.,2,multiple_choice,0.5
Wiley,chemistry_a_european_journal,data_citability,5. Citability and findability of data ,True,Text not found,DOIs or other persistent identifiers recommended for datasets or codes.,2,multiple_choice,0.5
Wiley,chemistry_a_european_journal,data_timing,7. Timing of data release,True,Text not found,Timing of data availability not adressed in RDP.,2,multiple_choice,
Wiley,chemistry_a_european_journal,data_sharing_method,8. Recommended data sharing method,True,Text not found,Multiple data sharing methods equally recommended in RDP.,2,multiple_choice,0.4
Wiley,chemistry_a_european_journal,data_licenses,9. Recommended/required licenses,False,,No mention of data/code licenses in RDP.,2,multiple_choice,0.0
Wiley,chemistry_a_european_journal,data_referee,10. Referee guidelines concerning research data,True,Language understanding,Data sharing policy not mentioned in refereeing guidelines.,2,multiple_choice,0.0
Wiley,chemistry_a_european_journal,data_recommended,"11. Unique policies for data types
Please name all data types for which unique policies are recommended according to the RDP (Please separate all data types be semicolon, e.g. crystal structures; Protein sequence)",True,Language understanding,not mentioned,2,open,
Wiley,chemistry_a_european_journal,data_required,"12. Unique policies for data types
Please name all data types for which unique policies are required according to the RDP (Please separate all data types be semicolon, e.g. crystal structures; Protein sequence)",True,Language understanding,not mentioned,2,open,
Wiley,chemistry_a_european_journal,code_required,13. Code sharing requirements,True,Language understanding,Code sharing encouraged but optional.,2,multiple_choice,0.5
Wiley,chemistry_a_european_journal,code_reproducibility,14. Code Reproducibility,False,,No mention of dependencies for research code.,2,multiple_choice,0.0
Wiley,chemistry_a_european_journal,code_versioning,15. Versioning and persistent identifiers,False,,No mention of a persistent identifier or specifying a version of developed code.,2,multiple_choice,0.0
Wiley,chemistry_a_european_journal,code_quality,16. Code Quality Standards,False,,The journal policies do not mention any code quality standards.,2,multiple_choice,0.0
Wiley,chemistry_a_european_journal,code_autotest,17. Automatic Testing,False,,No mention of automatic testing to verify code functionality.,2,multiple_choice,0.0
Wiley,chemistry_a_european_journal,code_docs,18. Code Documentation,False,,No mention of standards for code documentation.,2,multiple_choice,0.0
Wiley,chemistry_a_european_journal,code_linting,19. Linting Standards,False,,No mention of linting standards for code.,2,multiple_choice,0.0
Wiley,chemistry_a_european_journal,code_development,20. Code Development,False,,No mention of standards for code development such as continuous integration.,2,multiple_choice,0.0
Wiley,angewandte_chemie_international_edition,rdp_exist,1. Existence of research data policy,False,,Research Data Policy (RDP) exists.,2,multiple_choice,1.0
Wiley,angewandte_chemie_international_edition,data_sharing,3. Data sharing requirements in RDP,False,,Data sharing encouraged but optional.,2,multiple_choice,0.0
Wiley,angewandte_chemie_international_edition,data_fair,4. FAIR data sharing (see https://www.go-fair.org/fair-principles/ for a definition of FAIR),True,Text not found,Public data sharing on a FAIR repository encouraged.,2,multiple_choice,0.33
Wiley,angewandte_chemie_international_edition,data_availability,2. Data availability statement,True,Text not found,Mentioned in the RDP but optional.,2,multiple_choice,0.5
Wiley,angewandte_chemie_international_edition,data_citability,5. Citability and findability of data ,True,Text not found,DOIs or other persistent identifiers recommended for datasets or codes.,2,multiple_choice,0.5
Wiley,angewandte_chemie_international_edition,data_timing,7. Timing of data release,True,Text not found,Timing of data availability not adressed in RDP.,2,multiple_choice,
Wiley,angewandte_chemie_international_edition,data_sharing_method,8. Recommended data sharing method,True,Text not found,Multiple data sharing methods equally recommended in RDP.,2,multiple_choice,0.4
Wiley,angewandte_chemie_international_edition,data_licenses,9. Recommended/required licenses,False,,No mention of data/code licenses in RDP.,2,multiple_choice,0.0
Wiley,angewandte_chemie_international_edition,data_referee,10. Referee guidelines concerning research data,True,Language understanding,Data sharing policy not mentioned in refereeing guidelines.,2,multiple_choice,0.0
Wiley,angewandte_chemie_international_edition,data_recommended,"11. Unique policies for data types
Please name all data types for which unique policies are recommended according to the RDP (Please separate all data types be semicolon, e.g. crystal structures; Protein sequence)",True,Language understanding,not mentioned,2,open,
Wiley,angewandte_chemie_international_edition,data_required,"12. Unique policies for data types
Please name all data types for which unique policies are required according to the RDP (Please separate all data types be semicolon, e.g. crystal structures; Protein sequence)",True,Language understanding,not mentioned,2,open,
Wiley,angewandte_chemie_international_edition,code_required,13. Code sharing requirements,True,Language understanding,Code sharing encouraged but optional.,2,multiple_choice,0.5
Wiley,angewandte_chemie_international_edition,code_reproducibility,14. Code Reproducibility,False,,No mention of dependencies for research code.,2,multiple_choice,0.0
Wiley,angewandte_chemie_international_edition,code_versioning,15. Versioning and persistent identifiers,False,,No mention of a persistent identifier or specifying a version of developed code.,2,multiple_choice,0.0
Wiley,angewandte_chemie_international_edition,code_quality,16. Code Quality Standards,False,,The journal policies do not mention any code quality standards.,2,multiple_choice,0.0
Wiley,angewandte_chemie_international_edition,code_autotest,17. Automatic Testing,False,,No mention of automatic testing to verify code functionality.,2,multiple_choice,0.0
Wiley,angewandte_chemie_international_edition,code_docs,18. Code Documentation,False,,No mention of standards for code documentation.,2,multiple_choice,0.0
Wiley,angewandte_chemie_international_edition,code_linting,19. Linting Standards,False,,No mention of linting standards for code.,2,multiple_choice,0.0
Wiley,angewandte_chemie_international_edition,code_development,20. Code Development,False,,No mention of standards for code development such as continuous integration.,2,multiple_choice,0.0
Wiley,chirality,rdp_exist,1. Existence of research data policy,False,,Research Data Policy (RDP) exists.,2,multiple_choice,1.0
Wiley,chirality,data_sharing,3. Data sharing requirements in RDP,True,Text not found,Public data sharing required only for specific types of data.,2,multiple_choice,0.75
Wiley,chirality,data_fair,4. FAIR data sharing (see https://www.go-fair.org/fair-principles/ for a definition of FAIR),True,Text not found,Public data sharing on a FAIR repository required only for specific types of data (e.g. genetic data has to be shared on a FAIR repository but no other data).,2,multiple_choice,0.66
Wiley,chirality,data_availability,2. Data availability statement,True,Text not found,Required according to the RDP.,2,multiple_choice,1.0
Wiley,chirality,data_citability,5. Citability and findability of data ,True,Text not found,DOIs or other persistent identifiers required for datasets or codes.,2,multiple_choice,1.0
Wiley,chirality,data_timing,7. Timing of data release,True,Text not found,Required data must be available after official publication.,2,multiple_choice,0.5
Wiley,chirality,data_sharing_method,8. Recommended data sharing method,True,Text not found,Public online repositories recommended in RDP.,2,multiple_choice,0.8
Wiley,chirality,data_licenses,9. Recommended/required licenses,False,,No mention of data/code licenses in RDP.,2,multiple_choice,0.0
Wiley,chirality,data_referee,10. Referee guidelines concerning research data,False,,Data sharing policy not mentioned in refereeing guidelines.,2,multiple_choice,0.0
Wiley,chirality,data_recommended,"11. Unique policies for data types
Please name all data types for which unique policies are recommended according to the RDP (Please separate all data types be semicolon, e.g. crystal structures; Protein sequence)",True,Language understanding,not mentioned,2,open,
Wiley,chirality,data_required,"12. Unique policies for data types
Please name all data types for which unique policies are required according to the RDP (Please separate all data types be semicolon, e.g. crystal structures; Protein sequence)",True,Language understanding,not mentioned,2,open,
Wiley,chirality,code_required,13. Code sharing requirements,False,,Code sharing not mentioned.,2,multiple_choice,0.0
Wiley,chirality,code_reproducibility,14. Code Reproducibility,False,,No mention of dependencies for research code.,2,multiple_choice,0.0
Wiley,chirality,code_versioning,15. Versioning and persistent identifiers,False,,No mention of a persistent identifier or specifying a version of developed code.,2,multiple_choice,0.0
Wiley,chirality,code_quality,16. Code Quality Standards,False,,The journal policies do not mention any code quality standards.,2,multiple_choice,0.0
Wiley,chirality,code_autotest,17. Automatic Testing,False,,No mention of automatic testing to verify code functionality.,2,multiple_choice,0.0
Wiley,chirality,code_docs,18. Code Documentation,False,,No mention of standards for code documentation.,2,multiple_choice,0.0
Wiley,chirality,code_linting,19. Linting Standards,False,,No mention of linting standards for code.,2,multiple_choice,0.0
Wiley,chirality,code_development,20. Code Development,False,,No mention of standards for code development such as continuous integration.,2,multiple_choice,0.0
codata,data_science_journal,rdp_exist,1. Existence of research data policy,False,,Research Data Policy (RDP) exists.,2,multiple_choice,1.0
codata,data_science_journal,data_sharing,3. Data sharing requirements in RDP,False,,Data sharing encouraged but optional.,2,multiple_choice,0.0
codata,data_science_journal,data_fair,4. FAIR data sharing (see https://www.go-fair.org/fair-principles/ for a definition of FAIR),False,,Public data sharing on a FAIR repository encouraged.,2,multiple_choice,0.33
codata,data_science_journal,data_availability,2. Data availability statement,False,,Required according to the RDP.,2,multiple_choice,1.0
codata,data_science_journal,data_citability,5. Citability and findability of data ,False,,DOIs or other persistent identifiers recommended for datasets or codes.,2,multiple_choice,0.5
codata,data_science_journal,data_timing,7. Timing of data release,True,Language understanding,Required data must be available after official publication.,2,multiple_choice,0.5
codata,data_science_journal,data_sharing_method,8. Recommended data sharing method,False,,Public online repositories recommended in RDP.,2,multiple_choice,0.8
codata,data_science_journal,data_licenses,9. Recommended/required licenses,True,Text not found,Explicit mention of a certain license/license type in RDP.,2,multiple_choice,
codata,data_science_journal,data_referee,10. Referee guidelines concerning research data,True,Text not found,Confirmation of shared data or code by referee required.,2,multiple_choice,0.66
codata,data_science_journal,data_recommended,"11. Unique policies for data types
Please name all data types for which unique policies are recommended according to the RDP (Please separate all data types be semicolon, e.g. crystal structures; Protein sequence)",True,Formatting,A list of data repositories is available at http://oad.simmons.edu/oadwiki/Data_repositories. (https://datascience.codata.org/about/reproducibility),2,open,
codata,data_science_journal,data_required,"12. Unique policies for data types
Please name all data types for which unique policies are required according to the RDP (Please separate all data types be semicolon, e.g. crystal structures; Protein sequence)",True,Formatting,not mentioned,2,open,
codata,data_science_journal,code_required,13. Code sharing requirements,False,,Code sharing encouraged but optional.,2,multiple_choice,0.5
codata,data_science_journal,code_reproducibility,14. Code Reproducibility,False,,Journal policies encourage/recommend stating all dependencies and their versions that were used to run computational experiments.,2,multiple_choice,0.25
codata,data_science_journal,code_versioning,15. Versioning and persistent identifiers,False,,Journal policies encourage/recommend a persistent identifier or specifying a version of developed code.,2,multiple_choice,0.5
codata,data_science_journal,code_quality,16. Code Quality Standards,False,,The journal policies do not mention any code quality standards.,2,multiple_choice,0.0
codata,data_science_journal,code_autotest,17. Automatic Testing,False,,No mention of automatic testing to verify code functionality.,2,multiple_choice,0.0
codata,data_science_journal,code_docs,18. Code Documentation,False,,No mention of standards for code documentation.,2,multiple_choice,0.0
codata,data_science_journal,code_linting,19. Linting Standards,False,,No mention of linting standards for code.,2,multiple_choice,0.0
codata,data_science_journal,code_development,20. Code Development,False,,No mention of standards for code development such as continuous integration.,2,multiple_choice,0.0
open journals,journal_of_open_source_software_(joss),rdp_exist,1. Existence of research data policy,False,,Research Data Policy (RDP) exists.,2,multiple_choice,1.0
open journals,journal_of_open_source_software_(joss),data_sharing,3. Data sharing requirements in RDP,True,Text not found,Public data sharing of all data required.,2,multiple_choice,1.0
open journals,journal_of_open_source_software_(joss),data_fair,4. FAIR data sharing (see https://www.go-fair.org/fair-principles/ for a definition of FAIR),True,Text not found,Public data sharing of all data on a FAIR repository required.,2,multiple_choice,1.0
open journals,journal_of_open_source_software_(joss),data_availability,2. Data availability statement,True,Text not found,Required according to the RDP.,2,multiple_choice,1.0
open journals,journal_of_open_source_software_(joss),data_citability,5. Citability and findability of data ,False,,DOIs or other persistent identifiers required for datasets or codes.,2,multiple_choice,1.0
open journals,journal_of_open_source_software_(joss),data_timing,7. Timing of data release,True,Text not found,Required data must be available prior to review process.,2,multiple_choice,1.0
open journals,journal_of_open_source_software_(joss),data_sharing_method,8. Recommended data sharing method,False,,Public online repositories recommended in RDP.,2,multiple_choice,0.8
open journals,journal_of_open_source_software_(joss),data_licenses,9. Recommended/required licenses,True,Text not found,Open access license required for shared data.,2,multiple_choice,
open journals,journal_of_open_source_software_(joss),data_referee,10. Referee guidelines concerning research data,False,,Confirmation of shared data or code by referee required.,2,multiple_choice,0.66
open journals,journal_of_open_source_software_(joss),data_recommended,"11. Unique policies for data types
Please name all data types for which unique policies are recommended according to the RDP (Please separate all data types be semicolon, e.g. crystal structures; Protein sequence)",True,Formatting,Not mentioned,2,open,
open journals,journal_of_open_source_software_(joss),data_required,"12. Unique policies for data types
Please name all data types for which unique policies are required according to the RDP (Please separate all data types be semicolon, e.g. crystal structures; Protein sequence)",True,Formatting,,2,open,
open journals,journal_of_open_source_software_(joss),code_required,13. Code sharing requirements,False,,Code sharing required.,2,multiple_choice,1.0
open journals,journal_of_open_source_software_(joss),code_reproducibility,14. Code Reproducibility,True,Language understanding,Journal policies require stating all dependencies and their versions that were used to run computational experiments.,2,multiple_choice,0.5
open journals,journal_of_open_source_software_(joss),code_versioning,15. Versioning and persistent identifiers,False,,Journal policies require a persistent identifier or specifying a version of developed code.,2,multiple_choice,1.0
open journals,journal_of_open_source_software_(joss),code_quality,16. Code Quality Standards,True,Text not found,The journal policies specify criteria for referees to asses the quality of code.,2,multiple_choice,
open journals,journal_of_open_source_software_(joss),code_autotest,17. Automatic Testing,True,Text not found,The journal policies encourage/recommend automatic testing to verify code functionality.,2,multiple_choice,0.5
open journals,journal_of_open_source_software_(joss),code_docs,18. Code Documentation,False,,The journal policies require documentation of code.,2,multiple_choice,1.0
open journals,journal_of_open_source_software_(joss),code_linting,19. Linting Standards,True,Text not found,The journal policies encourage/recommend linting standards for code.,2,multiple_choice,0.5
open journals,journal_of_open_source_software_(joss),code_development,20. Code Development,False,,The journal policies encourage/recommend standards for code development such as continuous integration.,2,multiple_choice,0.5
